Date,JPM,SPY,TLT,GLD,JNJ,AAPL,XOM,KO
2016-01-04,48.18406295776367,169.47152709960938,90.64977264404297,102.88999938964844,75.33753967285156,23.709102630615234,49.319618225097656,30.55597686767578
2016-01-05,48.26737594604492,169.75816345214844,90.28406524658203,103.18000030517578,75.6524658203125,23.11496925354004,49.739830017089844,30.66407012939453
2016-01-06,47.570594787597656,167.61680603027344,91.50067138671875,104.66999816894531,75.27005767822266,22.66261863708496,49.32598876953125,30.498310089111328
2016-01-07,45.64686965942383,163.59544372558594,91.66487884521484,106.1500015258789,74.39282989501953,21.706146240234375,48.53648376464844,29.99386215209961
2016-01-08,44.624420166015625,161.7996826171875,92.07542419433594,105.68000030517578,73.59805297851562,21.820924758911133,47.55592727661133,29.914583206176758
2016-01-11,44.556251525878906,161.9599151611328,91.06776428222656,104.73999786376953,73.15570831298828,22.17425537109375,46.919219970703125,29.96503257751465
2016-01-12,44.65472412109375,163.2666473388672,92.3814468383789,104.20999908447266,73.65805053710938,22.49607276916504,47.88064193725586,30.354177474975586
2016-01-13,43.427772521972656,159.19464111328125,93.2920150756836,104.72000122070312,72.74333190917969,21.91769027709961,48.16715621948242,30.15960121154785
2016-01-14,44.079105377197266,161.80821228027344,92.4188003540039,103.0199966430664,74.1453857421875,22.397058486938477,50.37654495239258,30.18123435974121
2016-01-15,43.2005500793457,158.33474731445312,93.85931396484375,104.08000183105469,72.72832489013672,21.85918617248535,49.39602279663086,29.907386779785156
2016-01-19,43.17782974243164,158.54554748535156,93.56822204589844,103.9800033569336,73.10322570800781,21.75341033935547,48.64469909667969,30.21006202697754
2016-01-20,42.041770935058594,156.51376342773438,94.55342864990234,105.37000274658203,71.79109954833984,21.782672882080078,46.59449768066406,29.820903778076172
2016-01-21,41.8448486328125,157.39053344726562,93.91155242919922,105.48999786376953,71.93356323242188,21.672395706176758,47.18027877807617,29.828100204467773
2016-01-22,43.132389068603516,160.6194610595703,93.55326080322266,105.0,72.54088592529297,22.824647903442383,48.75296401977539,30.31093978881836
2016-01-25,42.15536880493164,158.19142150878906,94.06084442138672,106.08000183105469,72.2784652709961,22.379056930541992,47.10386276245117,30.383010864257812
2016-01-26,43.2308464050293,160.34963989257812,94.10562896728516,107.29000091552734,75.86238861083984,22.502824783325195,48.835723876953125,30.32536506652832
2016-01-27,43.2005500793457,158.6045379638672,94.08319854736328,107.69000244140625,76.59718322753906,21.024255752563477,47.93795394897461,30.332563400268555
2016-01-28,43.38231658935547,159.43075561523438,94.21749114990234,106.54000091552734,76.67962646484375,21.175029754638672,49.020362854003906,30.678478240966797
2016-01-29,45.06369400024414,163.31716918945312,95.0162353515625,106.94999694824219,78.30664825439453,21.906444549560547,49.56793212890625,30.93071746826172
2016-02-01,44.5789794921875,163.2582244873047,94.7253646850586,108.05000305175781,78.2541732788086,21.701650619506836,48.57466506958008,30.988372802734375
2016-02-02,43.19297409057617,160.31593322753906,96.482666015625,108.08999633789062,77.53438568115234,21.262800216674805,47.49226379394531,30.584796905517578
2016-02-03,43.480777740478516,161.27700805664062,95.68248748779297,109.25,78.08172607421875,21.683645248413086,49.96904754638672,30.786579132080078
2016-02-04,44.23058319091797,161.5299530029297,96.14613342285156,110.56999969482422,77.90178680419922,21.857873916625977,50.8286247253418,30.649654388427734
2016-02-05,43.73829650878906,158.45274353027344,96.25828552246094,112.31999969482422,75.38251495361328,21.274093627929688,50.9878044128418,30.584796905517578
2016-02-08,42.821868896484375,156.31980895996094,98.32979583740234,113.83000183105469,76.47721862792969,21.49810028076172,51.67544937133789,30.736141204833984
2016-02-09,42.56435775756836,156.32826232910156,98.43446350097656,113.58000183105469,76.4547119140625,21.493581771850586,51.45058059692383,31.204570770263672
2016-02-10,42.04935073852539,156.1934051513672,99.30191802978516,114.45999908447266,76.2747573852539,21.33066177368164,50.981544494628906,30.66407012939453
2016-02-11,40.19378662109375,154.16159057617188,99.99740600585938,119.05999755859375,76.25228118896484,21.201688766479492,51.14219284057617,30.56317901611328
2016-02-12,43.541358947753906,157.33995056152344,98.33729553222656,118.36000061035156,76.34224700927734,21.267301559448242,52.06095504760742,31.067644119262695
2016-02-16,44.192710876464844,159.99557495117188,97.2977523803711,114.7699966430664,76.71713256835938,21.866926193237305,52.183006286621094,31.247800827026367
2016-02-17,44.51081466674805,162.6090850830078,96.69951629638672,115.4800033569336,76.85208892822266,22.201807022094727,52.68415069580078,31.34149169921875
2016-02-18,43.783729553222656,161.94297790527344,97.8885269165039,118.29000091552734,78.15672302246094,21.780941009521484,52.9732666015625,31.42796516418457
2016-02-19,43.79130935668945,161.86720275878906,97.9708023071289,117.58000183105469,78.66271209716797,21.73116111755371,53.005409240722656,31.543277740478516
2016-02-22,44.35933303833008,164.2108612060547,97.91846466064453,115.48999786376953,79.10826110839844,21.921232223510742,52.934730529785156,31.665775299072266
2016-02-23,42.50376510620117,162.136962890625,98.31478881835938,117.22000122070312,78.60228729248047,21.425687789916992,52.18942642211914,31.48562240600586
2016-02-24,42.518917083740234,162.87887573242188,98.12041473388672,117.61000061035156,79.26688385009766,21.744735717773438,52.3757438659668,31.644174575805664
2016-02-25,43.17782974243164,164.8516082763672,98.4718246459961,117.91999816894531,80.3392562866211,21.89407730102539,52.69058609008789,31.82433319091797
2016-02-26,43.5792350769043,164.47222900390625,97.52214050292969,117.11000061035156,79.88613891601562,21.92801856994629,52.52351379394531,31.089269638061523
2016-02-29,42.64009094238281,163.18235778808594,97.94837188720703,118.63999938964844,79.45567321777344,21.878238677978516,51.49555969238281,31.08204460144043
2016-03-01,44.83647537231445,167.01824951171875,96.22364807128906,117.7699966430664,80.97364044189453,22.747119903564453,52.221561431884766,31.48562240600586
2016-03-02,45.26060104370117,167.76858520507812,96.62074279785156,118.68000030517578,80.83769989013672,22.79690170288086,53.13388442993164,31.543277740478516
2016-03-03,45.41209411621094,168.42617797851562,96.97288513183594,120.7300033569336,80.54317474365234,22.966602325439453,52.941162109375,31.680194854736328
2016-03-04,45.48023986816406,168.97413635253906,96.35104370117188,120.54000091552734,80.42988586425781,23.30828094482422,52.87046432495117,31.788293838500977
2016-03-07,45.396934509277344,169.10897827148438,96.321044921875,121.13999938964844,80.61112213134766,23.050329208374023,54.26467514038086,31.71622657775879
2016-03-08,44.51837921142578,167.26272583007812,97.38494110107422,120.58000183105469,80.21842193603516,22.860260009765625,53.08893966674805,31.939634323120117
2016-03-09,44.77588653564453,168.0889434814453,96.7930679321289,119.58000183105469,80.68665313720703,22.880626678466797,52.941162109375,32.29276657104492
2016-03-10,44.38963317871094,168.2238006591797,96.39595031738281,121.5,80.9132080078125,22.891935348510742,52.79981231689453,32.59545135498047
2016-03-11,44.9425163269043,170.9384002685547,95.42195892333984,119.41000366210938,81.34369659423828,23.138580322265625,52.80624771118164,32.827850341796875
2016-03-14,44.77588653564453,170.71929931640625,95.72169494628906,117.87000274658203,81.3059310913086,23.197404861450195,52.947574615478516,32.893218994140625
2016-03-15,44.83647537231445,170.44100952148438,95.81155395507812,117.95999908447266,81.38142395019531,23.663528442382812,53.21100997924805,32.856895446777344
2016-03-16,44.624420166015625,171.4274139404297,96.09628295898438,120.58999633789062,81.11715698242188,23.978044509887695,53.24311447143555,32.718902587890625
2016-03-17,44.49565887451172,172.5149688720703,96.49337005615234,120.12999725341797,80.61112213134766,23.9395751953125,54.03337860107422,33.241825103759766
2016-03-18,45.805908203125,173.19290161132812,96.69562530517578,119.80000305175781,81.18509674072266,23.966726303100586,54.097633361816406,33.11835861206055
2016-03-21,45.790767669677734,173.43869018554688,95.95392608642578,118.95999908447266,81.01895141601562,23.96446418762207,53.724998474121094,33.16920471191406
2016-03-22,45.62415313720703,173.34547424316406,95.93144989013672,119.30999755859375,81.09446716308594,24.14774513244629,54.04621887207031,33.04573059082031
2016-03-23,45.396934509277344,172.20144653320312,97.017822265625,116.61000061035156,81.94033813476562,24.01424789428711,53.80851364135742,33.01667785644531
2016-03-24,45.048553466796875,172.12513732910156,97.0552749633789,116.33000183105469,81.79681396484375,23.910160064697266,53.956295013427734,33.10383987426758
2016-03-28,44.98794937133789,172.2268524169922,97.18266296386719,116.5999984741211,81.73638153076172,23.80154800415039,54.110477447509766,33.26362228393555
2016-03-29,44.707733154296875,173.81997680664062,98.20162200927734,118.76000213623047,82.42365264892578,24.364967346191406,54.30965042114258,33.757484436035156
2016-03-30,45.22274398803711,174.5826873779297,97.16768646240234,117.0999984741211,82.30279541015625,24.79035758972168,54.303218841552734,33.83012008666992
2016-03-31,44.851627349853516,174.15892028808594,97.85700988769531,117.63999938964844,81.71375274658203,24.6613826751709,53.70570373535156,33.69212341308594
2016-04-01,45.34391784667969,175.3452911376953,98.11221313476562,116.93000030517578,82.46138763427734,24.88765525817871,53.300941467285156,34.011688232421875
2016-04-04,45.16843032836914,174.777587890625,98.17227935791016,116.1500015258789,82.00824737548828,25.143341064453125,53.429439544677734,34.05525588989258
2016-04-05,44.52753448486328,173.03192138671875,99.24588775634766,117.66000366210938,82.28016662597656,24.8469295501709,52.81908416748047,33.793800354003906
2016-04-06,44.870872497558594,174.92160034179688,98.52517700195312,116.94000244140625,82.63507843017578,25.10713768005371,53.52580261230469,33.924537658691406
2016-04-07,43.734031677246094,172.82852172851562,99.74140930175781,118.61000061035156,82.52181243896484,24.5595645904541,52.921878814697266,33.670318603515625
2016-04-08,44.05448532104492,173.2945556640625,99.11076354980469,118.43000030517578,82.39344024658203,24.586715698242188,53.46158981323242,34.040740966796875
2016-04-11,44.40546417236328,172.88787841796875,98.983154296875,120.02999877929688,82.29524230957031,24.66817283630371,53.532230377197266,33.728431701660156
2016-04-12,45.22947311401367,174.49794006347656,98.29991912841797,120.05000305175781,82.77104949951172,24.989479064941406,54.19401550292969,33.88095474243164
2016-04-13,47.1445426940918,176.26055908203125,98.64527893066406,118.7699966430664,82.97498321533203,25.35151481628418,54.502403259277344,33.43791198730469
2016-04-14,47.754940032958984,176.26898193359375,98.17227935791016,117.11000061035156,82.9522705078125,25.365093231201172,54.887901306152344,33.285404205322266
2016-04-15,47.20560073852539,176.0740966796875,99.01319122314453,117.91999816894531,83.20906829833984,24.855981826782227,54.59234619140625,33.481502532958984
2016-04-18,47.510780334472656,177.31130981445312,98.58522033691406,117.73999786376953,83.77545928955078,24.319717407226562,55.11274719238281,33.56866455078125
2016-04-19,48.31190872192383,177.87059020996094,98.27738952636719,119.58000183105469,85.09709167480469,24.190738677978516,55.389041900634766,33.84463882446289
2016-04-20,49.01385498046875,178.0400848388672,97.19634246826172,118.97000122070312,85.77677154541016,24.24051856994629,55.768096923828125,32.225040435791016
2016-04-21,48.52554702758789,177.08251953125,96.61819458007812,119.41999816894531,85.76923370361328,23.978044509887695,55.76168441772461,31.709381103515625
2016-04-22,48.80785369873047,177.08251953125,96.37046813964844,117.88999938964844,85.5804214477539,23.912424087524414,56.23712158203125,32.34850311279297
2016-04-25,48.52554702758789,176.77740478515625,95.97250366210938,118.2300033569336,85.72392272949219,23.77666664123535,56.1086311340332,32.47197723388672
2016-04-26,48.777347564697266,177.04014587402344,95.53706359863281,118.69999694824219,85.27079772949219,23.611480712890625,56.30137252807617,32.34123992919922
2016-04-27,48.9146728515625,177.40452575683594,96.49053192138672,119.04000091552734,85.16504669189453,22.133928298950195,56.83464431762695,32.45017623901367
2016-04-28,48.52554702758789,175.79443359375,96.88848114013672,121.29000091552734,84.946044921875,21.45737075805664,56.55837631225586,32.41387176513672
2016-04-29,48.220359802246094,174.8453369140625,97.13621520996094,123.6500015258789,84.64395904541016,21.21073341369629,56.79609680175781,32.53733444213867
2016-05-02,48.6705207824707,176.235107421875,96.15821838378906,123.23999786376953,85.14994049072266,21.188108444213867,57.26511001586914,32.668067932128906
2016-05-03,47.7320671081543,174.70130920410156,97.36945343017578,122.95999908447266,85.10466003417969,21.53656578063965,56.60976791381836,32.56639099121094
2016-05-04,46.97670364379883,173.72677612304688,97.90355682373047,122.20999908447266,84.74967956542969,21.312559127807617,56.50056076049805,32.668067932128906
2016-05-05,46.724918365478516,173.69285583496094,98.55805206298828,122.06999969482422,85.24812316894531,21.226055145263672,56.56476974487305,32.72617721557617
2016-05-06,46.999595642089844,174.32839965820312,98.13676452636719,123.18000030517578,85.14241790771484,21.107669830322266,56.86677551269531,32.91499710083008
2016-05-09,46.702022552490234,174.47251892089844,98.44525146484375,120.6500015258789,85.88249969482422,21.123607635498047,56.90531539916992,32.856895446777344
2016-05-10,47.33530044555664,176.64187622070312,98.45276641845703,120.9800033569336,86.59996795654297,21.267032623291016,57.81764602661133,33.227298736572266
2016-05-11,47.159820556640625,174.9894256591797,99.00943756103516,122.12000274658203,86.37339782714844,21.059871673583984,57.53907012939453,33.01667785644531
2016-05-12,47.12928771972656,175.04022216796875,98.55805206298828,121.16000366210938,86.26766204833984,20.56587028503418,58.096248626708984,33.285404205322266
2016-05-13,46.69439697265625,173.514892578125,99.51344299316406,121.70999908447266,85.76168823242188,20.60684585571289,57.44187545776367,32.93679428100586
2016-05-16,47.04536819458008,175.22666931152344,98.65585327148438,121.80000305175781,86.42626190185547,21.371742248535156,58.03144836425781,33.13288497924805
2016-05-17,47.04536819458008,173.5912322998047,98.82137298583984,122.22000122070312,85.96556854248047,21.282960891723633,58.00552749633789,32.50102615356445
2016-05-18,48.86126708984375,173.6420135498047,97.41456604003906,120.0999984741211,85.78433227539062,21.526546478271484,57.888919830322266,32.30491638183594
2016-05-19,48.36532211303711,173.0404052734375,97.83584594726562,119.87000274658203,85.2254638671875,21.444597244262695,58.38129806518555,32.188716888427734
2016-05-20,48.456878662109375,174.133544921875,97.91107177734375,119.70999908447266,85.67423248291016,21.676801681518555,58.14158630371094,31.92000389099121
2016-05-23,48.41872787475586,173.89627075195312,98.12928009033203,119.37000274658203,85.30912780761719,21.952251434326172,58.05087661743164,31.934520721435547
2016-05-24,49.24274826049805,176.15032958984375,97.69291687011719,117.30000305175781,85.71224975585938,22.28689956665039,58.096248626708984,32.225040435791016
2016-05-25,49.99045944213867,177.34523010253906,97.32430267333984,116.9800033569336,86.21426391601562,22.678455352783203,58.4785041809082,32.23229217529297
2016-05-26,49.616607666015625,177.39608764648438,97.82830810546875,116.58000183105469,85.87199401855469,22.858304977416992,58.180477142333984,32.457454681396484
2016-05-27,49.92180252075195,178.15872192382812,97.68541717529297,115.62000274658203,85.99369049072266,22.844640731811523,58.316524505615234,32.52280807495117
2016-05-31,49.79971694946289,177.8197479248047,97.91859436035156,116.05999755859375,85.71224975585938,22.73308753967285,57.67509460449219,32.392059326171875
2016-06-01,50.12017822265625,178.1841278076172,98.31587219238281,115.94000244140625,85.78070068359375,22.414386749267578,57.8176383972168,32.4647102355957
2016-06-02,50.211727142333984,178.72647094726562,99.02450561523438,115.66999816894531,87.08135223388672,22.245922088623047,57.3576545715332,32.479244232177734
2016-06-03,49.319053649902344,178.19259643554688,100.43415069580078,118.87999725341797,87.2867202758789,22.291454315185547,57.25398254394531,32.711639404296875
2016-06-06,49.80735778808594,179.09933471679688,99.68788146972656,118.91999816894531,88.0549087524414,22.453081130981445,57.88243865966797,32.951324462890625
2016-06-07,49.639503479003906,179.3790283203125,99.92915344238281,118.81999969482422,88.02446746826172,22.544145584106445,58.77004623413086,32.91499710083008
2016-06-08,49.78446578979492,179.9636688232422,100.46432495117188,120.58000183105469,88.0777359008789,22.52366065979004,58.821861267089844,33.08205032348633
2016-06-09,49.40297317504883,179.7179412841797,101.11260986328125,121.25,88.99044036865234,22.685283660888672,58.74413299560547,33.23456573486328
2016-06-10,48.708656311035156,178.01467895507812,101.60264587402344,121.73999786376953,88.9980697631836,22.49861717224121,58.297088623046875,33.401607513427734
2016-06-13,48.27376174926758,176.64187622070312,102.054931640625,122.63999938964844,88.83072662353516,22.159412384033203,58.692291259765625,33.02103805541992
2016-06-14,47.36582565307617,176.29443359375,101.9795150756836,122.7699966430664,89.08173370361328,22.186731338500977,58.58864212036133,32.962501525878906
2016-06-15,47.28190231323242,176.04864501953125,102.3715591430664,123.68000030517578,88.54170989990234,22.1138858795166,58.4136962890625,32.9405517578125
2016-06-16,47.47264862060547,176.5741424560547,102.86907958984375,122.37999725341797,88.71662902832031,22.207225799560547,59.10047149658203,33.160099029541016
2016-06-17,47.51841735839844,175.9164581298828,102.228271484375,123.94999694824219,87.83436584472656,21.70183563232422,58.776519775390625,32.779541015625
2016-06-20,47.58708953857422,177.04937744140625,101.1352310180664,123.20999908447266,88.64058685302734,21.649486541748047,59.03569030761719,32.91859436035156
2016-06-21,48.02960968017578,177.55194091796875,100.66780853271484,120.83999633789062,88.36676025390625,21.833873748779297,59.30132293701172,33.02836608886719
2016-06-22,47.84648895263672,177.26234436035156,100.83368682861328,120.9000015258789,88.5797119140625,21.751920700073242,59.068058013916016,32.830772399902344
2016-06-23,48.86888885498047,179.5707244873047,99.68035125732422,120.11000061035156,89.27947998046875,21.877134323120117,59.476253509521484,32.99177932739258
2016-06-24,45.4736328125,173.1225128173828,102.35649108886719,126.0,87.94841766357422,21.26247787475586,57.91485595703125,32.150150299072266
2016-06-27,43.95529556274414,170.02194213867188,104.91200256347656,126.68000030517578,88.64817810058594,20.952869415283203,57.57145309448242,32.04036331176758
2016-06-28,45.41259002685547,173.08847045898438,105.13060760498047,125.31999969482422,89.92601013183594,21.305728912353516,58.899627685546875,32.333106994628906
2016-06-29,46.69439697265625,176.03570556640625,104.32402038574219,125.83999633789062,90.76265716552734,21.49012565612793,59.90385818481445,32.52338790893555
2016-06-30,47.41159439086914,178.4378662109375,104.70842742919922,126.47000122070312,92.26102447509766,21.763303756713867,60.7331428527832,33.17475128173828
2016-07-01,47.104026794433594,178.81260681152344,106.16227722167969,128.41000366210938,92.25344848632812,21.829328536987305,60.797943115234375,33.02103805541992
2016-07-05,45.7891731262207,177.5264129638672,107.49147033691406,129.47000122070312,92.99883270263672,21.624441146850586,60.26667404174805,33.247928619384766
2016-07-06,46.28127670288086,178.59117126464844,107.6651611328125,130.22999572753906,93.28025817871094,21.747371673583984,60.95991897583008,33.130821228027344
2016-07-07,46.58116149902344,178.48043823242188,107.65763854980469,129.74000549316406,93.18138122558594,21.840707778930664,60.22780990600586,32.99909591674805
2016-07-08,47.54230499267578,181.1380615234375,108.45064544677734,130.52000427246094,93.43997955322266,22.009166717529297,60.603572845458984,33.21132278442383
2016-07-11,47.8806266784668,181.77691650390625,107.4990005493164,129.2899932861328,93.50082397460938,22.077463150024414,60.83033752441406,33.35037612915039
2016-07-12,48.595733642578125,183.0972442626953,105.73175811767578,127.1500015258789,93.49322509765625,22.177631378173828,61.517093658447266,33.35770034790039
2016-07-13,48.564979553222656,183.07168579101562,106.97795104980469,128.32000732421875,93.55406188964844,22.052419662475586,61.471736907958984,33.47479248046875
2016-07-14,49.303131103515625,184.09385681152344,105.42210388183594,127.33000183105469,93.69096374511719,22.489505767822266,61.517093658447266,33.438194274902344
2016-07-15,49.34926986694336,183.84686279296875,104.51593017578125,126.83999633789062,93.55406188964844,22.487234115600586,61.62723159790039,33.394290924072266
2016-07-18,49.18011474609375,184.3408966064453,104.4177017211914,127.04000091552734,93.66057586669922,22.726255416870117,61.43287658691406,33.394290924072266
2016-07-19,49.10321807861328,184.1535186767578,105.00679016113281,127.20999908447266,95.26543426513672,22.735366821289062,61.20612335205078,33.394290924072266
2016-07-20,49.15705108642578,184.92007446289062,104.43280029296875,125.38999938964844,95.1817398071289,22.755859375,60.85625457763672,33.30647277832031
2016-07-21,48.97250747680664,184.22164916992188,104.64420318603516,127.30000305175781,95.18936920166016,22.63520050048828,60.804405212402344,33.26255798339844
2016-07-22,49.24163055419922,185.0478973388672,104.82550048828125,126.3499984741211,95.09808349609375,22.459917068481445,60.908077239990234,33.54066467285156
2016-07-25,49.11089324951172,184.54531860351562,104.74995422363281,125.47000122070312,94.9916000366211,22.159412384033203,59.73539733886719,33.35037612915039
2016-07-26,49.31082534790039,184.63050842285156,104.91613006591797,126.0,95.18936920166016,22.00688934326172,59.30132293701172,32.845401763916016
2016-07-27,49.464622497558594,184.4345703125,106.22268676757812,128.02999877929688,94.90033721923828,23.436532974243164,58.899627685546875,31.76226806640625
2016-07-28,49.28776168823242,184.6475372314453,106.02637481689453,127.66000366210938,94.66455841064453,23.75296401977539,58.43962097167969,31.945226669311523
2016-07-29,49.18780517578125,184.9456787109375,106.9099349975586,128.97999572753906,95.2502212524414,23.723371505737305,57.629756927490234,31.930593490600586
2016-08-01,49.05708312988281,184.79234313964844,105.75086212158203,129.22000122070312,95.3795166015625,24.142242431640625,55.627777099609375,31.798860549926758
2016-08-02,48.94175338745117,183.60833740234375,104.66130828857422,130.27000427246094,94.961181640625,23.784833908081055,56.39228057861328,31.857410430908203
2016-08-03,49.718353271484375,184.14503479003906,104.72179412841797,129.64999389648438,94.2386245727539,24.083057403564453,56.683837890625,31.937911987304688
2016-08-04,49.64145278930664,184.3408966064453,105.5086898803711,129.8699951171875,94.20819854736328,24.23183250427246,56.677371978759766,31.842769622802734
2016-08-05,50.97938919067383,185.8485870361328,104.41162109375,127.55000305175781,94.49720001220703,24.600330352783203,56.72918701171875,31.820816040039062
2016-08-08,50.825599670410156,185.73785400390625,104.60834503173828,127.44000244140625,94.0484619140625,24.80403709411621,57.39651107788086,31.79153823852539
2016-08-09,50.64875793457031,185.8485870361328,105.63729858398438,127.95999908447266,93.8811264038086,24.904743194580078,57.467796325683594,31.81349754333496
2016-08-10,50.19508361816406,185.38861083984375,106.04582977294922,128.55999755859375,93.82788848876953,24.719350814819336,56.46153259277344,31.915945053100586
2016-08-11,50.3334846496582,186.24896240234375,105.1001205444336,127.66999816894531,94.13975524902344,24.703327178955078,56.664100646972656,32.01841354370117
2016-08-12,50.22583770751953,186.0871124267578,105.98536682128906,127.4000015258789,93.72139739990234,24.760541915893555,57.402469635009766,32.22333526611328
2016-08-15,50.53340148925781,186.62374877929688,104.98665618896484,127.83999633789062,93.02925109863281,25.058101654052734,57.376304626464844,32.37702178955078
2016-08-16,50.52571487426758,185.6612091064453,104.70677185058594,128.47000122070312,91.52326202392578,25.035202026367188,57.448184967041016,32.07695770263672
2016-08-17,50.664127349853516,186.01043701171875,105.33464050292969,128.5,92.26866912841797,24.998584747314453,57.572349548339844,32.24528121948242
2016-08-18,50.71026611328125,186.42782592773438,105.50115203857422,129.11000061035156,91.81990051269531,24.966541290283203,58.09507369995117,32.27456283569336
2016-08-19,50.641056060791016,186.1552734375,104.9488296508789,127.97000122070312,91.81989288330078,25.030630111694336,57.36976623535156,32.14282989501953
2016-08-22,50.59492492675781,186.14674377441406,105.8340835571289,127.77999877929688,91.21499633789062,24.836078643798828,57.49393081665039,32.01110076904297
2016-08-23,50.571861267089844,186.52154541015625,105.947509765625,127.76000213623047,91.45235443115234,24.913896560668945,57.3175048828125,32.091617584228516
2016-08-24,50.71026611328125,185.56752014160156,105.69783782958984,126.33999633789062,90.8934326171875,24.726215362548828,57.51351547241211,32.091617584228516
2016-08-25,50.80252456665039,185.439697265625,105.29683685302734,126.2300033569336,90.78621673583984,24.62093162536621,57.14760971069336,31.95985984802246
2016-08-26,50.91786193847656,185.0904998779297,104.6839828491211,126.05000305175781,91.14611053466797,24.47673225402832,57.023468017578125,31.703718185424805
2016-08-29,51.47917938232422,186.0019073486328,106.08373260498047,126.30000305175781,91.81989288330078,24.44927215576172,57.39591979980469,31.864721298217773
2016-08-30,51.90208435058594,185.69528198242188,105.67511749267578,125.02999877929688,91.4753646850586,24.261587142944336,57.18681716918945,31.645158767700195
2016-08-31,51.90208435058594,185.16714477539062,105.82643127441406,124.77999877929688,91.37581634521484,24.284473419189453,56.93852233886719,31.784215927124023
2016-09-01,51.67909240722656,185.1756591796875,105.94325256347656,125.29000091552734,91.17671966552734,24.428668975830078,56.74250030517578,31.725669860839844
2016-09-02,51.89439392089844,186.01043701171875,105.07907104492188,126.56999969482422,91.36048889160156,24.657550811767578,57.12148666381836,31.952552795410156
2016-09-06,51.8559455871582,186.57264709472656,105.84467315673828,128.7100067138672,91.6897201538086,24.650686264038086,57.87291717529297,32.047698974609375
2016-09-07,51.64065170288086,186.55557250976562,105.76885986328125,128.27000427246094,91.58252716064453,24.801748275756836,57.65726852416992,31.937911987304688
2016-09-08,51.70985794067383,186.1297149658203,104.44234466552734,127.58999633789062,91.4753646850586,24.15172576904297,58.18655776977539,31.930593490600586
2016-09-09,51.248504638671875,181.67478942871094,102.72180938720703,126.75,90.52591705322266,23.604698181152344,56.74250030517578,30.935277938842773
2016-09-12,51.563758850097656,184.28121948242188,102.77483367919922,126.58999633789062,91.23797607421875,24.13340950012207,57.03651428222656,31.60857582092285
2016-09-13,51.15622329711914,181.63214111328125,101.6075668334961,125.75,90.05119323730469,24.707908630371094,55.677425384521484,31.195392608642578
2016-09-14,51.056278228759766,181.56402587890625,101.75916290283203,126.18000030517578,90.24262237548828,25.582239151000977,55.278831481933594,31.069957733154297
2016-09-15,51.240821838378906,183.37838745117188,101.31950378417969,125.37000274658203,90.83216857910156,26.451997756958008,55.59251022338867,31.254432678222656
2016-09-16,50.61030578613281,182.66946411132812,102.13815307617188,125.05999755859375,90.54122924804688,26.303224563598633,54.906402587890625,31.09209632873535
2016-09-19,50.89480972290039,182.7036590576172,101.80461120605469,125.31999969482422,90.08946990966797,25.996519088745117,54.77571487426758,31.062585830688477
2016-09-20,51.10239791870117,182.71229553222656,102.16088104248047,125.44000244140625,90.31151580810547,25.994232177734375,53.93281936645508,31.239654541015625
2016-09-21,51.39460754394531,184.76695251464844,102.98705291748047,127.2699966430664,91.04654693603516,25.989646911621094,54.42939758300781,31.379850387573242
2016-09-22,51.81749725341797,185.93128967285156,103.80569458007812,127.56999969482422,91.46766662597656,26.234556198120117,54.58622741699219,31.69710922241211
2016-09-23,51.70985794067383,184.9124755859375,103.70712280273438,127.6500015258789,90.97000122070312,25.797386169433594,54.52743148803711,31.5347900390625
2016-09-26,50.57954788208008,183.41432189941406,104.36659240722656,127.55000305175781,90.18134307861328,25.8362979888916,54.27259063720703,31.02568817138672
2016-09-27,51.025516510009766,184.55294799804688,105.13216400146484,126.62000274658203,91.283935546875,25.88435935974121,54.39019775390625,31.424116134643555
2016-09-28,51.29463577270508,185.46896362304688,104.90471649169922,126.22000122070312,91.41410064697266,26.081207275390625,56.78169250488281,31.099472045898438
2016-09-29,50.479583740234375,183.79104614257812,105.17005920410156,126.06999969482422,89.79086303710938,25.67607879638672,56.49420166015625,31.01093292236328
2016-09-30,51.20235824584961,185.1779022216797,104.2301254272461,125.63999938964844,90.4493179321289,25.875207901000977,57.029998779296875,31.224899291992188
2016-10-03,51.14086151123047,184.7327117919922,103.88616180419922,125.31999969482422,90.97000122070312,25.753904342651367,56.879703521728516,31.01093292236328
2016-10-04,51.58232498168945,183.79104614257812,102.67120361328125,120.97000122070312,90.9776611328125,25.8637638092041,56.35697937011719,30.870750427246094
2016-10-05,52.42654037475586,184.6043243408203,102.19287872314453,120.77999877929688,91.25332641601562,25.875207901000977,56.8470344543457,30.848617553710938
2016-10-06,52.56595993041992,184.7327117919922,101.62334442138672,119.66000366210938,90.9240493774414,26.067476272583008,56.8731689453125,30.77483367919922
2016-10-07,52.751834869384766,184.09921264648438,101.69171905517578,119.73999786376953,91.29923248291016,26.106380462646484,56.67716979980469,30.789587020874023
2016-10-10,53.16232681274414,185.0580596923828,101.09180450439453,120.16000366210938,91.72801208496094,26.56186294555664,57.787960052490234,30.789587020874023
2016-10-11,52.906734466552734,182.72085571289062,100.86399841308594,119.55000305175781,90.07415771484375,26.619081497192383,57.33057403564453,30.64940643310547
2016-10-12,52.7673225402832,182.96054077148438,100.96271514892578,119.73999786376953,90.32682037353516,26.85711097717285,56.93198013305664,30.82648468017578
2016-10-13,52.46524429321289,182.36122131347656,101.3423843383789,120.02999877929688,90.54886627197266,26.77471923828125,56.559547424316406,30.811723709106445
2016-10-14,52.29487228393555,182.45542907714844,99.92235565185547,119.36000061035156,90.01290893554688,26.923492431640625,56.54645919799805,30.745302200317383
2016-10-17,52.02381896972656,181.82192993164062,100.56024932861328,119.68000030517578,90.72496795654297,26.905189514160156,56.54645919799805,30.693668365478516
2016-10-18,52.43429183959961,182.96054077148438,100.88677215576172,120.41999816894531,88.36669921875,26.886871337890625,56.696739196777344,30.966659545898438
2016-10-19,52.937713623046875,183.44854736328125,100.97022247314453,121.11000061035156,87.73885345458984,26.806760787963867,56.95812225341797,31.02568817138672
2016-10-20,52.86801528930664,183.10614013671875,101.07666015625,120.73999786376953,87.95325469970703,26.793033599853516,56.984275817871094,30.937158584594727
2016-10-21,53.046142578125,183.1917266845703,101.2284927368164,120.83000183105469,86.85831451416016,26.687747955322266,56.5987548828125,31.084720611572266
2016-10-24,53.34046936035156,183.97079467773438,100.78804779052734,120.55999755859375,86.98849487304688,26.928064346313477,56.788230895996094,31.401988983154297
2016-10-25,53.286258697509766,183.35433959960938,101.05381774902344,121.47000122070312,87.2564697265625,27.065401077270508,56.664100646972656,31.387226104736328
2016-10-26,53.54182815551758,182.9862518310547,100.37039184570312,120.79000091552734,87.71587371826172,26.456565856933594,56.905853271484375,31.313447952270508
2016-10-27,53.6192741394043,182.4982452392578,99.2769546508789,121.01000213623047,88.58873748779297,26.20250129699707,56.7947883605957,31.07733154296875
2016-10-28,53.5263557434082,181.95887756347656,99.05672454833984,121.58000183105469,88.3054428100586,26.028566360473633,55.39646911621094,31.158493041992188
2016-10-31,53.64252471923828,181.96743774414062,99.6641845703125,121.94000244140625,88.81078338623047,25.98736572265625,54.44247055053711,31.2839412689209
2016-11-01,53.41790771484375,180.64903259277344,99.6718521118164,122.7300033569336,88.3130874633789,25.51814842224121,54.658103942871094,31.07733154296875
2016-11-02,53.19331741333008,179.561767578125,100.1054916381836,123.63999938964844,87.945556640625,25.541030883789062,54.52743148803711,31.02568817138672
2016-11-03,52.9609489440918,178.73988342285156,99.33710479736328,124.30000305175781,88.07574462890625,25.267269134521484,54.66462707519531,31.01093292236328
2016-11-04,52.480751037597656,178.5430450439453,100.22718811035156,124.38999938964844,88.1369857788086,25.039514541625977,54.60585021972656,30.760080337524414
2016-11-07,54.122711181640625,182.4811553955078,99.3751220703125,122.1500015258789,89.32379150390625,25.400707244873047,55.83425521850586,31.328205108642578
2016-11-08,54.2388801574707,183.30299377441406,98.97186279296875,121.63999938964844,89.62239837646484,25.550241470336914,56.23637008666992,31.638086318969727
2016-11-09,56.73281478881836,185.24642944335938,94.77230834960938,121.55999755859375,92.11849975585938,25.50882339477539,56.85599899291992,31.18801498413086
2016-11-10,59.36613464355469,185.7086944580078,93.37242889404297,119.75,91.52894592285156,24.797958374023438,57.383358001708984,30.206701278686523
2016-11-11,59.39712905883789,185.28065490722656,92.8475112915039,117.0999984741211,90.70967102050781,24.945186614990234,56.473690032958984,30.273103713989258
2016-11-14,61.58124923706055,185.4261474609375,92.2921142578125,116.11000061035156,89.27784729003906,24.319427490234375,56.216590881347656,30.37639808654785
2016-11-15,61.46503829956055,186.8730010986328,92.74858093261719,117.12000274658203,89.06346893310547,24.641515731811523,57.23176956176758,30.57560920715332
2016-11-16,59.947021484375,186.52206420898438,93.58546447753906,116.7699966430664,89.0941162109375,25.304080963134766,56.526405334472656,30.442806243896484
2016-11-17,60.42721939086914,187.48089599609375,92.20842742919922,116.16999816894531,89.25489044189453,25.29488182067871,56.18363571166992,30.339513778686523
2016-11-18,60.18710708618164,187.0613250732422,91.942138671875,115.1500015258789,88.93878936767578,25.320188522338867,56.216590881347656,30.1845703125
2016-11-21,60.45048141479492,188.4739532470703,92.17037200927734,115.58000183105469,88.66124725341797,25.704381942749023,57.01422882080078,30.516586303710938
2016-11-22,60.822227478027344,188.8420867919922,92.1399154663086,115.54000091552734,86.9188461303711,25.720491409301758,57.139469146728516,30.52396583557129
2016-11-23,61.07780456542969,188.94482421875,91.78236389160156,113.25,87.17325592041016,25.58935546875,57.297691345214844,30.339513778686523
2016-11-25,61.05458068847656,189.6468048095703,91.91929626464844,112.61000061035156,87.99049377441406,25.718185424804688,57.42951965332031,30.642017364501953
2016-11-28,60.65958023071289,188.75653076171875,92.59640502929688,113.80000305175781,87.21952819824219,25.667572021484375,57.00104904174805,30.80433464050293
2016-11-29,61.124267578125,189.12461853027344,92.98442840576172,113.2699966430664,86.7183837890625,25.642261505126953,56.62529754638672,30.61832618713379
2016-11-30,62.09242248535156,188.6708526611328,91.47804260253906,111.75,85.80863952636719,25.426010131835938,57.54816436767578,30.023069381713867
2016-12-01,63.34712600708008,187.9774627685547,90.51221466064453,111.54000091552734,85.87033081054688,25.189050674438477,57.508628845214844,29.889141082763672
2016-12-02,63.19995880126953,188.071533203125,91.1754150390625,112.13999938964844,86.31751251220703,25.283376693725586,57.37677764892578,30.030515670776367
2016-12-05,64.48564147949219,189.20162963867188,91.07630920410156,111.54000091552734,86.30207061767578,25.10162353515625,57.66683578491211,30.22396469116211
2016-12-06,64.81867218017578,189.80091857910156,91.0076675415039,111.43000030517578,86.39457702636719,25.29488182067871,57.719566345214844,30.186771392822266
2016-12-07,65.11298370361328,192.28366088867188,91.78528594970703,111.83000183105469,85.65445709228516,25.543338775634766,58.0557861328125,30.72249984741211
2016-12-08,65.9262466430664,192.75453186035156,90.70276641845703,111.56999969482422,85.56965637207031,25.79410171508789,58.22056579589844,30.491832733154297
2016-12-09,66.2127914428711,193.9188690185547,89.57450103759766,110.4000015258789,86.54878234863281,26.215110778808594,58.6688117980957,31.250776290893555
2016-12-12,65.62419128417969,193.6962890625,89.74220275878906,110.81999969482422,88.93878936767578,26.06557273864746,59.97404479980469,31.176374435424805
2016-12-13,65.64741516113281,194.9889678955078,90.0624008178711,110.44999694824219,89.34739685058594,26.50037956237793,61.02875900268555,31.072202682495117
2016-12-14,65.62419128417969,193.3794708251953,89.05612182617188,108.83000183105469,88.65353393554688,26.50037956237793,59.71037292480469,30.662979125976562
2016-12-15,66.6078109741211,194.17568969726562,89.50589752197266,107.33999633789062,89.34739685058594,26.64531707763672,59.91469955444336,30.91594886779785
2016-12-16,65.78683471679688,193.79591369628906,89.30006408691406,108.05000305175781,89.33970642089844,26.67983055114746,60.105873107910156,31.057331085205078
2016-12-19,66.16632843017578,194.2178955078125,90.26060485839844,108.58999633789062,89.4476089477539,26.833967208862305,59.604862213134766,31.005231857299805
2016-12-20,67.0182876586914,194.96707153320312,89.81082916259766,107.79000091552734,89.17005920410156,26.90528106689453,59.61146545410156,30.997804641723633
2016-12-21,67.18869018554688,194.42454528808594,90.20721435546875,107.8499984741211,88.90023040771484,26.93059539794922,59.51258850097656,30.93083381652832
2016-12-22,67.29711151123047,194.08868408203125,90.04597473144531,107.58999633789062,89.00045776367188,26.75344467163086,59.9015007019043,30.91594886779785
2016-12-23,67.42105865478516,194.3729248046875,90.22942352294922,107.93000030517578,89.40138244628906,26.806360244750977,59.796043395996094,30.953153610229492
2016-12-27,67.48297882080078,194.85511779785156,89.93893432617188,108.55999755859375,89.36280822753906,26.976598739624023,59.82240676879883,30.96059799194336
2016-12-28,66.99507904052734,193.24476623535156,90.59626770019531,108.86000061035156,88.73832702636719,26.861576080322266,59.52579116821289,30.796905517578125
2016-12-29,66.52261352539062,193.20175170898438,90.91731262207031,110.29000091552734,89.03900909423828,26.854673385620117,59.55874252319336,30.953153610229492
2016-12-30,66.83242797851562,192.49554443359375,91.05487823486328,109.61000061035156,88.82315063476562,26.64531707763672,59.499412536621094,30.848995208740234
2017-01-03,67.56046295166016,193.9681854248047,91.44465637207031,110.47000122070312,89.30883026123047,26.721237182617188,59.91469955444336,31.101964950561523
2017-01-04,67.68507385253906,195.12213134765625,91.79627227783203,110.86000061035156,89.162353515625,26.69133186340332,59.255516052246094,30.990360260009766
2017-01-05,67.0620346069336,194.96707153320312,93.23320770263672,112.58000183105469,90.09520721435547,26.82706642150879,58.372188568115234,31.06475830078125
2017-01-06,67.06981658935547,195.66461181640625,92.3771743774414,111.75,89.66349792480469,27.126140594482422,58.339237213134766,31.057331085205078
2017-01-09,67.11653900146484,195.018798828125,93.11857604980469,112.66999816894531,89.64805603027344,27.374601364135742,57.37677764892578,30.74481773376465
2017-01-10,67.3112564086914,195.018798828125,93.05744934082031,113.1500015258789,89.55555725097656,27.402206420898438,56.64507293701172,30.536479949951172
2017-01-11,67.81746673583984,195.56988525390625,93.37080383300781,113.5,88.45307159423828,27.549448013305664,57.22516632080078,30.543912887573242
2017-01-12,67.16327667236328,195.07901000976562,93.16444396972656,113.91000366210938,88.36827850341797,27.434415817260742,56.91534423828125,30.469497680664062
2017-01-13,67.5215072631836,195.52682495117188,92.72113037109375,114.20999908447266,88.35285186767578,27.386106491088867,56.92192077636719,30.417423248291016
2017-01-17,65.06831359863281,194.8379364013672,93.69183349609375,115.8499984741211,88.56102752685547,27.60695457458496,57.58772659301758,30.6704158782959
2017-01-18,65.3720474243164,195.2684783935547,92.49183654785156,114.87000274658203,88.42996215820312,27.604656219482422,56.875797271728516,30.72249984741211
2017-01-19,64.87361145019531,194.5450897216797,91.85748291015625,114.7699966430664,88.04444885253906,27.556350708007812,55.85403060913086,30.610883712768555
2017-01-20,65.16177368164062,195.25985717773438,91.67402648925781,115.05000305175781,88.00592803955078,27.60695457458496,56.61870574951172,30.74481773376465
2017-01-23,65.19292449951172,194.75181579589844,92.59120178222656,115.79000091552734,87.82087707519531,27.625364303588867,56.012229919433594,30.826662063598633
2017-01-24,65.9794921875,196.00048828125,91.95681762695312,115.2699966430664,86.16329193115234,27.60005760192871,56.09133529663086,31.176374435424805
2017-01-25,66.99972534179688,197.6969757080078,90.80264282226562,114.31999969482422,86.96511840820312,28.039466857910156,56.256141662597656,31.340076446533203
2017-01-26,67.5604476928711,197.49024963378906,91.1084213256836,113.26000213623047,86.22498321533203,28.053272247314453,56.42753219604492,31.10940933227539
2017-01-27,67.70063018798828,197.18026733398438,91.43706512451172,113.48999786376953,87.41226196289062,28.05557632446289,56.368221282958984,30.841552734375
2017-01-30,66.99972534179688,195.9574432373047,91.16190338134766,113.97000122070312,87.21952819824219,27.98195457458496,55.93973159790039,30.789466857910156
2017-01-31,65.9094009399414,195.94021606445312,91.79627227783203,115.55000305175781,87.31201934814453,27.91753578186035,55.30030822753906,30.93083381652832
2017-02-01,66.15863037109375,196.0176544189453,91.22870635986328,115.19999694824219,87.296630859375,29.61996841430664,54.674068450927734,30.70016860961914
2017-02-02,65.87825012207031,196.1468963623047,91.19039154052734,115.83999633789062,87.55876159667969,29.569360733032227,55.010250091552734,30.804338455200195
2017-02-03,67.89534759521484,197.49888610839844,91.15206909179688,116.12999725341797,87.61270904541016,29.695890426635742,55.06958770751953,30.908523559570312
2017-02-06,67.57603454589844,197.14584350585938,91.7035903930664,117.69999694824219,87.42769622802734,29.974246978759766,54.91796112060547,30.923389434814453
2017-02-07,67.53709411621094,197.15444946289062,92.37767028808594,117.45999908447266,87.48937225341797,30.259525299072266,54.56198501586914,31.176374435424805
2017-02-08,66.94519805908203,197.41281127929688,93.63387298583984,118.19000244140625,87.42769622802734,30.376855850219727,54.2027702331543,31.265670776367188
2017-02-09,67.91091918945312,198.5840301513672,92.5538330078125,117.29000091552734,87.95195007324219,30.59636688232422,54.4422721862793,30.692739486694336
2017-02-10,67.75513458251953,199.36761474609375,92.500244140625,117.5999984741211,88.84626770019531,30.527034759521484,54.89461135864258,30.194210052490234
2017-02-13,68.65074920654297,200.4526824951172,92.20914459228516,116.80000305175781,89.33970642089844,30.797380447387695,55.21392059326172,30.22396469116211
2017-02-14,69.7488784790039,201.25363159179688,91.54278564453125,116.93000030517578,89.70977020263672,31.197107315063477,55.09418487548828,30.156999588012695
2017-02-15,70.55101013183594,202.3041534423828,91.1214599609375,117.44999694824219,90.35737609863281,31.310331344604492,55.32035446166992,30.090038299560547
2017-02-16,70.5042724609375,202.13194274902344,91.61934661865234,118.08000183105469,91.03582000732422,31.273353576660156,54.74825668334961,30.65553092956543
2017-02-17,70.27066802978516,202.45057678222656,92.16322326660156,117.68000030517578,91.63715362548828,31.358840942382812,54.3890495300293,30.677845001220703
2017-02-21,70.87811279296875,203.65621948242188,92.0023422241211,117.75,92.25393676757812,31.585275650024414,54.47551727294922,30.848995208740234
2017-02-22,70.91705322265625,203.4754180908203,92.1555404663086,117.91000366210938,92.14600372314453,31.680017471313477,53.836891174316406,30.953153610229492
2017-02-23,70.9715805053711,203.61317443847656,92.43128967285156,118.94000244140625,93.82670593261719,31.545997619628906,54.402339935302734,30.997804641723633
2017-02-24,70.3485336303711,203.8715057373047,93.45772552490234,119.69999694824219,95.24693298339844,31.576045989990234,53.936676025390625,31.08708381652832
2017-02-27,70.42640686035156,204.19012451171875,92.90620422363281,119.12000274658203,94.99080657958984,31.63841438293457,54.24269485473633,31.005231857299805
2017-02-28,70.57439422607422,203.63900756835938,93.25086212158203,119.2300033569336,94.84337615966797,31.652286529541016,54.096343994140625,31.22101593017578
2017-03-01,72.89519500732422,206.4894256591797,91.68834686279297,119.05999755859375,96.12388610839844,32.29924392700195,55.22722625732422,31.36983299255371
2017-03-02,71.7581558227539,205.1890869140625,91.3582992553711,117.58000183105469,95.94538879394531,32.10746765136719,55.41348648071289,31.600492477416992
2017-03-03,72.27217864990234,205.3183135986328,91.59620666503906,117.51000213623047,96.06956481933594,32.29692459106445,54.85469055175781,31.607938766479492
2017-03-06,71.58683776855469,204.70684814453125,91.15878295898438,116.72000122070312,96.00748443603516,32.19525909423828,55.100833892822266,31.384721755981445
2017-03-07,71.18964385986328,204.0954132080078,90.88248443603516,115.77999877929688,96.1005859375,32.23686218261719,54.89461135864258,31.243343353271484
2017-03-08,71.03388214111328,203.7164306640625,90.39132690429688,115.05999755859375,96.31013488769531,32.11669921875,53.9034423828125,31.243343353271484
2017-03-09,71.31423950195312,203.97483825683594,89.66992950439453,114.47000122070312,97.74586486816406,32.04277420043945,54.32917022705078,31.273090362548828
2017-03-10,71.08840942382812,204.68963623046875,89.98453521728516,114.72000122070312,97.9476318359375,32.149044036865234,54.28926467895508,31.466556549072266
2017-03-13,71.15071105957031,204.79296875,89.4166488647461,114.73999786376953,98.31240844726562,32.16291427612305,54.162864685058594,31.549131393432617
2017-03-14,71.26751708984375,204.0093231201172,89.8464584350586,114.12000274658203,98.59953308105469,32.11439514160156,53.876808166503906,31.50409507751465
2017-03-15,71.4388427734375,205.774658203125,90.94393157958984,116.25,100.08183288574219,32.45405197143555,54.54868698120117,31.61669158935547
2017-03-16,71.36875915527344,205.3699188232422,90.48342895507812,116.7300033569336,99.69380187988281,32.507198333740234,54.59526443481445,31.71427345275879
2017-03-17,70.62110900878906,205.00929260253906,91.05136108398438,116.98999786376953,99.38336181640625,32.34545135498047,54.54868698120117,31.549131393432617
2017-03-20,70.1148910522461,204.78439331054688,91.44275665283203,117.51000213623047,99.3911361694336,32.68510055541992,54.54868698120117,31.66172981262207
2017-03-21,68.05887603759766,202.15504455566406,92.2025375366211,118.54000091552734,98.75474548339844,32.31078338623047,54.43560028076172,31.901918411254883
2017-03-22,68.16790771484375,202.63075256347656,92.57096862792969,118.83000183105469,97.98645782470703,32.67586898803711,54.3890495300293,31.811864852905273
2017-03-23,68.05887603759766,202.41455078125,92.44042205810547,118.66999816894531,97.70706939697266,32.56032943725586,54.455562591552734,31.654218673706055
2017-03-24,67.98101043701172,202.26751708984375,92.77050018310547,118.86000061035156,97.38111114501953,32.49563217163086,54.03645706176758,31.61669158935547
2017-03-27,67.94207000732422,202.05987548828125,93.19258117675781,119.52999877929688,97.62945556640625,32.551082611083984,54.049774169921875,31.76681137084961
2017-03-28,69.00122833251953,203.5302734375,92.57096862792969,119.04000091552734,97.52082061767578,33.22577667236328,54.4422721862793,31.849388122558594
2017-03-29,68.74423217773438,203.72059631347656,93.12348175048828,119.33000183105469,96.94650268554688,33.29970932006836,54.56197738647461,31.84188461303711
2017-03-30,69.33609008789062,204.36927795410156,92.37141418457031,118.47000122070312,96.74472045898438,33.25580596923828,55.6795768737793,31.976987838745117
2017-03-31,68.40933227539062,203.8935546875,92.64000701904297,118.72000122070312,96.65935516357422,33.19342041015625,54.555355072021484,31.856903076171875
2017-04-03,68.1601333618164,203.53890991210938,93.57438659667969,119.3499984741211,96.76799774169922,33.202667236328125,54.59526443481445,31.83437728881836
2017-04-04,68.38727569580078,203.66864013671875,93.06680297851562,119.62000274658203,96.76023864746094,33.449893951416016,54.79483413696289,32.03704071044922
2017-04-05,67.510009765625,203.06324768066406,93.35140228271484,119.62000274658203,96.85337829589844,33.276607513427734,54.901275634765625,31.954483032226562
2017-04-06,67.73716735839844,203.6340789794922,93.21299743652344,119.18000030517578,97.04740142822266,33.19342041015625,55.2205696105957,32.029541015625
2017-04-07,67.50218963623047,203.4264678955078,92.83612060546875,119.45999908447266,96.94650268554688,33.11949157714844,55.05428695678711,31.984498977661133
2017-04-10,67.2671890258789,203.547607421875,93.26676940917969,119.45999908447266,96.49637603759766,33.08021545410156,55.30040740966797,32.04454803466797
2017-04-11,67.14971160888672,203.3053436279297,94.15127563476562,121.19000244140625,96.40326690673828,32.72438049316406,55.10749053955078,32.022029876708984
2017-04-12,66.89122772216797,202.41455078125,94.66651153564453,122.0199966430664,97.31903839111328,32.763668060302734,55.19397735595703,32.23219680786133
2017-04-13,66.10795593261719,201.09986877441406,94.95878601074219,122.5999984741211,97.00083923339844,32.590370178222656,54.34247589111328,32.119606018066406
2017-04-17,67.25153350830078,202.881591796875,94.66651153564453,122.23999786376953,97.56736755371094,32.770599365234375,54.26930618286133,32.32978820800781
2017-04-18,66.70323944091797,202.27615356445312,95.90474700927734,122.81999969482422,94.54071807861328,32.625030517578125,53.91672897338867,32.637542724609375
2017-04-19,66.15497589111328,201.9042205810547,95.38179779052734,121.7300033569336,94.19147491455078,32.50487518310547,53.54419708251953,32.44989776611328
2017-04-20,67.00871276855469,203.547607421875,95.01260375976562,121.95999908447266,94.5794906616211,32.91154098510742,53.89011764526367,32.34479904174805
2017-04-21,66.20194244384766,202.89886474609375,95.01260375976562,122.30999755859375,94.4941177368164,32.872249603271484,53.67724609375,32.32978820800781
2017-04-24,68.53610229492188,205.13034057617188,94.54351806640625,121.4800033569336,95.37108612060547,33.18880844116211,53.95663833618164,32.48741912841797
2017-04-25,69.13140106201172,206.32394409179688,93.40525817871094,120.25,95.79016876220703,33.39444351196289,54.36907958984375,32.35981369018555
2017-04-26,69.2645492553711,206.19419860839844,93.92048645019531,120.83999633789062,95.8522720336914,33.19805145263672,54.149559020996094,32.4573974609375
2017-04-27,68.62226104736328,206.3671875,93.88977813720703,120.38999938964844,96.03074645996094,33.22344970703125,54.0564079284668,32.284751892089844
2017-04-28,68.14445495605469,205.91738891601562,94.09741973876953,120.7699966430664,95.82122802734375,33.19111251831055,54.31586837768555,32.38984298706055
2017-05-01,68.19143676757812,206.43638610839844,93.3151626586914,119.66999816894531,95.72035217285156,33.86811447143555,54.58859634399414,32.4423828125
2017-05-02,67.7528305053711,206.51426696777344,93.79301452636719,119.6500015258789,95.99971008300781,34.082977294921875,54.58195877075195,32.56999206542969
2017-05-03,68.14445495605469,206.26339721679688,93.8546142578125,117.9800033569336,95.71256256103516,33.97900390625,55.01435470581055,32.51744079589844
2017-05-04,68.2228012084961,206.50555419921875,93.39224243164062,116.79000091552734,96.1937484741211,33.85654830932617,54.3092155456543,32.77265930175781
2017-05-05,68.14445495605469,207.31857299804688,93.47699737548828,117.01000213623047,95.8522720336914,34.41802215576172,54.56197738647461,32.79518508911133
2017-05-08,68.2228012084961,207.28396606445312,92.96835327148438,116.75,95.65047454833984,35.35377502441406,55.14075469970703,32.945316314697266
2017-05-09,67.94865417480469,207.09365844726562,92.96067810058594,116.05000305175781,95.61943817138672,35.580230712890625,54.754905700683594,32.660072326660156
2017-05-10,68.48128509521484,207.4656219482422,92.85272216796875,116.04000091552734,95.30901336669922,35.41156005859375,55.00337600708008,32.705108642578125
2017-05-11,68.2697982788086,207.04176330566406,92.85272216796875,116.5,95.6116714477539,35.71780776977539,55.47341537475586,32.78017807006836
2017-05-12,68.08181762695312,206.6958465576172,93.55406951904297,116.83000183105469,95.95314025878906,36.21662902832031,55.43313217163086,32.72011947631836
2017-05-15,68.41078186035156,207.83753967285156,93.29973602294922,117.13999938964844,98.55297088623047,36.12383270263672,55.60102081298828,32.8252067565918
2017-05-16,68.62226104736328,207.64718627929688,93.64657592773438,117.6500015258789,99.1583251953125,36.07046127319336,55.43313217163086,32.915283203125
2017-05-17,66.0061264038086,203.96273803710938,95.01063537597656,119.79000091552734,98.30464172363281,34.859375,55.057098388671875,32.975337982177734
2017-05-18,65.76333618164062,204.78439331054688,95.11856079101562,118.80999755859375,98.53746795654297,35.39067459106445,54.89592361450195,32.87775421142578
2017-05-19,66.40560150146484,206.11631774902344,95.34207153320312,119.4000015258789,98.56071472167969,35.511314392089844,55.016822814941406,32.95281982421875
2017-05-22,66.34293365478516,207.1629180908203,95.08003997802734,119.9000015258789,98.76251983642578,35.72708511352539,55.25855255126953,33.163002014160156
2017-05-23,67.17323303222656,207.62130737304688,94.44035339355469,119.13999938964844,98.96429443359375,35.68301010131836,55.45329666137695,33.32062530517578
2017-05-24,67.13404083251953,208.1056365966797,94.9721450805664,119.61000061035156,98.9565200805664,35.576271057128906,55.25855255126953,33.80103302001953
2017-05-25,66.85205841064453,209.10023498535156,95.00297546386719,119.4800033569336,99.62837219238281,35.69923782348633,54.89592361450195,34.086280822753906
2017-05-26,66.8598861694336,209.0570526123047,95.16480255126953,120.54000091552734,99.1518325805664,35.63893508911133,54.76163864135742,34.071266174316406
2017-05-30,65.71633911132812,208.8754119873047,95.63495635986328,120.13999938964844,99.30026245117188,35.6528434753418,54.45944595336914,34.101295471191406
2017-05-31,64.34558868408203,208.82351684570312,95.87385559082031,120.62000274658203,100.19086456298828,35.441715240478516,54.05654525756836,34.131309509277344
2017-06-01,65.05838012695312,210.48411560058594,95.88386535644531,120.72000122070312,100.60491943359375,35.539161682128906,54.19085693359375,34.37151336669922
2017-06-02,64.72941589355469,211.18472290039062,97.01921081542969,121.61000061035156,101.62047576904297,36.065818786621094,53.385040283203125,34.44657516479492
2017-06-05,64.846923828125,211.02903747558594,96.41680908203125,121.7300033569336,101.83921813964844,35.71316909790039,53.80137252807617,34.521644592285156
2017-06-06,64.98007202148438,210.3544158935547,96.94198608398438,123.0999984741211,102.20640563964844,35.83380126953125,54.533302307128906,34.514129638671875
2017-06-07,65.72417449951172,210.74365234375,96.47859191894531,122.44999694824219,102.1438980102539,36.047264099121094,54.33186340332031,34.16133117675781
2017-06-08,66.53876495361328,210.84739685058594,96.22373962402344,121.6500015258789,101.98765563964844,35.959102630615234,54.137115478515625,33.87609100341797
2017-06-09,68.1131362915039,210.52735900878906,96.07698059082031,120.54000091552734,102.75324249267578,34.56471252441406,55.15110397338867,34.01871109008789
2017-06-12,68.12879180908203,210.48411560058594,96.04605865478516,120.36000061035156,102.97980499267578,33.738773345947266,55.68832015991211,34.02621841430664
2017-06-13,68.35592651367188,211.5133819580078,96.0615463256836,120.4800033569336,103.13603973388672,34.01022720336914,55.708465576171875,34.0792121887207
2017-06-14,68.2149658203125,211.2452850341797,97.54434204101562,119.81999969482422,103.72195434570312,33.67845153808594,55.11081314086914,34.28354263305664
2017-06-15,67.80765533447266,210.83876037597656,97.38990783691406,119.31999969482422,103.93287658691406,33.47658920288086,55.238399505615234,34.24570083618164
2017-06-16,67.50218963623047,210.88482666015625,97.58302307128906,119.33999633789062,104.9562759399414,33.00794982910156,56.064369201660156,34.29111862182617
2017-06-19,68.98258209228516,212.6404266357422,97.44397735595703,118.43000030517578,104.73754119873047,33.95222091674805,55.57416534423828,34.34408950805664
2017-06-20,68.5517578125,211.20635986328125,98.31670379638672,118.18000030517578,104.85470581054688,33.643646240234375,55.2719841003418,34.518157958984375
2017-06-21,68.23846435546875,211.1542205810547,98.51751708984375,118.5199966430664,105.39375305175781,33.84317398071289,54.68777084350586,34.222991943359375
2017-06-22,68.16011047363281,211.0586700439453,98.73377227783203,118.91999816894531,106.28433227539062,33.78748321533203,54.44602584838867,34.10946273803711
2017-06-23,68.03479766845703,211.31068420410156,98.68739318847656,119.43000030517578,106.58120727539062,33.93830108642578,54.801918029785156,34.24570083618164
2017-06-26,68.33245849609375,211.44972229003906,99.05813598632812,118.36000061035156,106.51085662841797,33.83157730102539,54.5534553527832,34.381927490234375
2017-06-27,68.9668960571289,209.74627685546875,98.00006103515625,118.80999755859375,105.47186279296875,33.34666442871094,54.46615982055664,34.094337463378906
2017-06-28,70.3532943725586,211.6235809326172,97.6756591796875,118.9000015258789,104.54222106933594,33.83389663696289,54.748199462890625,34.29867172241211
2017-06-29,71.39501953125,209.763671875,96.85699462890625,118.31999969482422,103.62037658691406,33.33506774902344,54.19085693359375,33.92784118652344
2017-06-30,71.59085083007812,210.15478515625,96.63302612304688,118.0199966430664,103.34695434570312,33.41395950317383,54.211002349853516,33.942970275878906
2017-07-03,73.04786682128906,210.5110626220703,96.32190704345703,116.08999633789062,103.82350158691406,33.29330825805664,55.1309700012207,33.874874114990234
2017-07-05,73.78030395507812,210.9978485107422,96.34515380859375,116.5199966430664,104.401611328125,33.430206298828125,54.29158401489258,33.92026901245117
2017-07-06,73.5440444946289,209.06834411621094,95.54800415039062,116.47000122070312,103.52664947509766,33.114662170410156,53.80137252807617,33.602413177490234
2017-07-07,73.9141845703125,210.42413330078125,94.9753189086914,115.27999877929688,103.54227447509766,33.45108413696289,53.86852264404297,33.5948371887207
2017-07-10,73.39440155029297,210.6501922607422,95.11460876464844,115.47000122070312,102.76885986328125,33.655250549316406,53.82822799682617,33.587276458740234
2017-07-11,73.11087036132812,210.4936981201172,95.27713012695312,115.62000274658203,102.51885986328125,33.7642936706543,54.123687744140625,33.54943084716797
2017-07-12,72.85884857177734,212.07554626464844,95.93498229980469,116.02999877929688,103.30009460449219,33.813011169433594,54.36543273925781,33.68564987182617
2017-07-13,73.3235092163086,212.43186950683594,95.33130645751953,115.81999969482422,103.01103973388672,34.283992767333984,54.37215042114258,33.625118255615234
2017-07-14,72.65408325195312,213.4226531982422,95.4473648071289,116.7699966430664,103.58915710449219,34.57863998413086,54.58031463623047,33.81431579589844
2017-07-17,71.97677612304688,213.39659118652344,95.71053314208984,117.29000091552734,103.23760223388672,34.69928741455078,54.29828643798828,33.85215377807617
2017-07-18,71.72473907470703,213.5095977783203,96.54637908935547,118.11000061035156,105.04219818115234,34.81992721557617,54.123687744140625,33.806739807128906
2017-07-19,71.8271255493164,214.66554260253906,96.5850601196289,118.08000183105469,105.62810516357422,35.03801345825195,54.29158401489258,33.92784118652344
2017-07-20,71.8271255493164,214.76112365722656,96.86365509033203,118.23999786376953,106.6905746459961,34.8802604675293,54.29828643798828,33.92026901245117
2017-07-21,71.58299255371094,214.5699462890625,97.27385711669922,119.26000213623047,105.70620727539062,34.86402130126953,53.80137252807617,34.0792121887207
2017-07-24,71.89012908935547,214.5177459716797,96.89459991455078,119.30999755859375,103.909423828125,35.28626251220703,53.63349533081055,33.93540573120117
2017-07-25,73.08724975585938,215.03919982910156,95.63314056396484,118.91999816894531,103.02667236328125,35.43708801269531,53.90208053588867,34.23813247680664
2017-07-26,72.40206146240234,215.04794311523438,95.78793334960938,119.87999725341797,102.30013275146484,35.604122161865234,53.96924591064453,34.61655044555664
2017-07-27,72.10276794433594,214.84803771972656,95.31587219238281,119.79000091552734,102.20640563964844,34.93129348754883,54.278141021728516,34.90412139892578
2017-07-28,71.89012908935547,214.59597778320312,95.88079833984375,120.69000244140625,103.00324249267578,34.68535614013672,53.45219039916992,34.82087326049805
2017-07-31,72.29966735839844,214.4743194580078,95.99687194824219,120.75,103.6828842163086,34.5067253112793,53.74766540527344,34.69221878051758
2017-08-01,73.26840209960938,214.95228576660156,96.6708755493164,120.6500015258789,103.51883697509766,34.8129768371582,53.83494567871094,34.586265563964844
2017-08-02,73.33140563964844,215.056640625,96.72516632080078,120.4000015258789,103.24541473388672,36.457908630371094,54.123687744140625,34.503013610839844
2017-08-03,72.85098266601562,214.63941955566406,97.72567749023438,120.58999633789062,104.175048828125,36.09366989135742,54.04983139038086,34.563560485839844
2017-08-04,73.76457977294922,215.03053283691406,96.89582824707031,119.6500015258789,104.0422592163086,36.28391647338867,53.86180114746094,34.43490219116211
2017-08-07,74.04810333251953,215.4303436279297,97.00438690185547,119.51000213623047,103.79228973388672,36.84537124633789,53.82822799682617,34.540863037109375
2017-08-08,73.78030395507812,214.90017700195312,96.65534210205078,119.86000061035156,103.33135223388672,37.140018463134766,53.693931579589844,34.51057815551758
2017-08-09,73.66217041015625,214.8915252685547,97.18278503417969,121.30999755859375,104.08132934570312,37.367393493652344,53.86180114746094,34.503013610839844
2017-08-10,72.60682678222656,211.8582305908203,98.01265716552734,122.20999908447266,103.971923828125,36.17716598510742,53.54314041137695,34.61655044555664
2017-08-11,72.00037384033203,212.17112731933594,98.05918884277344,122.79000091552734,103.979736328125,36.68027877807617,53.027835845947266,34.503013610839844
2017-08-14,72.84307861328125,214.2744140625,97.55503845214844,121.91999816894531,104.276611328125,37.23229217529297,53.041412353515625,34.661956787109375
2017-08-15,73.03211212158203,214.24832153320312,97.14399719238281,120.9800033569336,104.19849395751953,37.63991165161133,52.91258239746094,34.95709228515625
2017-08-16,72.52806854248047,214.6220703125,97.50080871582031,121.87000274658203,104.81564331054688,37.4885139465332,52.52610397338867,34.964664459228516
2017-08-17,71.39395141601562,211.27589416503906,98.22982025146484,122.48999786376953,103.93287658691406,36.768795013427734,51.705711364746094,34.70735549926758
2017-08-18,71.46483612060547,210.9456787109375,98.20659637451172,122.30000305175781,103.61261749267578,36.684940338134766,51.96335983276367,34.563560485839844
2017-08-21,71.3781967163086,211.1107940673828,98.44703674316406,122.76000213623047,104.25315856933594,36.617393493652344,51.78706741333008,34.57112503051758
2017-08-22,72.11064910888672,213.31837463378906,98.06697845458984,122.20999908447266,105.2297134399414,37.21599197387695,52.03115463256836,34.51057815551758
2017-08-23,72.19727325439453,212.55349731445312,98.73395538330078,122.66999816894531,103.7453842163086,37.26256561279297,51.943016052246094,34.46517562866211
2017-08-24,72.07916259765625,212.05810546875,98.36943054199219,122.29000091552734,103.81568145751953,37.09720993041992,51.753173828125,34.36678695678711
2017-08-25,72.37056732177734,212.55349731445312,98.74947357177734,122.73999786376953,103.52476501464844,37.234622955322266,52.017608642578125,34.487876892089844
2017-08-28,72.14215087890625,212.5622100830078,98.68740844726562,124.69000244140625,103.57197570800781,37.609622955322266,51.84809112548828,34.37436294555664
2017-08-29,71.74834442138672,212.8056182861328,99.00546264648438,124.41999816894531,103.94147491455078,37.94504928588867,51.83454132080078,34.397056579589844
2017-08-30,71.91377258300781,213.81373596191406,98.97441864013672,124.36000061035156,103.04525756835938,38.04753494262695,51.597225189208984,34.351654052734375
2017-08-31,71.58299255371094,215.10008239746094,99.26913452148438,125.81999969482422,104.06726837158203,38.19892501831055,51.753173828125,34.47274398803711
2017-09-01,72.22090911865234,215.40432739257812,98.50981140136719,126.05999755859375,103.01376342773438,38.2105598449707,51.915889739990234,34.64680480957031
2017-09-05,70.49610137939453,213.85719299316406,100.07198333740234,127.45999908447266,102.12539672851562,37.75171661376953,52.32949447631836,34.75276184082031
2017-09-06,70.9686508178711,214.58731079101562,99.45797729492188,126.80999755859375,102.73074340820312,37.71212387084961,53.414310455322266,34.78303909301758
2017-09-07,69.7242660522461,214.56121826171875,100.47612762451172,128.1300048828125,103.92577362060547,37.56071472167969,53.58381652832031,35.02522659301758
2017-09-08,69.63762664794922,214.30917358398438,100.25855255126953,127.97000122070312,102.97449493408203,36.9481315612793,53.44144058227539,35.04034423828125
2017-09-11,70.71663665771484,216.59503173828125,99.0616455078125,126.19000244140625,104.72766876220703,37.61663055419922,53.732967376708984,35.206851959228516
2017-09-12,71.58299255371094,217.32504272460938,98.54093170166016,126.55999755859375,104.27171325683594,37.46754837036133,53.90249252319336,35.358211517333984
2017-09-13,71.78773498535156,217.42935180664062,98.15229034423828,125.61000061035156,104.13015747070312,37.185707092285156,54.08555221557617,35.471736907958984
2017-09-14,71.64598846435547,217.35980224609375,98.55644989013672,126.16000366210938,105.49028015136719,36.86662673950195,54.30253219604492,35.174217224121094
2017-09-15,72.15788269042969,217.6523895263672,98.5953140258789,125.52999877929688,105.70252990722656,37.23928451538086,54.28896713256836,35.22761154174805
2017-09-18,73.18174743652344,218.11534118652344,98.02796173095703,124.36000061035156,106.4336929321289,36.95745086669922,54.30253219604492,35.174217224121094
2017-09-19,73.9850845336914,218.3336944580078,97.78701782226562,124.62000274658203,106.3078842163086,36.97142791748047,54.39066696166992,35.075050354003906
2017-09-20,74.5049057006836,218.41232299804688,97.85697174072266,123.62000274658203,104.73554992675781,36.35186767578125,54.61440658569336,34.9224967956543
2017-09-21,74.84355926513672,217.82711791992188,97.80254364013672,122.68000030517578,103.57986450195312,35.72764205932617,54.16691207885742,34.63261032104492
2017-09-22,74.6860122680664,217.8708038330078,98.08238220214844,123.23999786376953,103.29682922363281,35.37825012207031,54.187255859375,34.701263427734375
2017-09-25,74.12684631347656,217.42530822753906,98.69633483886719,124.52999877929688,103.12383270263672,35.06613540649414,54.90595245361328,34.85383987426758
2017-09-26,73.79605865478516,217.55633544921875,98.51762390136719,123.13999938964844,102.94304656982422,35.669395446777344,54.84492874145508,34.762298583984375
2017-09-27,74.96168518066406,218.403564453125,97.03311920166016,121.9800033569336,102.00745391845703,35.92329406738281,55.21106719970703,34.052860260009766
2017-09-28,75.11919403076172,218.6656036376953,96.7456283569336,122.20999908447266,101.7873306274414,35.70201873779297,55.72635269165039,34.25883483886719
2017-09-29,75.2215805053711,219.43417358398438,96.96324920654297,121.58000183105469,102.21189880371094,35.89765930175781,55.58396530151367,34.33510971069336
2017-10-02,76.26905822753906,220.38626098632812,96.78559875488281,120.7699966430664,103.16315460205078,35.82545852661133,55.34667205810547,34.1749153137207
2017-10-03,76.67072296142578,220.8579864501953,96.87909698486328,120.83000183105469,103.8550033569336,35.98151397705078,55.4348030090332,34.47242736816406
2017-10-04,75.89105224609375,221.12001037597656,96.88689422607422,121.16999816894531,104.47607421875,35.74859619140625,55.45517349243164,34.70890808105469
2017-10-05,76.91294860839844,222.43014526367188,96.52088165283203,120.5199966430664,104.71196746826172,36.19347381591797,55.611087799072266,34.72414779663086
2017-10-06,76.77826690673828,222.1768341064453,96.24829864501953,121.08999633789062,104.73554992675781,36.17251968383789,55.400909423828125,34.701263427734375
2017-10-09,76.37425994873047,221.80995178222656,96.55198669433594,122.08000183105469,104.91634368896484,36.29828643798828,55.617881774902344,34.64023971557617
2017-10-10,76.94463348388672,222.3951873779297,96.707763671875,122.4000015258789,105.27009582519531,36.312255859375,55.7738151550293,34.99114990234375
2017-10-11,76.71489715576172,222.74453735351562,96.89468383789062,122.79000091552734,107.43214416503906,36.46366882324219,56.00435256958008,35.16660690307617
2017-10-12,76.04155731201172,222.4126739501953,97.30743408203125,122.88999938964844,107.57363891601562,36.33555603027344,55.88909149169922,35.174217224121094
2017-10-13,75.93856048583984,222.68345642089844,98.00828552246094,123.81999969482422,107.25920104980469,36.56615447998047,55.875518798828125,35.22761154174805
2017-10-16,77.50708770751953,222.98036193847656,97.93821716308594,122.97000122070312,107.01548767089844,37.23928451538086,56.14674377441406,35.563270568847656
2017-10-17,77.33280944824219,223.13760375976562,98.06285095214844,122.12999725341797,110.68692779541016,37.37671661376953,56.24843978881836,35.48698806762695
2017-10-18,77.62589263916016,223.35597229003906,97.41644287109375,121.66999816894531,110.60044860839844,37.211341857910156,56.11283874511719,35.39544677734375
2017-10-19,77.720947265625,223.41708374023438,97.58775329589844,122.38999938964844,111.6697006225586,36.33088302612305,56.09926223754883,35.540382385253906
2017-10-20,78.83003234863281,224.57005310058594,96.55198669433594,121.61000061035156,111.95268249511719,36.39378356933594,56.350135803222656,35.380191802978516
2017-10-23,78.6953353881836,223.69662475585938,96.72332763671875,121.80000305175781,112.91187286376953,36.37514877319336,56.438270568847656,35.33442306518555
2017-10-24,79.9469985961914,224.089599609375,96.12364196777344,121.33000183105469,111.35523223876953,36.59177017211914,56.5942268371582,35.22761154174805
2017-10-25,80.02619934082031,222.98036193847656,95.66421508789062,121.3499984741211,111.92124938964844,36.43105697631836,56.39082717895508,35.12845993041992
2017-10-26,80.59656524658203,223.26861572265625,95.3448715209961,120.33000183105469,111.48885345458984,36.663970947265625,56.5942268371582,35.26577377319336
2017-10-27,80.6203384399414,225.09413146972656,95.97573852539062,120.9000015258789,111.46528625488281,37.97764205932617,56.75695037841797,35.14371109008789
2017-10-30,80.33516693115234,224.25563049316406,96.89468383789062,121.12999725341797,110.06585693359375,38.832462310791016,56.64167404174805,34.983524322509766
2017-10-31,79.70140075683594,224.6050262451172,96.92582702636719,120.66999816894531,109.6020278930664,39.372825622558594,56.51285934448242,35.075050354003906
2017-11-01,79.9469985961914,224.9019012451172,97.35737609863281,121.11000061035156,110.05014038085938,38.87205505371094,56.86544418334961,34.937744140625
2017-11-02,80.47773742675781,224.98928833007812,97.78661346435547,121.19000244140625,110.01085662841797,39.156219482421875,56.63488006591797,34.99877166748047
2017-11-03,80.33516693115234,225.74044799804688,98.05195617675781,120.62000274658203,110.1287612915039,40.17873001098633,56.3975944519043,35.06742477416992
2017-11-06,79.83609008789062,226.08984375,98.41879272460938,121.6500015258789,109.877197265625,40.58635330200195,56.784080505371094,34.68601989746094
2017-11-07,78.22794342041016,225.93263244628906,98.83235931396484,121.20999908447266,109.88504791259766,40.71678924560547,56.66881561279297,35.04454803466797
2017-11-08,77.34864807128906,226.31692504882812,98.61387634277344,121.62999725341797,111.10362243652344,41.049861907958984,56.5942268371582,35.22761154174805
2017-11-09,77.34070587158203,225.4959259033203,98.33293914794922,122.12999725341797,110.34101867675781,40.96601867675781,56.93323516845703,35.26577377319336
2017-11-10,77.24565887451172,225.42601013183594,96.85012817382812,121.12999725341797,109.71993255615234,40.83042526245117,56.75531005859375,35.502254486083984
2017-11-13,77.52291107177734,225.63563537597656,97.05303955078125,121.30999755859375,109.877197265625,40.666805267333984,56.721107482910156,35.63955307006836
2017-11-14,77.0555191040039,225.11155700683594,97.70858764648438,121.55999755859375,109.6648941040039,40.05202102661133,56.27631378173828,36.18117141723633
2017-11-15,77.78434753417969,223.98489379882812,98.76996612548828,121.41000366210938,109.35831451416016,39.52371597290039,55.57147979736328,35.70820617675781
2017-11-16,78.00616455078125,225.88893127441406,97.91148376464844,121.4000015258789,109.17747497558594,39.99592208862305,55.12668228149414,35.50988006591797
2017-11-17,77.74472045898438,225.22506713867188,98.63726043701172,122.86000061035156,108.49347686767578,39.773841857910156,54.9077262878418,34.86909103393555
2017-11-20,78.43391418457031,225.6094512939453,98.59821319580078,121.30999755859375,108.43843841552734,39.73411560058594,55.11985397338867,34.67838668823242
2017-11-21,78.37055969238281,227.0855255126953,98.91043090820312,121.51000213623047,108.76081085205078,40.472782135009766,55.338829040527344,34.9224967956543
2017-11-22,78.14083099365234,226.88465881347656,99.23040008544922,122.62999725341797,107.93528747558594,40.898223876953125,55.49620819091797,34.96825408935547
2017-11-24,77.88729858398438,227.40870666503906,98.957275390625,122.31999969482422,108.50133514404297,40.900569915771484,55.715187072753906,34.99877166748047
2017-11-27,77.57836151123047,227.2952117919922,98.8167495727539,122.83000183105469,109.23699951171875,40.694854736328125,55.503047943115234,35.014034271240234
2017-11-28,80.29557037353516,229.60105895996094,98.94949340820312,122.80999755859375,110.75569915771484,40.456424713134766,55.88626480102539,34.960636138916016
2017-11-29,82.17301177978516,229.4612579345703,97.97393798828125,122.04000091552734,110.58956146240234,39.61722183227539,56.29684829711914,34.70890808105469
2017-11-30,82.79885864257812,231.47021484375,97.64616394042969,121.0999984741211,110.20991516113281,40.17123794555664,56.994815826416016,35.20111083984375
2017-12-01,83.01274108886719,230.98980712890625,98.96385955810547,121.58999633789062,110.72406768798828,39.98423385620117,57.111148834228516,35.35492706298828
2017-12-04,84.72383880615234,230.7103271484375,99.01075744628906,121.18000030517578,109.95677185058594,39.6920280456543,57.18642044067383,35.554901123046875
2017-12-05,83.74946594238281,229.8805389404297,99.50341796875,120.31999969482422,110.47885131835938,39.65463638305664,56.721107482910156,35.57796096801758
2017-12-06,83.12361907958984,229.92422485351562,99.84747314453125,120.06999969482422,111.57830810546875,39.50735855102539,56.303688049316406,35.724082946777344
2017-12-07,82.8780746459961,230.6492462158203,99.06551361083984,118.48999786376953,110.74778747558594,39.579830169677734,56.48843002319336,35.20881271362305
2017-12-08,83.91580200195312,231.90695190429688,99.07333374023438,118.4800033569336,111.2065200805664,39.591514587402344,56.56370544433594,34.84733581542969
2017-12-11,83.67024993896484,232.6056671142578,98.8699951171875,118.01000213623047,111.64160919189453,40.36292266845703,56.816890716552734,34.86272048950195
2017-12-12,84.64464569091797,233.0162353515625,98.83091735839844,118.1500015258789,112.79650115966797,40.13618087768555,56.63214111328125,34.83195495605469
2017-12-13,83.5831298828125,232.99008178710938,99.57379913330078,119.16999816894531,113.0258560180664,40.2694206237793,56.87847137451172,35.30109786987305
2017-12-14,82.90975189208984,232.0380096435547,99.99613189697266,118.93000030517578,112.04501342773438,40.25773239135742,56.72793960571289,35.40106964111328
2017-12-15,84.08216857910156,233.97021484375,100.3714828491211,119.18000030517578,112.68571472167969,40.666805267333984,56.816890716552734,35.52412796020508
2017-12-18,84.73179626464844,235.453857421875,99.45648956298828,119.7300033569336,112.1636962890625,41.23950958251953,56.75531005859375,35.32417297363281
2017-12-19,84.37528991699219,234.54969787597656,98.16619873046875,119.81999969482422,112.14787292480469,40.8000373840332,56.413177490234375,35.47798156738281
2017-12-20,84.08216857910156,234.42674255371094,97.07919311523438,120.13999938964844,111.65743255615234,40.7556266784668,56.70742416381836,35.43954086303711
2017-12-21,85.42098999023438,234.9096221923828,97.64495849609375,120.30999755859375,111.57830810546875,40.909908294677734,57.37803649902344,35.07035827636719
2017-12-22,85.11994934082031,234.84814453125,97.77820587158203,120.94000244140625,110.83480834960938,40.909908294677734,57.46014404296875,35.06267166137695
2017-12-26,84.7793197631836,234.56716918945312,98.06816864013672,121.7699966430664,110.81106567382812,39.87203598022461,57.46699142456055,35.231876373291016
2017-12-27,84.93775177001953,234.6813507080078,99.34555053710938,122.2300033569336,111.1907730102539,39.87904739379883,57.412227630615234,35.32417297363281
2017-12-28,85.3892822265625,235.1641845703125,99.25938415527344,122.8499984741211,111.18282318115234,39.99123764038086,57.49435043334961,35.16265869140625
2017-12-29,84.71592712402344,234.27743530273438,99.41607666015625,123.6500015258789,110.51839447021484,39.55880355834961,57.23432159423828,35.285709381103516
2018-01-02,85.5160140991211,235.9542999267578,98.34249114990234,125.1500015258789,110.13079833984375,40.26707458496094,58.185489654541016,35.02422332763672
2018-01-03,85.60317993164062,237.4467010498047,98.81261444091797,124.81999969482422,111.18282318115234,40.260066986083984,59.32823944091797,34.947322845458984
2018-01-04,86.82949829101562,238.44754028320312,98.7969970703125,125.45999908447266,111.1749267578125,40.44707489013672,59.410377502441406,35.43954086303711
2018-01-05,86.27208709716797,240.0365753173828,98.514892578125,125.33000183105469,112.09246063232422,40.907569885253906,59.362457275390625,35.43183517456055
2018-01-08,86.39948272705078,240.47549438476562,98.45218658447266,125.30999755859375,112.23486328125,40.7556266784668,59.62934875488281,35.37800598144531
2018-01-09,86.83745574951172,241.01983642578125,97.13560485839844,124.7300033569336,114.01461791992188,40.750946044921875,59.37615966796875,35.554901123046875
2018-01-10,87.79304504394531,240.65109252929688,97.01805114746094,125.02999877929688,113.88014221191406,40.741600036621094,58.90400314331055,35.43183517456055
2018-01-11,88.26284790039062,242.4068603515625,97.41775512695312,125.44000244140625,114.52876281738281,40.9730224609375,59.48565673828125,35.40876007080078
2018-01-12,89.72007751464844,243.98712158203125,97.58232879638672,126.95999908447266,115.29607391357422,41.3961181640625,59.88936996459961,35.49336624145508
2018-01-16,89.40155792236328,243.15313720703125,97.98981475830078,127.16999816894531,116.16616821289062,41.185733795166016,59.51300811767578,35.78561782836914
2018-01-17,89.9748764038086,245.47073364257812,97.85659790039062,126.13999938964844,116.26105499267578,41.865966796875,60.21784210205078,36.00865936279297
2018-01-18,90.18990325927734,245.05816650390625,96.9475326538086,125.86000061035156,116.21361541748047,41.903385162353516,59.82780838012695,36.0548095703125
2018-01-19,89.9908447265625,246.1731414794922,96.43814849853516,126.41999816894531,116.56165313720703,41.71636962890625,59.63619613647461,36.27014923095703
2018-01-22,91.0419692993164,248.17478942871094,96.5322036743164,126.6500015258789,117.17859649658203,41.37508773803711,60.38894271850586,36.43935012817383
2018-01-23,90.94640350341797,248.7014923095703,96.9475326538086,127.27999877929688,112.1874008178711,41.384456634521484,60.42314147949219,36.4931755065918
2018-01-24,92.10901641845703,248.6049041748047,96.42247772216797,128.8300018310547,112.37727355957031,40.72524642944336,60.58053207397461,36.78543472290039
2018-01-25,92.13290405273438,248.71018981933594,97.21397399902344,127.97000122070312,114.22030639648438,39.998252868652344,60.471031188964844,36.79313278198242
2018-01-26,92.62663269042969,251.58975219726562,96.85350799560547,128.07000732421875,114.95589447021484,40.091758728027344,60.902130126953125,37.32379150390625
2018-01-29,92.53105163574219,249.92172241210938,96.1795654296875,127.3499984741211,113.65071868896484,39.261924743652344,60.22469711303711,36.685455322265625
2018-01-30,91.66307830810547,247.3583221435547,95.61532592773438,126.80000305175781,112.66200256347656,39.03049087524414,59.38300323486328,36.462425231933594
2018-01-31,92.10901641845703,247.48114013671875,96.1795654296875,127.6500015258789,109.30816650390625,39.138023376464844,59.73884201049805,36.600852966308594
2018-02-01,93.06458282470703,247.2001495361328,94.78560638427734,128.07000732421875,110.75569915771484,39.219844818115234,60.950050354003906,36.4931755065918
2018-02-02,91.00213623046875,241.8186798095703,93.90611267089844,126.38999938964844,108.9047622680664,37.518089294433594,57.84334945678711,35.9394416809082
2018-02-05,86.63837432861328,231.70521545410156,94.79349517822266,126.70999908447266,103.13838195800781,36.580718994140625,54.55189895629883,34.524322509765625
2018-02-06,89.27415466308594,236.2703857421875,94.20455169677734,125.37999725341797,104.27740478515625,38.1094970703125,53.61441421508789,34.35511016845703
2018-02-07,89.87935638427734,234.98858642578125,93.30929565429688,124.79000091552734,103.95310974121094,37.29368209838867,52.64955139160156,34.2705192565918
2018-02-08,85.90576171875,226.17445373535156,93.20714569091797,124.9800033569336,99.9506607055664,36.26748275756836,52.05421447753906,33.14766311645508
2018-02-09,87.62579345703125,229.57192993164062,92.61822509765625,124.7699966430664,102.45812225341797,36.711082458496094,52.38602828979492,33.17072677612305
2018-02-12,88.97950744628906,232.9430389404297,93.02657318115234,125.37000274658203,103.04347229003906,38.18976593017578,52.82847213745117,33.816768646240234
2018-02-13,89.52896881103516,233.52244567871094,93.44276428222656,126.08000183105469,102.79825592041016,38.57234573364258,52.745521545410156,33.985958099365234
2018-02-14,91.59938049316406,236.67416381835938,92.40618133544922,128.22999572753906,102.56886291503906,39.283512115478516,52.856117248535156,33.916744232177734
2018-02-15,91.98158264160156,239.69418334960938,92.72027587890625,128.3800048828125,103.80281066894531,40.60258865356445,52.68330001831055,34.439720153808594
2018-02-16,91.32068634033203,239.76441955566406,93.2228775024414,127.95999908447266,105.321533203125,40.47114562988281,52.91141891479492,34.59354019165039
2018-02-20,91.34455871582031,238.26318359375,92.81452941894531,126.23999786376953,103.51805877685547,40.335025787353516,52.365299224853516,33.83213424682617
2018-02-21,91.7267837524414,237.0779571533203,91.67583465576172,125.66000366210938,102.75872802734375,40.151947021484375,51.770774841308594,33.332237243652344
2018-02-22,91.55955505371094,237.38525390625,91.95069122314453,126.30000305175781,102.75872802734375,40.48757553100586,52.44133758544922,33.470672607421875
2018-02-23,93.41496276855469,241.1689910888672,92.76741027832031,126.13999938964844,104.427734375,41.19171905517578,53.595802307128906,33.87059020996094
2018-02-26,94.57756042480469,243.96957397460938,92.79884338378906,126.44999694824219,105.13621520996094,42.00615310668945,54.50138854980469,33.86289978027344
2018-02-27,93.45476531982422,240.92312622070312,92.66535186767578,125.12999725341797,104.81779479980469,41.87002944946289,53.57506561279297,33.547584533691406
2018-02-28,91.97364044189453,238.4825897216797,93.25428771972656,125.0,103.39283752441406,41.8066520690918,52.358375549316406,33.23994445800781
2018-03-01,90.32526397705078,235.0149688720703,93.89087677001953,124.72000122070312,101.32306671142578,41.0743522644043,51.98508071899414,33.401451110839844
2018-03-02,90.23768615722656,236.2263946533203,93.12757873535156,125.38999938964844,102.54901123046875,41.35836410522461,52.227046966552734,33.62448501586914
2018-03-05,91.62327575683594,238.95672607421875,92.87581634521484,125.18000030517578,103.32115936279297,41.501529693603516,52.724754333496094,33.75522994995117
2018-03-06,91.70291137695312,239.5625,92.96238708496094,126.52999877929688,102.07135009765625,41.46632385253906,52.66255187988281,33.7859992980957
2018-03-07,91.36046600341797,239.4747314453125,92.86003875732422,125.72000122070312,102.7240982055664,41.081398010253906,51.335269927978516,33.70139694213867
2018-03-08,91.36846923828125,240.6334991455078,93.39511108398438,125.41999816894531,105.12824249267578,41.529701232910156,51.238494873046875,34.185916900634766
2018-03-09,93.99626159667969,244.8211669921875,92.78137969970703,125.54000091552734,106.51342010498047,42.24321746826172,51.542659759521484,34.47049331665039
2018-03-12,93.69364929199219,244.5138397216797,93.3164291381836,125.54000091552734,105.58202362060547,42.651611328125,52.012733459472656,34.24745559692383
2018-03-13,92.57086944580078,242.93365478515625,93.78854370117188,125.77999877929688,106.95124816894531,42.240867614746094,51.52192306518555,34.2782096862793
2018-03-14,91.5356674194336,241.68698120117188,94.61483001708984,125.69999694824219,105.3352279663086,41.881771087646484,50.87902069091797,33.96785354614258
2018-03-15,91.76659393310547,241.4236297607422,94.61483001708984,124.9000015258789,105.9242935180664,41.931053161621094,51.44587707519531,33.882511138916016
2018-03-16,91.92585754394531,241.68539428710938,94.27645111083984,124.5999984741211,106.41786193847656,41.78318405151367,51.92979431152344,33.71957778930664
2018-03-19,91.20120239257812,238.41537475585938,93.97743225097656,124.87000274658203,103.67941284179688,41.144771575927734,51.25922775268555,33.564414978027344
2018-03-20,91.28881072998047,238.82078552246094,93.59974670410156,124.30999755859375,104.45157623291016,41.13069152832031,51.148624420166016,33.486812591552734
2018-03-21,91.36846923828125,238.36248779296875,93.70201110839844,126.4800033569336,104.43568420410156,40.198883056640625,51.874473571777344,33.36268615722656
2018-03-22,87.55411529541016,232.4040985107422,94.63056182861328,125.9800033569336,101.40266418457031,39.63089370727539,50.80988311767578,33.17646789550781
2018-03-23,85.2129898071289,227.4504852294922,94.55970764160156,127.61000061035156,99.58766174316406,38.71317672729492,50.388206481933594,32.84284210205078
2018-03-26,87.84078979492188,233.67332458496094,94.19779205322266,128.27999877929688,101.41063690185547,40.55095291137695,51.15555191040039,33.122154235839844
2018-03-27,86.13668823242188,229.69815063476562,95.20501708984375,127.48999786376953,101.26734161376953,39.51118850708008,50.948150634765625,33.27730941772461
2018-03-28,86.0013198852539,229.0194549560547,95.4568099975586,125.7300033569336,101.45838928222656,39.07462692260742,50.33290481567383,33.610958099365234
2018-03-29,87.57003784179688,231.9457550048828,95.92106628417969,125.79000091552734,102.015625,39.37974548339844,51.57722091674805,33.69630432128906
2018-04-02,85.88188934326172,226.9392547607422,96.11026763916016,127.26000213623047,99.1577377319336,39.12156295776367,50.61634063720703,33.10663604736328
2018-04-03,87.06041717529297,229.84791564941406,95.36902618408203,126.30000305175781,102.17481994628906,39.52292251586914,51.86066436767578,33.65751647949219
2018-04-04,88.38228607177734,232.30712890625,95.17193603515625,126.44999694824219,103.81474304199219,40.278682708740234,51.75696563720703,34.32475662231445
2018-04-05,89.54280090332031,234.14044189453125,94.46221160888672,125.80000305175781,104.05357360839844,40.5579948425293,52.551944732666016,34.44889831542969
2018-04-06,87.30982208251953,228.9224395751953,95.4952392578125,126.38999938964844,101.97586059570312,39.52056884765625,51.75696563720703,34.07649230957031
2018-04-09,88.35829162597656,230.05072021484375,95.65296936035156,126.81999969482422,103.07438659667969,39.91254425048828,51.75696563720703,34.00665283203125
2018-04-10,90.04700469970703,233.70855712890625,95.4794692993164,127.12000274658203,103.68737030029297,40.66361618041992,53.277801513671875,34.13079071044922
2018-04-11,88.53433990478516,232.4834442138672,95.81856536865234,128.11000061035156,103.19380950927734,40.4734992980957,53.526676177978516,34.13079071044922
2018-04-12,90.73529815673828,234.39608764648438,95.1167221069336,126.62000274658203,103.83065795898438,40.87250900268555,53.38150405883789,34.16182327270508
2018-04-13,88.27822875976562,233.70855712890625,95.33749389648438,127.44999694824219,103.98188018798828,41.01097869873047,53.81008529663086,34.53425979614258
2018-04-16,88.20620727539062,235.63006591796875,95.36902618408203,127.62999725341797,104.8894271850586,41.26681900024414,54.29398727416992,34.6661491394043
2018-04-17,88.20620727539062,238.1509552001953,95.6292724609375,127.75,103.91824340820312,41.834815979003906,54.14884948730469,34.82133102416992
2018-04-18,87.49390411376953,238.32723999023438,94.86437225341797,127.8499984741211,101.67333984375,41.74093246459961,54.76408767700195,34.53425979614258
2018-04-19,89.41473388671875,237.0050506591797,94.09156799316406,127.5999984741211,101.53800201416016,40.5579948425293,54.902339935302734,34.37908172607422
2018-04-20,89.21464538574219,234.9954833984375,93.41342163085938,126.62999725341797,100.82950592041016,38.896244049072266,54.611995697021484,33.936824798583984
2018-04-23,88.78246307373047,234.96017456054688,93.4370346069336,125.62000274658203,100.96482849121094,38.78357696533203,55.00603103637695,34.12303924560547
2018-04-24,88.36627197265625,231.79595947265625,93.0112533569336,126.2300033569336,100.45536041259766,38.243751525878906,54.162662506103516,33.416996002197266
2018-04-25,88.03013610839844,232.36878967285156,92.38831329345703,125.41000366210938,100.90910339355469,38.410396575927734,54.9576416015625,32.9204216003418
2018-04-26,88.1181640625,234.7310333251953,93.03491973876953,124.97000122070312,101.90415954589844,38.54418182373047,55.89779281616211,33.168704986572266
2018-04-27,87.55793762207031,234.951416015625,93.75251007080078,125.5,102.11116027832031,38.098228454589844,53.77553176879883,33.603187561035156
2018-04-30,87.06170654296875,233.1444854736328,93.91808319091797,124.58999633789062,100.69416809082031,38.78827667236328,53.74787521362305,33.525604248046875
2018-05-01,87.06170654296875,233.5586700439453,93.57987213134766,123.70999908447266,100.31204986572266,39.68956756591797,53.19484329223633,33.0445671081543
2018-05-02,86.37342071533203,231.9897918701172,93.47708892822266,123.6500015258789,98.31394958496094,41.44285202026367,53.091163635253906,32.63335037231445
2018-05-03,85.82916259765625,231.4785919189453,93.89594268798828,124.27999877929688,97.9397964477539,41.517967224121094,52.91141891479492,32.50145721435547
2018-05-04,86.78160858154297,234.475341796875,94.03822326660156,124.54000091552734,98.86319732666016,43.1468620300293,53.16027069091797,32.86611557006836
2018-05-07,87.533935546875,235.26869201660156,93.8880615234375,124.56999969482422,98.38558197021484,43.459022521972656,53.740970611572266,32.6954231262207
2018-05-08,88.83047485351562,235.26869201660156,93.80110168457031,124.58999633789062,97.6054458618164,43.66791915893555,53.9829216003418,32.439388275146484
2018-05-09,90.76732635498047,237.5427703857422,93.2400131225586,124.33000183105469,98.32189178466797,43.975379943847656,55.25489807128906,32.416107177734375
2018-05-10,91.47163391113281,239.76390075683594,93.99080657958984,125.18000030517578,99.78665161132812,44.60440444946289,56.4923095703125,32.72644805908203
2018-05-11,91.12747192382812,240.49549865722656,94.22789001464844,125.0,101.29122161865234,44.43475341796875,56.75764465332031,32.6954231262207
2018-05-14,91.15949249267578,240.610107421875,93.7300033569336,124.48999786376953,100.35185241699219,44.331085205078125,57.14173126220703,32.61783981323242
2018-05-15,90.46319580078125,238.95298767089844,92.66307830810547,122.4800033569336,99.61150360107422,43.92819595336914,57.11380386352539,32.369571685791016
2018-05-16,90.71128845214844,239.9578399658203,92.30745697021484,122.29000091552734,99.78665161132812,44.33816146850586,57.2744026184082,32.2376594543457
2018-05-17,90.40715026855469,239.75511169433594,91.8411865234375,122.36000061035156,98.59256744384766,44.05778884887695,57.176639556884766,32.819557189941406
2018-05-18,88.94253540039062,239.1556854248047,92.63146209716797,122.41000366210938,98.90302276611328,43.89754867553711,56.771629333496094,32.72644805908203
2018-05-21,89.75888061523438,240.95384216308594,92.67887115478516,122.4800033569336,98.48906707763672,44.20856475830078,57.45595932006836,32.90491485595703
2018-05-22,90.44718933105469,240.28396606445312,92.53665924072266,122.41000366210938,97.84427642822266,44.09782791137695,57.0090446472168,32.78076934814453
2018-05-23,90.03099822998047,240.94505310058594,93.20841979980469,122.54000091552734,98.27413940429688,44.38058090209961,57.365196228027344,32.89715576171875
2018-05-24,89.02255249023438,240.45138549804688,93.95128631591797,123.58999633789062,97.31886291503906,44.331085205078125,56.05237579345703,32.83509063720703
2018-05-25,88.56636810302734,239.8784637451172,94.53612518310547,123.20999908447266,97.41509246826172,44.432411193847656,54.963043212890625,32.89715576171875
2018-05-29,84.78070068359375,237.1197052001953,96.60664367675781,123.19000244140625,95.7550048828125,44.27219772338867,54.760528564453125,33.11438751220703
2018-05-30,86.71756744384766,240.28396606445312,95.95867156982422,123.37000274658203,97.01412200927734,44.17795181274414,56.911277770996094,33.46354293823242
2018-05-31,85.64510345458984,238.81199645996094,95.80062103271484,123.0999984741211,95.93143463134766,44.029502868652344,56.729732513427734,33.36268615722656
2018-06-01,86.757568359375,241.15647888183594,95.29443359375,122.48999786376953,97.24665832519531,44.823524475097656,57.14173126220703,33.45577621459961
2018-06-04,86.79757690429688,242.3024139404297,94.6052474975586,122.37000274658203,97.8000259399414,45.198158264160156,56.54119110107422,33.74285888671875
2018-06-05,86.30940246582031,242.4787139892578,94.82704162597656,122.8499984741211,97.42312622070312,45.5468635559082,56.338687896728516,33.44802474975586
2018-06-06,88.32625579833984,244.50599670410156,94.0586929321289,122.91999816894531,98.47367858886719,45.70473098754883,57.302330017089844,33.71957778930664
2018-06-07,88.67842102050781,244.4794921875,94.96967315673828,122.86000061035156,98.9067611694336,45.58221435546875,57.87492752075195,33.70405960083008
2018-06-08,88.92652893066406,245.20233154296875,94.6844711303711,123.01000213623047,99.49217224121094,45.16753005981445,58.37770080566406,34.09977340698242
2018-06-11,88.70243072509766,245.5284423828125,94.51020050048828,123.2300033569336,98.3694076538086,45.056785583496094,58.02855682373047,34.23942565917969
2018-06-12,88.19019317626953,245.8457489013672,94.53397369384766,122.81999969482422,98.27320861816406,45.30418014526367,57.553707122802734,34.456668853759766
2018-06-13,88.01412963867188,245.06129455566406,94.4864273071289,123.19000244140625,98.34539031982422,44.931915283203125,56.91827392578125,34.278202056884766
2018-06-14,86.46146392822266,245.6782684326172,95.27066040039062,123.37999725341797,98.1689453125,44.955474853515625,57.183624267578125,34.11383056640625
2018-06-15,86.35740661621094,245.36488342285156,95.35782623291016,121.33999633789062,98.329345703125,44.493656158447266,56.32472229003906,34.536521911621094
2018-06-18,86.58150482177734,244.86019897460938,95.27066040039062,121.11000061035156,97.2947998046875,44.470115661621094,56.436439514160156,34.0903434753418
2018-06-19,86.0772933959961,243.9216766357422,95.82512664794922,120.80000305175781,98.29724884033203,43.75147247314453,56.35263442993164,34.12947463989258
2018-06-20,86.06928253173828,244.33778381347656,94.98550415039062,120.26000213623047,97.8722152709961,43.94230651855469,56.17806625366211,33.863338470458984
2018-06-21,86.04527282714844,242.80601501464844,95.48453521728516,120.05000305175781,97.3990478515625,43.697288513183594,55.647361755371094,33.730262756347656
2018-06-22,84.63668060302734,243.24874877929688,95.47660064697266,120.33999633789062,98.51378631591797,43.5700569152832,56.82748794555664,33.85551452636719
2018-06-25,83.86833190917969,239.93751525878906,95.69047546386719,119.88999938964844,98.31328582763672,42.92210006713867,55.682289123535156,34.11383056640625
2018-06-26,83.92436218261719,240.46878051757812,95.82512664794922,119.26000213623047,98.12081146240234,43.45460510253906,56.31075668334961,33.91814422607422
2018-06-27,82.6277847290039,238.47657775878906,96.7281723022461,118.58000183105469,97.5273666381836,43.3909912109375,57.05791091918945,33.71460723876953
2018-06-28,83.98036193847656,239.84011840820312,96.75192260742188,118.22000122070312,97.84015655517578,43.70670700073242,57.23948287963867,34.02771759033203
2018-06-29,83.39611053466797,240.18531799316406,96.41919708251953,118.6500015258789,97.31083679199219,43.61481857299805,57.77019119262695,34.3330078125
2018-07-02,84.10044860839844,240.6988525390625,96.34386444091797,117.45999908447266,97.50330352783203,44.102535247802734,57.09284591674805,34.24689865112305
2018-07-03,82.9239273071289,239.84890747070312,96.85990142822266,118.6500015258789,98.40953826904297,43.33443069458008,57.42802810668945,34.43476486206055
2018-07-05,83.46307373046875,241.8055877685547,97.13777923583984,119.05000305175781,100.24604034423828,43.68313217163086,57.47690200805664,34.95923614501953
2018-07-06,83.73665618896484,243.850830078125,97.45530700683594,118.86000061035156,100.84752655029297,44.288665771484375,57.49087142944336,34.943572998046875
2018-07-09,86.32779693603516,246.04666137695312,96.828125,119.1500015258789,101.08809661865234,44.90363311767578,57.88890075683594,34.755706787109375
2018-07-10,85.79669189453125,246.9319610595703,96.8201675415039,118.93000030517578,102.15473175048828,44.84945297241211,58.419612884521484,35.20189666748047
2018-07-11,85.6115951538086,245.1258087158203,97.1933822631836,117.63999938964844,101.240478515625,44.26747512817383,57.67243576049805,35.060997009277344
2018-07-12,85.98176574707031,247.3480224609375,97.18538665771484,118.12999725341797,102.4594955444336,45.009666442871094,57.74226760864258,34.96705627441406
2018-07-13,85.58746337890625,247.54287719726562,97.4314956665039,117.61000061035156,100.99187469482422,45.08034896850586,58.17520523071289,35.021854400634766
2018-07-16,88.9832763671875,247.32150268554688,97.02660369873047,117.55000305175781,99.99742889404297,44.981388092041016,57.60260009765625,35.0140380859375
2018-07-17,88.91891479492188,248.32199096679688,96.84400177001953,116.27999877929688,103.5421142578125,45.10862731933594,57.47690200805664,35.42107391357422
2018-07-18,89.74774932861328,248.84434509277344,96.45499420166016,116.30999755859375,102.49154663085938,44.86122131347656,57.414066314697266,35.31930923461914
2018-07-19,88.42803192138672,247.90586853027344,97.0662841796875,115.80999755859375,100.9998779296875,45.209930419921875,57.26741409301758,35.31148910522461
2018-07-20,89.54655456542969,247.62258911132812,95.8753890991211,116.55999755859375,100.9277114868164,45.10626983642578,56.841461181640625,35.44456100463867
2018-07-23,91.21231079101562,248.08291625976562,94.69246673583984,116.0,101.55323028564453,45.146324157714844,56.841461181640625,35.186241149902344
2018-07-24,91.85604095458984,249.33132934570312,95.01795959472656,116.04000091552734,103.74263000488281,45.47382354736328,57.965721130371094,35.42890167236328
2018-07-25,92.68489074707031,251.4561309814453,94.86709594726562,116.68000030517578,103.14916229248047,45.90264892578125,58.37073516845703,36.078617095947266
2018-07-26,92.41931915283203,250.86297607421875,94.68453216552734,115.7699966430664,104.48043060302734,45.7589111328125,58.824615478515625,36.19603729248047
2018-07-27,93.36888122558594,249.16314697265625,94.84326934814453,115.83000183105469,105.49893951416016,44.99788284301758,57.204559326171875,36.17253875732422
2018-07-30,93.93218231201172,247.86166381835938,94.51776123046875,115.6500015258789,105.99614715576172,44.74577331542969,57.07886505126953,36.188209533691406
2018-07-31,92.49980926513672,249.0834503173828,95.0337905883789,115.98999786376953,106.27684783935547,44.83531188964844,56.91827392578125,36.50131607055664
2018-08-01,93.07115173339844,248.66729736328125,94.25959014892578,115.13999938964844,106.37307739257812,47.4765510559082,56.13616180419922,36.31344985961914
2018-08-02,93.4654312133789,250.0218963623047,94.39484405517578,114.5199966430664,105.25833892822266,48.86433792114258,55.801002502441406,36.14906311035156
2018-08-03,94.22185516357422,251.09323120117188,94.8643798828125,114.91999816894531,105.81971740722656,49.005699157714844,56.00349807739258,36.49348831176758
2018-08-06,94.24601745605469,252.0140380859375,94.9200439453125,114.33000183105469,105.87586975097656,49.26015853881836,55.989540100097656,36.516971588134766
2018-08-07,94.59201049804688,252.84632873535156,94.42670440673828,114.58999633789062,105.42674255371094,48.798362731933594,56.750675201416016,36.39956283569336
2018-08-08,94.78514862060547,252.7400360107422,94.52216339111328,114.91000366210938,105.19416046142578,48.831356048583984,56.37359619140625,36.12558364868164
2018-08-09,94.0528793334961,252.39479064941406,95.31790924072266,114.73999786376953,105.21823120117188,49.215396881103516,56.0872917175293,36.28215026855469
2018-08-10,93.12747955322266,250.70362854003906,96.01018524169922,114.69000244140625,104.85736083984375,49.06880569458008,56.03086471557617,36.07080078125
2018-08-13,91.6468276977539,249.7651824951172,95.81126403808594,112.95999908447266,104.43231964111328,49.38564682006836,55.42411422729492,35.87509536743164
2018-08-14,92.25839233398438,251.35887145996094,95.59638214111328,113.06999969482422,103.85490417480469,49.59371566772461,55.24775314331055,35.922054290771484
2018-08-15,91.49393463134766,249.4818572998047,96.15338897705078,111.19000244140625,104.60069274902344,49.70956802368164,54.28122329711914,36.07080078125
2018-08-16,92.3549575805664,251.50054931640625,96.14542388916016,111.0999984741211,106.24475860595703,50.43781280517578,55.02903747558594,36.180381774902344
2018-08-17,92.3549575805664,252.38592529296875,96.26477813720703,112.12999725341797,107.8406753540039,51.44506072998047,55.21246337890625,36.47782516479492
2018-08-20,92.23424530029297,252.9259033203125,96.90929412841797,112.69000244140625,109.77342987060547,50.943809509277344,55.60051345825195,36.5796012878418
2018-08-21,92.79755401611328,253.51914978027344,96.58309936523438,113.0199966430664,108.54639434814453,50.844482421875,55.61460494995117,36.180381774902344
2018-08-22,92.51590728759766,253.3686981201172,96.96504974365234,113.2699966430664,107.95297241210938,50.846866607666016,56.41182327270508,35.95337677001953
2018-08-23,92.32276916503906,253.03225708007812,97.1162338256836,112.19999694824219,108.35391235351562,50.95089340209961,55.790985107421875,35.77333068847656
2018-08-24,92.28256225585938,254.5551300048828,97.30719757080078,114.16000366210938,109.02760314941406,51.10930633544922,56.17195129394531,35.71853256225586
2018-08-27,93.91607666015625,256.5648498535156,96.75019073486328,114.58999633789062,108.92264556884766,51.53017807006836,56.72224807739258,35.7655029296875
2018-08-28,93.4573745727539,256.6888122558594,96.16932678222656,113.68000030517578,108.43826293945312,51.94630432128906,56.63758087158203,35.515010833740234
2018-08-29,93.15159606933594,258.0700378417969,96.29661560058594,114.19999694824219,108.87422943115234,52.721832275390625,57.046775817871094,35.483699798583984
2018-08-30,92.69293212890625,257.02520751953125,96.50350952148438,113.63999938964844,108.94686126708984,53.20654296875,56.799835205078125,35.186241149902344
2018-08-31,92.20206451416016,257.0340881347656,96.2807388305664,113.51000213623047,108.73699951171875,53.82129669189453,56.55997085571289,34.8887825012207
2018-09-04,92.66075134277344,256.5915222167969,95.72406005859375,112.93000030517578,107.95387268066406,53.993896484375,56.644649505615234,35.037513732910156
2018-09-05,92.21011352539062,255.90087890625,95.46885681152344,113.31999969482422,109.68150329589844,53.64159393310547,57.3995361328125,35.52284240722656
2018-09-06,91.81581115722656,255.1305694580078,95.81974029541016,113.54000091552734,110.49688720703125,52.750213623046875,56.764583587646484,35.828125
2018-09-07,91.99285125732422,254.6347198486328,95.00629425048828,113.2300033569336,110.86019897460938,52.32461166381836,57.73111343383789,35.78898620605469
2018-09-10,91.50198364257812,255.07742309570312,95.35719299316406,113.1500015258789,110.7713851928711,51.62238311767578,57.64643478393555,36.05513000488281
2018-09-11,92.08135986328125,255.91854858398438,94.63147735595703,113.22000122070312,111.82090759277344,52.92754364013672,58.457763671875,36.02381896972656
2018-09-12,90.9950180053711,255.98056030273438,94.85478973388672,114.16999816894531,112.50712585449219,52.270233154296875,58.64825439453125,36.19603729248047
2018-09-13,91.34907531738281,257.4945068359375,94.9983139038086,113.76000213623047,112.93495178222656,53.53282928466797,58.076812744140625,36.18024826049805
2018-09-14,91.33300018310547,257.5387878417969,94.54376983642578,113.0199966430664,112.61203002929688,52.925174713134766,58.50010681152344,36.306556701660156
2018-09-17,91.6065902709961,256.1752624511719,94.54376983642578,113.61000061035156,112.99150085449219,51.51597595214844,58.84579086303711,36.567073822021484
2018-09-18,91.97677612304688,257.5653076171875,93.55487060546875,113.44000244140625,113.45975494384766,51.601104736328125,59.001014709472656,36.259185791015625
2018-09-19,94.64835357666016,257.83978271484375,92.99661254882812,113.87999725341797,113.39514923095703,51.6318473815918,59.70650100708008,36.282875061035156
2018-09-20,95.46107482910156,259.92926025390625,93.4272232055664,114.2699966430664,114.62227630615234,52.02434539794922,59.84056091308594,36.819698333740234
2018-09-21,94.83341979980469,259.69183349609375,93.38737487792969,113.48999786376953,115.34888458251953,51.46397018432617,60.087467193603516,36.77233123779297
2018-09-24,93.92413330078125,258.8291320800781,93.14812469482422,113.47000122070312,113.40323638916016,52.20402526855469,61.09634017944336,36.36970901489258
2018-09-25,93.65857696533203,258.58905029296875,93.05243682861328,113.6500015258789,111.92583465576172,52.53505325317383,61.02579879760742,36.061832427978516
2018-09-26,92.55611419677734,257.8152160644531,93.7064208984375,113.05000305175781,111.5383071899414,52.11653518676758,60.51783752441406,36.196044921875
2018-09-27,92.15379333496094,258.53558349609375,93.77018737792969,112.05000305175781,111.5867919921875,53.187625885009766,60.51077651977539,36.32234191894531
2018-09-28,90.80189514160156,258.5623779296875,93.5229263305664,112.76000213623047,111.54641723632812,53.374427795410156,59.981632232666016,36.464439392089844
2018-10-01,91.33300018310547,259.4606628417969,92.83636474609375,112.56999969482422,112.77352142333984,53.73381805419922,60.538997650146484,36.49603271484375
2018-10-02,91.7112045288086,259.3094177246094,93.40383911132812,113.87000274658203,113.41130065917969,54.2114143371582,60.99756622314453,36.71706771850586
2018-10-03,92.57222747802734,259.45166015625,91.78130340576172,113.41999816894531,112.24067687988281,54.87109375,60.77886962890625,36.21182632446289
2018-10-04,93.40686798095703,257.423828125,91.1338882446289,113.4800033569336,112.49900817871094,53.90641403198242,60.376747131347656,36.196044921875
2018-10-05,92.88015747070312,255.98313903808594,90.3506088256836,113.80000305175781,112.29722595214844,53.031578063964844,60.20741271972656,36.219722747802734
2018-10-08,93.44738006591797,255.98313903808594,90.04685974121094,112.54000091552734,112.53134155273438,52.908634185791016,60.76474380493164,36.69339370727539
2018-10-09,92.79913330078125,255.6094970703125,90.95807647705078,112.5999984741211,112.3779525756836,53.64159393310547,61.032859802246094,36.622337341308594
2018-10-10,90.32760620117188,247.51612854003906,90.71028900146484,112.87999725341797,111.19120025634766,51.156585693359375,59.62889862060547,36.061832427978516
2018-10-11,87.62110900878906,242.06423950195312,91.81331634521484,115.77999877929688,108.05075073242188,50.70498275756836,57.56884765625,35.24081802368164
2018-10-12,86.6649169921875,245.4260711669922,91.49356842041016,115.2300033569336,108.07496643066406,52.51613998413086,57.41362762451172,35.27238082885742
2018-10-15,86.17057800292969,244.0475616455078,91.45362854003906,116.0,108.1395492553711,51.393035888671875,57.0185432434082,35.453956604003906
2018-10-16,88.0181655883789,249.38385009765625,91.66143798828125,115.80000305175781,110.24661254882812,52.52558898925781,57.286651611328125,35.911834716796875
2018-10-17,88.99867248535156,249.4282989501953,91.1178970336914,115.79000091552734,112.58785247802734,52.29861068725586,57.498287200927734,36.20393371582031
2018-10-18,87.58867645263672,245.8263702392578,91.08594512939453,115.91999816894531,112.6201400756836,51.07619857788086,57.7452278137207,36.006568908691406
2018-10-19,87.44285583496094,245.69287109375,90.8861312866211,116.01000213623047,112.25688171386719,51.85409927368164,57.82987976074219,36.57497024536133
2018-10-22,86.18679809570312,244.59005737304688,90.76625061035156,115.70999908447266,111.95813751220703,52.17094039916992,57.25136947631836,36.290767669677734
2018-10-23,85.28734588623047,243.34494018554688,91.0539779663086,116.38999938964844,112.15995025634766,52.6627311706543,56.32715606689453,36.598655700683594
2018-10-24,83.69908905029297,235.97189331054688,91.74131774902344,116.66000366210938,110.98128509521484,50.8563117980957,54.760948181152344,36.8907470703125
2018-10-25,84.97132873535156,240.20535278320312,91.35771179199219,116.4000015258789,111.78861236572266,51.969947814941406,55.24775314331055,36.71706771850586
2018-10-26,83.80445861816406,235.98077392578125,91.90923309326172,116.7699966430664,110.57764434814453,51.14240646362305,54.69746398925781,36.25129318237305
2018-10-29,84.96322631835938,234.67344665527344,91.701416015625,116.30999755859375,111.0458755493164,50.18246078491211,54.35882568359375,36.67759704589844
2018-10-30,86.46233367919922,238.15089416503906,91.24581909179688,115.80000305175781,113.62928009033203,50.43308639526367,55.57931900024414,37.601253509521484
2018-10-31,88.34229278564453,240.694580078125,90.7822265625,115.1500015258789,113.0157241821289,51.74769592285156,56.21428680419922,37.798606872558594
2018-11-01,88.30988311767578,243.25601196289062,90.86631774902344,116.62999725341797,113.68578338623047,52.542144775390625,56.912723541259766,37.688087463378906
2018-11-02,87.82366180419922,241.815185546875,89.73664093017578,116.6500015258789,113.57276916503906,49.056983947753906,57.815765380859375,37.893333435058594
2018-11-05,88.3990249633789,243.14926147460938,90.08915710449219,116.37000274658203,114.79986572265625,47.66434860229492,57.59706115722656,38.43806838989258
2018-11-06,88.81228637695312,244.68792724609375,90.03313446044922,116.04000091552734,115.09857940673828,48.179786682128906,57.84398651123047,38.76962661743164
2018-11-07,90.33570861816406,249.92637634277344,90.15327453613281,116.02999877929688,116.8585433959961,49.64099884033203,58.577701568603516,38.97488021850586
2018-11-08,91.06500244140625,249.4727783203125,90.1452407836914,115.77999877929688,117.30255126953125,49.467803955078125,57.64643478393555,38.94329071044922
2018-11-09,90.18174743652344,247.03585815429688,90.81828308105469,114.4800033569336,117.3348388671875,48.513980865478516,57.632198333740234,39.2196044921875
2018-11-12,88.28557586669922,242.4199981689453,91.41117858886719,113.66000366210938,117.56087493896484,46.070125579833984,56.89103698730469,39.369598388671875
2018-11-13,88.80420684814453,241.9663543701172,91.35509490966797,113.69999694824219,116.8019790649414,45.609832763671875,55.58688735961914,39.36171340942383
2018-11-14,86.97285461425781,240.3121337890625,91.41117858886719,114.63999938964844,116.45487976074219,44.321475982666016,55.15217208862305,39.28276443481445
2018-11-15,89.19314575195312,242.82012939453125,91.3711166381836,114.7699966430664,116.65670776367188,45.41526412963867,55.72228240966797,39.266971588134766
2018-11-16,89.1283187866211,243.45162963867188,91.89990997314453,115.62000274658203,117.85960388183594,45.91828155517578,56.27104949951172,39.60643005371094
2018-11-19,89.80899047851562,239.3337860107422,92.15631103515625,115.66999816894531,119.2643051147461,44.098445892333984,56.456302642822266,39.87484359741211
2018-11-20,87.88038635253906,234.9046173095703,92.18836212158203,115.66999816894531,118.23094177246094,41.99150466918945,54.85285949707031,38.982784271240234
2018-11-21,87.22403717041016,235.70504760742188,92.15631103515625,115.86000061035156,114.63032531738281,41.94407272338867,55.2733154296875,38.469635009765625
2018-11-23,86.42182159423828,234.13087463378906,92.2524642944336,115.7699966430664,114.82408905029297,40.87873077392578,53.798126220703125,38.698577880859375
2018-11-26,88.53678131103516,237.9108123779297,92.04414367675781,115.63999938964844,114.85655975341797,41.431556701660156,54.859989166259766,38.58016586303711
2018-11-27,88.90956115722656,238.7112274169922,92.14830780029297,114.94999694824219,116.35966491699219,41.34140396118164,54.90987777709961,38.97488021850586
2018-11-28,89.89813232421875,244.20758056640625,91.69960021972656,115.37999725341797,118.97576141357422,42.93108367919922,55.907562255859375,39.2432746887207
2018-11-29,89.1850357055664,243.67393493652344,92.0601577758789,115.73999786376953,118.49641418457031,42.60127639770508,56.3422966003418,38.97275924682617
2018-11-30,90.10071563720703,245.15919494628906,92.40470123291016,115.54000091552734,119.34943389892578,42.37113952636719,56.655853271484375,40.102638244628906
2018-12-03,90.9515609741211,248.405517578125,93.06080627441406,116.41000366210938,118.78890228271484,43.85169219970703,57.88162612915039,39.53769302368164
2018-12-04,86.89180755615234,240.35665893554688,94.61876678466797,117.12000274658203,118.64263153076172,41.92271423339844,56.60598373413086,39.45017623901367
2018-12-06,85.23871612548828,239.99191284179688,94.91593170166016,117.13999938964844,118.54513549804688,41.45529556274414,55.864810943603516,39.29104232788086
2018-12-07,83.69908905029297,234.41546630859375,95.09260559082031,118.08999633789062,118.1551513671875,39.977115631103516,55.33032989501953,39.06028366088867
2018-12-10,82.13513946533203,234.86024475097656,95.48611450195312,117.68000030517578,118.01704406738281,40.240482330322266,54.546409606933594,39.17963790893555
2018-12-11,81.33293151855469,234.91357421875,95.47002410888672,117.54000091552734,119.02447509765625,40.010337829589844,54.64618682861328,39.41835403442383
2018-12-12,81.85965728759766,236.096435546875,95.04441833496094,117.79000091552734,119.51197814941406,40.12185287475586,54.17583084106445,39.163726806640625
2018-12-13,81.9406967163086,236.01638793945312,94.81957244873047,117.52999877929688,120.11319732666016,40.560787200927734,54.859989166259766,39.36265182495117
2018-12-14,81.26811218261719,231.65835571289062,95.14879608154297,117.05999755859375,108.05638122558594,39.26293182373047,53.862266540527344,39.25920486450195
2018-12-17,80.23089599609375,227.1135711669922,95.70294189453125,117.87000274658203,104.92028045654297,38.89755630493164,52.7647819519043,38.45555877685547
2018-12-18,79.85002899169922,226.86456298828125,96.27607727050781,118.1500015258789,105.96024322509766,39.4029426574707,51.310977935791016,38.447593688964844
2018-12-19,78.83711242675781,223.46713256835938,97.54798126220703,117.43000030517578,103.67725372314453,38.173885345458984,50.441532135009766,38.11341857910156
2018-12-20,78.15644836425781,219.82955932617188,97.19377136230469,119.23999786376953,104.21344757080078,37.2105827331543,48.909332275390625,37.826961517333984
2018-12-21,76.30887603759766,215.3253173828125,97.17768859863281,118.72000122070312,104.06720733642578,35.76325988769531,48.5458869934082,37.85083770751953
2018-12-24,74.66390991210938,209.63580322265625,97.66067504882812,120.0199966430664,99.80183410644531,34.83790969848633,46.68586349487305,36.56978225708008
2018-12-26,77.75938415527344,220.2276153564453,96.61421966552734,119.66000366210938,102.9460220336914,37.291255950927734,48.91645431518555,37.34955978393555
2018-12-27,78.63453674316406,221.91845703125,96.63030242919922,120.56999969482422,103.51475524902344,37.04924011230469,49.1302490234375,37.819007873535156
2018-12-28,78.46436309814453,221.63211059570312,97.44331359863281,121.05999755859375,103.4009780883789,37.0682258605957,48.581512451171875,37.55644226074219
2018-12-31,79.10452270507812,223.57337951660156,97.81359100341797,121.25,104.84719848632812,37.42649841308594,48.595767974853516,37.67578887939453
2019-01-02,80.47398376464844,223.80592346191406,98.32880401611328,121.33000183105469,103.7909927368164,37.46920394897461,49.664737701416016,37.34160614013672
2019-01-03,79.33031463623047,218.46531677246094,99.4477310180664,122.43000030517578,102.1417007446289,33.73700714111328,48.9022216796875,37.11084747314453
2019-01-04,82.25484466552734,225.782958984375,98.29659271240234,121.44000244140625,103.85597229003906,35.17721939086914,50.705204010009766,37.85083770751953
2019-01-07,82.3120346069336,227.5631866455078,98.00680541992188,121.86000061035156,103.18977355957031,35.09891128540039,50.968894958496094,37.35751724243164
2019-01-08,82.15682220458984,229.70123291015625,97.74920654296875,121.52999877929688,105.5865249633789,35.76799774169922,51.3394775390625,37.77922821044922
2019-01-09,82.0179443359375,230.77474975585938,97.59628295898438,122.30999755859375,104.74967193603516,36.375396728515625,51.61027908325195,37.05516052246094
2019-01-10,82.009765625,231.58883666992188,96.96833801269531,121.58999633789062,105.38339233398438,36.491661071777344,51.34660339355469,37.45299530029297
2019-01-11,81.61766052246094,231.6782684326172,97.34673309326172,121.80000305175781,105.41590118408203,36.13338851928711,51.11142349243164,37.66782760620117
2019-01-14,82.45907592773438,230.2648162841797,96.98448944091797,122.08999633789062,104.22157287597656,35.59004592895508,51.047279357910156,37.516639709472656
2019-01-15,83.0635986328125,232.9037628173828,96.63030242919922,121.87999725341797,105.09905242919922,36.31846237182617,51.075801849365234,37.85083770751953
2019-01-16,83.73344421386719,233.46743774414062,96.72689056396484,122.2699966430664,104.02658081054688,36.76216125488281,51.054412841796875,37.33363342285156
2019-01-17,84.07656860351562,235.23875427246094,96.75106811523438,122.11000061035156,104.8796615600586,36.98043441772461,51.40360641479492,37.445037841796875
2019-01-18,85.4407958984375,238.3697052001953,96.2438735961914,121.0199966430664,106.17961883544922,37.20820999145508,52.0164909362793,37.88266372680664
2019-01-22,84.09288787841797,235.1492156982422,96.89594268798828,121.44999694824219,104.64405059814453,36.373023986816406,51.232566833496094,37.970191955566406
2019-01-23,83.8805160522461,235.64126586914062,96.85565948486328,121.27999877929688,104.64405059814453,36.52013397216797,50.81211853027344,38.40781021118164
2019-01-24,83.9295425415039,235.76649475097656,97.49162292480469,121.08999633789062,103.20600128173828,36.23066329956055,50.88338088989258,37.94632339477539
2019-01-25,84.46051025390625,237.76138305664062,97.02468872070312,122.86000061035156,104.18096923828125,37.43123245239258,51.11142349243164,37.69170379638672
2019-01-28,84.86079406738281,235.9544219970703,96.92809295654297,123.29000091552734,104.7984390258789,37.08481979370117,50.76935577392578,37.532554626464844
2019-01-29,85.09771728515625,235.64126586914062,97.41917419433594,123.9800033569336,105.88711547851562,36.70045852661133,50.961788177490234,37.715579986572266
2019-01-30,85.29376983642578,239.37159729003906,97.34673309326172,124.69000244140625,106.9514389038086,39.208370208740234,51.517642974853516,38.08158874511719
2019-01-31,84.55036926269531,241.47390747070312,98.18391418457031,124.75,108.12138366699219,39.4907112121582,52.223167419433594,38.29642105102539
2019-02-01,84.86079406738281,241.59017944335938,97.59088897705078,124.5,109.03129577636719,39.50969696044922,54.10456085205078,38.749961853027344
2019-02-04,85.1630630493164,243.28985595703125,97.15524291992188,123.95999908447266,107.95886993408203,40.63197708129883,53.320648193359375,39.18759536743164
2019-02-05,84.78726959228516,244.30975341796875,97.59896087646484,124.27999877929688,107.95886993408203,41.32716369628906,53.869388580322266,39.1955451965332
2019-02-06,84.74641418457031,243.9876708984375,97.64740753173828,123.44000244140625,108.05638122558594,41.34140396118164,53.634220123291016,39.1955451965332
2019-02-07,83.63541412353516,241.66175842285156,98.2928237915039,123.73999786376953,107.2845230102539,40.55842590332031,53.22088623046875,39.322853088378906
2019-02-08,82.80217742919922,241.9569854736328,98.71234130859375,124.20999908447266,107.56889343261719,40.60608673095703,53.307350158691406,39.38650894165039
2019-02-11,82.41006469726562,242.0911407470703,98.32506561279297,123.5999984741211,107.24390411376953,40.37255859375,53.39381408691406,39.47404098510742
2019-02-12,83.81513977050781,245.20428466796875,98.07501983642578,123.86000061035156,108.99883270263672,40.72044372558594,54.33055114746094,39.51382064819336
2019-02-13,84.21542358398438,246.00045776367188,97.703857421875,123.37000274658203,109.23445129394531,40.55126953125,54.943031311035156,39.61726379394531
2019-02-14,83.66810607910156,245.4547576904297,98.26055908203125,124.05999755859375,109.12065887451172,40.699005126953125,54.95744705200195,36.275367736816406
2019-02-15,86.22504425048828,248.12960815429688,98.41383361816406,124.80000305175781,110.8024673461914,40.60846710205078,55.995052337646484,35.996891021728516
2019-02-19,85.92279052734375,248.55889892578125,98.6639175415039,126.69999694824219,110.24186706542969,40.7299919128418,56.3697509765625,35.67066192626953
2019-02-20,86.33943176269531,249.05996704101562,98.38153839111328,126.4800033569336,110.77811431884766,40.99209976196289,56.58590316772461,35.885494232177734
2019-02-21,86.15966796875,248.17433166503906,97.50214385986328,125.05000305175781,110.02250671386719,40.76095962524414,56.074317932128906,36.49021911621094
2019-02-22,85.7757339477539,249.7130126953125,98.08306884765625,125.5,110.981201171875,41.216094970703125,56.506649017333984,36.028709411621094
2019-02-25,86.67433166503906,250.05294799804688,97.79258728027344,125.37000274658203,111.39012908935547,41.51632308959961,56.56429672241211,35.758174896240234
2019-02-26,86.01264953613281,249.8740692138672,98.27668762207031,125.58000183105469,111.3165054321289,41.5401611328125,56.679588317871094,35.559261322021484
2019-02-27,85.90645599365234,249.76666259765625,97.16327667236328,124.69000244140625,111.12023162841797,41.668827056884766,57.263240814208984,35.758174896240234
2019-02-28,85.25293731689453,249.30145263671875,96.83251190185547,123.98999786376953,111.74996185302734,41.25897216796875,56.94619369506836,36.076454162597656
2019-03-01,85.31011199951172,250.85806274414062,95.93749237060547,121.87999725341797,113.14849090576172,41.692657470703125,57.645145416259766,36.10829162597656
2019-03-04,85.11405181884766,249.94552612304688,96.68938446044922,121.55999755859375,113.2547836303711,41.902347564697266,57.868507385253906,36.323123931884766
2019-03-05,85.04871368408203,249.60560607910156,96.89156341552734,121.72000122070312,113.49197387695312,41.82610321044922,57.78206253051758,36.283329010009766
2019-03-06,84.73008728027344,248.0938262939453,97.24725341796875,121.61000061035156,113.753662109375,41.58543395996094,57.12635040283203,36.163970947265625
2019-03-07,84.1174087524414,246.01841735839844,97.87792205810547,121.51000213623047,113.05851745605469,41.10409164428711,57.76044845581055,36.028709411621094
2019-03-08,84.15006256103516,245.52635192871094,98.29024505615234,122.83999633789062,112.91130065917969,41.20178985595703,56.93179702758789,35.678619384765625
2019-03-11,85.24473571777344,249.08673095703125,97.99918365478516,122.23999786376953,113.32024383544922,42.629112243652344,57.48661804199219,36.74483108520508
2019-03-12,84.99150848388672,250.0260772705078,98.68640899658203,122.9800033569336,113.82725524902344,43.108070373535156,57.645145416259766,36.64139175415039
2019-03-13,85.27742767333984,251.6810302734375,98.5004653930664,123.83999633789062,114.01541900634766,43.2986946105957,58.156734466552734,36.77665328979492
2019-03-14,86.05348205566406,251.5199737548828,97.78898620605469,122.41000366210938,112.87858581542969,43.780025482177734,57.962188720703125,36.68034744262695
2019-03-15,87.04193878173828,252.7626495361328,98.43575286865234,122.97000122070312,112.53511810302734,44.34953689575195,57.75322341918945,36.35929489135742
2019-03-18,87.56477355957031,253.6791229248047,98.37918853759766,123.04000091552734,112.18341064453125,44.802276611328125,58.423362731933594,36.44758605957031
2019-03-19,87.24617004394531,253.7420196533203,98.16089630126953,123.37999725341797,113.22208404541016,44.44722366333008,58.272037506103516,36.56797409057617
2019-03-20,85.38362121582031,252.9783935546875,99.18769836425781,124.18000030517578,112.28157043457031,44.83563995361328,58.59629440307617,36.54389572143555
2019-03-21,84.03573608398438,255.8356170654297,99.40599060058594,123.68000030517578,112.94401550292969,46.48695373535156,58.93495178222656,36.5278434753418
2019-03-22,81.49513244628906,250.91172790527344,100.95024871826172,123.97000122070312,111.9708023071289,45.52427673339844,57.99100875854492,36.864952087402344
2019-03-25,80.81709289550781,250.72303771972656,101.11194610595703,124.91999816894531,111.72541809082031,44.973838806152344,57.587493896484375,36.945220947265625
2019-03-26,81.6258316040039,252.59193420410156,101.03914642333984,124.30000305175781,113.32841491699219,44.509178161621094,58.33687973022461,37.4348258972168
2019-03-27,81.34808349609375,251.27113342285156,101.9689712524414,123.6500015258789,113.43472290039062,44.90949630737305,57.8901252746582,37.410743713378906
2019-03-28,82.27120208740234,252.22364807128906,102.32469940185547,121.9000015258789,113.58193969726562,44.96906661987305,58.17837142944336,37.38666534423828
2019-03-29,82.69599151611328,253.81396484375,102.2276611328125,122.01000213623047,114.326171875,45.26215362548828,58.221595764160156,37.61140823364258
2019-04-01,85.48163604736328,256.8239440917969,100.77564239501953,121.52999877929688,113.66371154785156,45.569549560546875,58.89171600341797,37.4990348815918
2019-04-02,85.89010620117188,256.9498291015625,100.96198272705078,121.9800033569336,112.62507629394531,46.23198318481445,58.63951873779297,37.378631591796875
2019-04-03,86.06165313720703,257.3541564941406,100.0869140625,121.80000305175781,112.18341064453125,46.54890060424805,58.293663024902344,37.06561279296875
2019-04-04,86.89305877685547,258.03704833984375,100.3704605102539,122.11000061035156,110.87488555908203,46.62990951538086,59.122314453125,37.306400299072266
2019-04-05,86.687255859375,259.2860412597656,100.50010681152344,121.9800033569336,111.3737564086914,46.94206619262695,59.43935012817383,37.298370361328125
2019-04-08,86.96713256835938,259.4835510253906,100.14361572265625,122.51000213623047,111.3410415649414,47.680747985839844,59.806827545166016,37.36258316040039
2019-04-09,86.3250961303711,258.15374755859375,100.45966339111328,123.1500015258789,110.87488555908203,47.537776947021484,59.03584289550781,37.45890426635742
2019-04-10,86.71195220947266,259.0343322753906,100.70272827148438,123.52999877929688,110.883056640625,47.80464553833008,58.76921844482422,37.4348258972168
2019-04-11,87.44458770751953,258.96246337890625,100.1112289428711,121.94999694824219,110.58045959472656,47.40672302246094,59.05024337768555,37.49100112915039
2019-04-12,91.54391479492188,260.7145690917969,99.39814758300781,121.83000183105469,111.21021270751953,47.38764953613281,58.308067321777344,37.51509094238281
2019-04-15,90.49848937988281,260.5438232421875,99.64932250976562,121.5999984741211,111.65184020996094,47.47343826293945,58.11350631713867,37.723758697509766
2019-04-16,91.45337677001953,260.7145690917969,99.02539825439453,120.51000213623047,112.87858581542969,47.478206634521484,58.509822845458984,37.68363571166992
2019-04-17,94.08749389648438,260.0766906738281,99.06592559814453,120.27999877929688,113.2874984741211,48.402740478515625,58.675540924072266,37.9484977722168
2019-04-18,93.39604187011719,260.58880615234375,99.58452606201172,120.37000274658203,112.46967315673828,48.576690673828125,58.459373474121094,38.10902786254883
2019-04-22,93.51129150390625,260.81341552734375,99.1064453125,120.37000274658203,112.72319793701172,48.736351013183594,59.73479461669922,38.04482650756836
2019-04-23,93.62651062011719,263.1585998535156,99.31708526611328,120.12000274658203,114.41612243652344,49.43928527832031,60.08064270019531,38.69495391845703
2019-04-24,93.47013854980469,262.5744934082031,100.12741088867188,120.47000122070312,113.8436508178711,49.363037109375,58.9133415222168,38.510345458984375
2019-04-25,93.5195083618164,262.4127197265625,99.98155212402344,120.56999969482422,114.2116928100586,48.91505813598633,59.244789123535156,38.39798355102539
2019-04-26,94.22745513916016,263.634765625,100.32188415527344,121.37000274658203,114.81687927246094,48.68154525756836,57.99821853637695,38.735084533691406
2019-04-29,95.5856704711914,264.04815673828125,99.68173217773438,120.83000183105469,114.3670654296875,48.755401611328125,57.62351608276367,38.86350631713867
2019-04-30,95.52802276611328,264.1828308105469,100.19222259521484,121.19999694824219,115.47931671142578,47.81657028198242,57.846893310546875,39.377193450927734
2019-05-01,94.79541778564453,262.1971435546875,100.60555267333984,120.4000015258789,116.09270477294922,50.163673400878906,56.68679428100586,38.999961853027344
2019-05-02,95.00120544433594,261.6310729980469,100.12645721435547,119.94000244140625,115.54475402832031,49.83721923828125,55.69243621826172,38.83943557739258
2019-05-03,95.5856704711914,264.1918640136719,100.4106674194336,120.6500015258789,116.14180755615234,50.456756591796875,55.82211685180664,39.10429000854492
2019-05-06,94.73776245117188,263.1046447753906,100.6867446899414,120.80999755859375,116.20720672607422,49.67756652832031,55.5771369934082,38.903629302978516
2019-05-07,93.19025421142578,258.71087646484375,101.45814514160156,121.20999908447266,114.4734115600586,48.33841323852539,55.28169631958008,38.526390075683594
2019-05-08,92.69635009765625,258.3514709472656,101.0196533203125,120.91000366210938,114.326171875,48.34793472290039,55.36815643310547,38.406002044677734
2019-05-09,92.62225341796875,257.5697937011719,101.43376159667969,121.19999694824219,113.45925903320312,47.828487396240234,55.317718505859375,38.04482650756836
2019-05-10,92.61404418945312,258.8636779785156,101.29571533203125,121.43000030517578,113.72095489501953,47.1659049987793,55.79875183105469,38.67889404296875
2019-05-13,90.09514617919922,252.3583526611328,102.09146118164062,122.66999816894531,112.20797729492188,44.42464065551758,55.17924499511719,38.5665397644043
2019-05-14,90.81131744384766,254.64059448242188,101.79103088378906,122.45999908447266,111.89720916748047,45.12789535522461,55.25211715698242,39.08022689819336
2019-05-15,90.46556854248047,256.1322326660156,102.41627502441406,122.38999938964844,111.9708023071289,45.66849899291992,55.6602783203125,39.47351837158203
2019-05-16,91.62623596191406,258.5042724609375,102.07524871826172,121.51000213623047,113.03398895263672,45.46755599975586,55.65298843383789,39.7945671081543
2019-05-17,91.18172454833984,256.83294677734375,102.30256652832031,120.6500015258789,113.36112976074219,45.20922088623047,55.32501220703125,39.489566802978516
2019-05-20,91.65918731689453,255.13479614257812,102.09146118164062,120.63999938964844,113.20574951171875,43.7955322265625,55.317726135253906,39.208641052246094
2019-05-21,91.97198486328125,257.4350280761719,101.9290771484375,120.36000061035156,112.96035766601562,44.635135650634766,55.572818756103516,39.00798034667969
2019-05-22,91.22286987304688,256.64434814453125,102.51371765136719,120.23999786376953,113.48379516601562,43.72138214111328,55.06992721557617,39.850746154785156
2019-05-23,89.42837524414062,253.5084686279297,103.66673278808594,121.16999816894531,114.326171875,42.97506332397461,53.779903411865234,40.01126480102539
2019-05-24,90.3092041015625,254.08358764648438,103.75608825683594,121.30000305175781,114.33442687988281,42.81001281738281,54.005836486816406,39.81864547729492
2019-05-28,89.32960510253906,251.7204132080078,104.50306701660156,120.83000183105469,112.86869812011719,42.63301086425781,52.919883728027344,39.40929412841797
2019-05-29,89.0826416015625,250.03118896484375,104.81974029541016,120.87000274658203,108.14215087890625,42.4296875,52.591915130615234,39.01601028442383
2019-05-30,88.12779235839844,250.7140655517578,105.7210464477539,121.69000244140625,108.78441619873047,42.64976501464844,52.45344924926758,39.52968978881836
2019-05-31,87.22233581542969,247.33563232421875,107.04463195800781,123.33000183105469,107.99392700195312,41.87712860107422,51.578853607177734,39.433372497558594
2019-06-03,87.6338882446289,246.7067108154297,107.76063537597656,125.11000061035156,108.23273468017578,41.45375061035156,52.38785934448242,40.11560821533203
2019-06-04,90.33387756347656,252.06185913085938,106.53197479248047,125.1500015258789,110.11839294433594,42.97028732299805,53.6341438293457,40.13166427612305
2019-06-05,90.65491485595703,254.24520874023438,105.92991638183594,125.47000122070312,110.65365600585938,43.66396713256836,53.189544677734375,40.757720947265625
2019-06-06,90.85245513916016,255.8984375,106.27165985107422,125.87999725341797,112.54753875732422,44.3050422668457,54.15890121459961,41.25535202026367
2019-06-07,89.85643768310547,258.4593200683594,107.19107055664062,126.58999633789062,114.08734130859375,45.484291076660156,54.355674743652344,41.32759094238281
2019-06-10,90.8277587890625,259.64532470703125,106.18213653564453,125.33000183105469,114.47441864013672,46.0655632019043,54.59619140625,41.239295959472656
2019-06-11,91.1076431274414,259.58245849609375,106.24723052978516,125.18000030517578,115.10018920898438,46.59897994995117,54.54518127441406,41.199180603027344
2019-06-12,89.94698333740234,259.12420654296875,106.32857513427734,125.83000183105469,116.66471099853516,46.45068359375,53.954811096191406,41.44799041748047
2019-06-13,90.16924285888672,260.1934509277344,106.69479370117188,126.5999984741211,115.86602783203125,46.44110870361328,54.428558349609375,41.3590087890625
2019-06-14,90.39973449707031,259.9059143066406,106.9632568359375,126.55999755859375,115.3554458618164,46.10383224487305,54.18804168701172,41.504608154296875
2019-06-17,89.90582275390625,260.0047607421875,107.1504135131836,126.4800033569336,114.82024383544922,46.3789176940918,54.72737121582031,41.148685455322266
2019-06-18,91.13233947753906,262.7272644042969,107.6874008178711,127.12000274658203,115.47074890136719,47.469661712646484,55.20109939575195,40.96263885498047
2019-06-19,90.47381591796875,263.3202209472656,107.84202575683594,127.88999938964844,115.65190124511719,47.33094024658203,54.89500427246094,41.35091781616211
2019-06-20,90.70429992675781,265.836181640625,108.12677764892578,131.11000061035156,117.10115051269531,47.71128463745117,55.8351936340332,41.787723541259766
2019-06-21,90.08692169189453,265.44970703125,106.93881225585938,131.97999572753906,117.00233459472656,47.54861068725586,56.622318267822266,41.69874954223633
2019-06-24,89.44486999511719,265.12469482421875,107.7362289428711,133.94000244140625,117.80107116699219,47.50076675415039,56.08298110961914,41.9980354309082
2019-06-25,88.70401000976562,262.52435302734375,108.0698471069336,134.1999969482422,118.77275848388672,46.78078079223633,55.58738327026367,41.86860656738281
2019-06-26,89.29667663574219,262.26251220703125,107.3781967163086,132.97000122070312,116.80472564697266,47.792606353759766,55.82787322998047,41.35091781616211
2019-06-27,89.59303283691406,263.1925048828125,108.13492584228516,132.83999633789062,115.84950256347656,47.77825927734375,55.25941848754883,41.31856918334961
2019-06-28,92.02957153320312,264.546875,108.06168365478516,133.1999969482422,114.68849182128906,47.342899322509766,55.84976577758789,41.18912887573242
2019-07-01,93.5771255493164,266.94854736328125,107.80895233154297,130.6199951171875,114.75433349609375,48.21120834350586,55.79875183105469,41.73918151855469
2019-07-02,93.67591857910156,267.64373779296875,108.64046478271484,133.41000366210938,115.30609130859375,48.493465423583984,55.18654251098633,42.04657745361328
2019-07-03,93.52670288085938,269.7835693359375,109.41503143310547,133.6300048828125,117.04352569580078,48.895320892333984,55.71128845214844,42.14363479614258
2019-07-05,94.08211517333984,269.47662353515625,107.96382904052734,132.13999938964844,115.750732421875,48.85226821899414,55.48535919189453,42.151737213134766
2019-07-08,93.56815338134766,267.995849609375,108.11055755615234,131.2899932861328,116.080078125,47.8452262878418,55.74043655395508,42.062747955322266
2019-07-09,93.96604919433594,268.33001708984375,108.06982421875,131.75,116.44241333007812,48.13705825805664,55.704002380371094,41.73109817504883
2019-07-10,93.6925048828125,269.6120300292969,107.47470092773438,133.8300018310547,116.27774047851562,48.61305618286133,56.49113464355469,41.91714859008789
2019-07-11,94.58780670166016,270.24407958984375,106.03984832763672,132.6999969482422,115.37194061279297,48.259056091308594,56.53486633300781,42.09511184692383
2019-07-12,95.58260345458984,271.4539794921875,106.16215515136719,133.52999877929688,110.58776092529297,48.62980270385742,56.578590393066406,42.15981674194336
2019-07-15,94.42200469970703,271.5441589355469,106.77357482910156,133.52999877929688,110.92536163330078,49.08668899536133,56.17772674560547,42.16790771484375
2019-07-16,95.43336486816406,270.66845703125,106.45562744140625,132.39999389648438,109.10557556152344,48.91685485839844,55.3395881652832,42.175994873046875
2019-07-17,94.49662017822266,268.82647705078125,107.6051254272461,134.5800018310547,108.5785903930664,48.64179611206055,55.011619567871094,42.20835494995117
2019-07-18,95.06031799316406,269.8106994628906,107.61331176757812,136.47999572753906,108.75151062011719,49.1943244934082,54.54518127441406,42.08701705932617
2019-07-19,94.12356567382812,268.31182861328125,107.360595703125,134.47000122070312,107.3022232055664,48.45998001098633,54.65449142456055,41.56931686401367
2019-07-22,94.72871398925781,268.9709777832031,107.56433868408203,134.4499969482422,105.9271011352539,49.567481994628906,54.71279525756836,41.43180465698242
2019-07-23,96.46133422851562,270.89410400390625,106.97740936279297,133.69000244140625,106.091796875,49.95499038696289,54.931453704833984,43.94747543334961
2019-07-24,96.85092163085938,272.1672668457031,107.44209289550781,134.3699951171875,106.86579895019531,49.91432189941406,54.92416000366211,43.50259017944336
2019-07-25,95.9224853515625,270.86700439453125,106.92845153808594,133.4199981689453,107.9692153930664,49.51964569091797,54.61076354980469,42.92826843261719
2019-07-26,96.34524536132812,272.68194580078125,107.18121337890625,133.63999938964844,107.64808654785156,49.69187927246094,54.52330017089844,43.81806564331055
2019-07-29,96.03854370117188,272.185302734375,107.21379852294922,134.52999877929688,109.53375244140625,50.15591812133789,54.909576416015625,43.672462463378906
2019-07-30,95.82301330566406,271.5171203613281,107.47470092773438,134.97999572753906,108.75975036621094,49.94063949584961,54.9168701171875,43.45405578613281
2019-07-31,96.16288757324219,268.546630859375,108.3388671875,133.2100067138672,107.2281265258789,50.95965576171875,54.19533157348633,42.57235336303711
2019-08-01,93.62618255615234,266.2080993652344,110.49053192138672,136.41000366210938,107.28578186035156,49.85691833496094,52.81055450439453,42.08701705932617
2019-08-02,93.61788177490234,264.2037353515625,111.51156616210938,135.88999938964844,107.92808532714844,48.802032470703125,52.29310607910156,42.32968521118164
2019-08-05,90.83248901367188,256.2582702636719,113.43944549560547,137.7899932861328,107.1787338256836,46.247352600097656,51.22174072265625,41.77963638305664
2019-08-06,91.54542541503906,259.851806640625,114.3461685180664,138.91000366210938,107.68102264404297,47.12283706665039,51.71733474731445,42.281158447265625
2019-08-07,89.55584716796875,260.0052185058594,114.38700866699219,141.02000427246094,107.21990203857422,47.610809326171875,51.382076263427734,43.01725387573242
2019-08-08,91.07289123535156,265.1066589355469,114.63201141357422,141.72999572753906,108.43033599853516,48.66090774536133,52.752262115478516,43.42979049682617
2019-08-09,90.97341918945312,263.30084228515625,114.40328979492188,141.25999450683594,108.72677612304688,48.259944915771484,51.62986373901367,43.211387634277344
2019-08-12,89.26569366455078,260.0955810546875,116.78863525390625,142.6300048828125,108.63619995117188,48.13746643066406,51.37898254394531,43.03342819213867
2019-08-13,90.64180755615234,264.1405334472656,116.38833618164062,141.77999877929688,109.86314392089844,50.176021575927734,52.01356506347656,43.276100158691406
2019-08-14,86.87821197509766,256.33056640625,119.01048278808594,142.75,107.26107025146484,48.682525634765625,49.91798400878906,42.86355972290039
2019-08-15,87.20980834960938,257.0077209472656,120.3338623046875,143.6999969482422,107.49162292480469,48.44001007080078,49.622825622558594,43.575401306152344
2019-08-16,89.2988510131836,260.7998046875,119.36992645263672,142.77999877929688,108.1668472290039,49.58293914794922,50.397605895996094,44.0121955871582
2019-08-19,90.10295867919922,263.9419250488281,117.66265869140625,141.11000061035156,108.89971160888672,50.507354736328125,51.24617385864258,44.238685607910156
2019-08-20,88.95894622802734,261.9194641113281,118.87981414794922,142.2100067138672,107.54106140136719,50.509761810302734,50.93625259399414,43.583492279052734
2019-08-21,89.2076644897461,264.05023193359375,118.08746337890625,141.75999450683594,108.30685424804688,51.057220458984375,51.44539260864258,43.761436462402344
2019-08-22,90.12783813476562,263.96893310546875,117.30323791503906,141.39999389648438,108.09272003173828,51.013999938964844,51.334712982177734,44.0769157409668
2019-08-23,87.88954162597656,257.188232421875,119.23115539550781,144.1699981689453,105.17777252197266,48.656105041503906,49.7999153137207,43.470237731933594
2019-08-26,88.5942153930664,260.0323791503906,118.74915313720703,144.19000244140625,106.02397155761719,49.580535888671875,50.065555572509766,44.11735534667969
2019-08-27,87.65743255615234,259.01214599609375,120.57891845703125,145.57000732421875,107.55044555664062,49.02107620239258,49.578556060791016,44.26295852661133
2019-08-28,88.53617095947266,260.8359375,120.7341079711914,145.16000366210938,106.7540283203125,49.350032806396484,49.94010925292969,44.578426361083984
2019-08-29,90.54232025146484,264.16766357421875,120.27674102783203,144.1199951171875,106.38900756835938,50.18561553955078,50.493526458740234,44.52989959716797
2019-08-30,91.07289123535156,264.05023193359375,120.30937957763672,143.75,106.4885482788086,50.12078094482422,50.53042984008789,44.52180480957031
2019-09-03,89.99520874023438,262.5063171386719,120.46491241455078,145.75,106.8038101196289,49.39084243774414,50.589454650878906,44.73211669921875
2019-09-04,91.08116149902344,265.4858093261719,120.64483642578125,146.66000366210938,106.90335845947266,50.22883224487305,51.12811279296875,45.11229705810547
2019-09-05,93.1536636352539,268.89874267578125,118.45990753173828,143.13999938964844,106.67106628417969,51.21088409423828,51.85123825073242,44.586509704589844
2019-09-06,93.35262298583984,269.10650634765625,119.30284881591797,141.9199981689453,106.36414337158203,51.20607376098633,52.33824157714844,44.67549514770508
2019-09-09,95.66548919677734,269.2419128417969,117.1833267211914,141.38999938964844,105.31880950927734,51.424591064453125,52.7514762878418,44.10117721557617
2019-09-10,96.88410949707031,269.1786193847656,115.12943267822266,140.17999267578125,107.47578430175781,52.03207015991211,53.17942428588867,44.00411605834961
2019-09-11,97.14939880371094,271.0928039550781,114.9248046875,141.02999877929688,108.81975555419922,53.686431884765625,53.076141357421875,44.303401947021484
2019-09-12,97.74626159667969,272.0318298339844,114.1719741821289,141.32000732421875,108.20581817626953,53.56637191772461,53.113037109375,44.578426361083984
2019-09-13,99.66950225830078,271.85125732421875,111.73336791992188,140.14999389648438,108.49620819091797,52.52429962158203,53.60002899169922,44.21175765991211
2019-09-16,98.7824935913086,271.0116271972656,113.15723419189453,141.32000732421875,107.46749114990234,52.80043029785156,54.404319763183594,43.96731185913086
2019-09-17,98.29339599609375,271.6977233886719,113.77102661132812,141.60000610351562,107.57534790039062,52.99250411987305,53.99110794067383,44.195465087890625
2019-09-18,99.27989959716797,271.8601989746094,114.25382232666016,140.7100067138672,108.18927001953125,53.48955154418945,53.732852935791016,44.187313079833984
2019-09-19,98.9648666381836,271.8421936035156,114.59749603271484,141.27999877929688,107.94034576416016,53.05493927001953,53.37128448486328,44.42361831665039
2019-09-20,98.56694793701172,270.5577697753906,116.11138916015625,142.9499969482422,109.21795654296875,52.279388427734375,53.18680191040039,43.92658233642578
2019-09-23,98.55037689208984,270.4942321777344,116.08682250976562,143.75,109.29265594482422,52.517093658447266,53.22370147705078,44.11397933959961
2019-09-24,97.26545715332031,268.37176513671875,117.48615264892578,144.50999450683594,109.13500213623047,52.267364501953125,52.49319839477539,44.24435043334961
2019-09-25,97.82086181640625,269.9591064453125,115.7677001953125,141.8300018310547,108.67042541503906,53.07175064086914,52.648155212402344,44.138431549072266
2019-09-26,97.01673889160156,269.39678955078125,116.51236724853516,141.7899932861328,106.89506530761719,52.79802703857422,52.36775588989258,44.317684173583984
2019-09-27,97.58875274658203,267.9454040527344,116.79877471923828,141.05999755859375,106.68766784667969,52.54110336303711,52.74407958984375,44.252498626708984
2019-09-30,97.56388854980469,269.1881103515625,117.08522033691406,138.8699951171875,107.33477020263672,53.77766799926758,52.10212326049805,44.358428955078125
2019-10-01,95.78984832763672,265.98614501953125,117.4376220703125,139.6300048828125,107.84082794189453,53.92654037475586,50.87722396850586,44.529537200927734
2019-10-02,93.88317108154297,261.28765869140625,117.72452545166016,141.25999450683594,109.50833129882812,52.5747184753418,49.549034118652344,43.250282287597656
2019-10-03,93.74945831298828,263.4282531738281,118.79845428466797,141.89999389648438,108.83635711669922,53.02132797241211,50.1614875793457,43.869544982910156
2019-10-04,95.78005981445312,266.9930725097656,119.67561340332031,141.89999389648438,110.8855209350586,54.50760269165039,50.89197540283203,44.43989944458008
2019-10-07,95.5711441040039,265.84112548828125,118.68367767333984,140.69000244140625,110.47068786621094,54.51961898803711,50.19099426269531,43.893978118896484
2019-10-08,93.44026947021484,261.71405029296875,119.00335693359375,141.9199981689453,109.37559509277344,53.88092041015625,49.216976165771484,43.65769577026367
2019-10-09,94.11714935302734,264.1993103027344,118.33121490478516,142.0500030517578,107.20203399658203,54.51241683959961,49.763031005859375,43.86139678955078
2019-10-10,95.43745422363281,265.98614501953125,116.5687255859375,140.80999755859375,107.06925201416016,55.247154235839844,50.360713958740234,43.722869873046875
2019-10-11,97.0501937866211,268.7436828613281,115.1259536743164,140.02999877929688,108.95249938964844,56.71664047241211,50.89936828613281,43.429534912109375
2019-10-14,97.30926513671875,268.4443664550781,115.96210479736328,140.58999633789062,108.44644927978516,56.63499450683594,51.046939849853516,43.429534912109375
2019-10-15,100.24232482910156,271.10205078125,114.5602798461914,139.61000061035156,110.20520782470703,56.50292205810547,51.224037170410156,43.60064697265625
2019-10-16,100.00834655761719,270.6666259765625,114.69970703125,140.41000366210938,112.13817596435547,56.27482604980469,50.345947265625,43.58436584472656
2019-10-17,100.5682144165039,271.46490478515625,114.42096710205078,140.61000061035156,112.96780395507812,56.49333572387695,50.279544830322266,43.828800201416016
2019-10-18,100.74369812011719,270.276611328125,114.42096710205078,140.4600067138672,105.94100952148438,56.764652252197266,49.88846206665039,44.635475158691406
2019-10-21,103.24224090576172,272.10888671875,113.56025695800781,139.7899932861328,106.20651245117188,57.74911880493164,50.7222785949707,44.187313079833984
2019-10-22,104.27839660644531,271.21990966796875,114.22423553466797,140.1999969482422,107.18541717529297,57.61705017089844,50.980525970458984,43.87769317626953
2019-10-23,104.55416107177734,272.00909423828125,114.33903503417969,140.52999877929688,107.76612091064453,58.39021301269531,51.467533111572266,44.52138900756836
2019-10-24,104.47897338867188,272.4534912109375,114.1094970703125,141.52999877929688,105.77508544921875,58.48625564575195,50.980525970458984,44.496944427490234
2019-10-25,105.31460571289062,273.5692138671875,113.55199432373047,141.86000061035156,106.48026275634766,59.206581115722656,51.09859085083008,43.796199798583984
2019-10-28,105.7156982421875,275.1112365722656,112.51908874511719,140.63999938964844,107.16883850097656,59.79964828491211,50.648494720458984,43.64954376220703
2019-10-29,105.64884948730469,275.0296325683594,112.59294891357422,140.25,107.1190414428711,58.4166145324707,50.50089645385742,43.519168853759766
2019-10-30,105.06390380859375,275.8731689453125,114.24063873291016,141.02000427246094,110.20520782470703,58.409420013427734,49.969642639160156,43.95101547241211
2019-10-31,104.38704681396484,275.13836669921875,115.78179168701172,142.42999267578125,109.54149627685547,59.73003005981445,49.858943939208984,44.35028076171875
2019-11-01,106.79365539550781,277.687255859375,115.42537689208984,142.55999755859375,108.84465026855469,61.42521286010742,51.35685729980469,43.91843795776367
2019-11-04,107.64601135253906,278.8029479980469,113.90621185302734,142.14999389648438,108.03990173339844,61.82860565185547,52.884273529052734,43.29916763305664
2019-11-05,107.8800048828125,278.4945983886719,112.62516784667969,139.85000610351562,108.19755554199219,61.73975372314453,53.93206787109375,42.71249771118164
2019-11-06,108.04710388183594,278.55804443359375,113.30670928955078,140.4499969482422,108.64554595947266,61.76616668701172,52.7514762878418,43.022132873535156
2019-11-07,108.63206481933594,279.53765869140625,111.25372314453125,138.27000427246094,109.03543853759766,62.47903060913086,53.87305450439453,42.60658264160156
2019-11-08,108.94959259033203,280.22705078125,110.78568267822266,137.38999938964844,110.33794403076172,62.65001678466797,52.84994125366211,42.5413932800293
2019-11-11,108.56521606445312,279.69189453125,110.85960388183594,137.05999755859375,109.49174499511719,63.14613342285156,52.528839111328125,42.239898681640625
2019-11-12,107.93013000488281,280.2814025878906,111.36874389648438,137.42999267578125,108.96908569335938,63.08832931518555,51.80445861816406,42.13399124145508
2019-11-13,107.36189270019531,280.3721008300781,112.09134674072266,137.97999572753906,108.90270233154297,63.692832946777344,51.3787956237793,42.70436096191406
2019-11-14,107.4621810913086,280.7802734375,113.24925231933594,138.55999755859375,108.64554595947266,63.252098083496094,51.15475082397461,42.88361358642578
2019-11-15,108.23931121826172,282.8121643066406,113.12603759765625,138.2100067138672,111.9473876953125,64.00350952148438,51.67002868652344,42.916202545166016
2019-11-18,109.1501235961914,283.0207824707031,113.33138275146484,138.6199951171875,111.85611724853516,64.32621765136719,51.1696891784668,43.20953369140625
2019-11-19,109.11676025390625,282.9390869140625,114.27574157714844,138.69000244140625,111.84783935546875,64.13113403320312,50.64693832397461,43.250282287597656
2019-11-20,108.32286071777344,281.8869323730469,115.45823669433594,138.75999450683594,112.77699279785156,63.38456344604492,50.803768157958984,43.36436462402344
2019-11-21,108.57352447509766,281.43341064453125,114.7355728149414,138.0,113.1917953491211,63.10036849975586,52.02848815917969,43.15250778198242
2019-11-22,109.29219055175781,282.059326171875,114.88341522216797,137.74000549316406,114.54405975341797,63.04498291015625,51.80445861816406,43.20953369140625
2019-11-25,109.87715148925781,284.245361328125,115.22005462646484,137.0800018310547,114.59416961669922,64.15040588378906,51.460933685302734,43.36436462402344
2019-11-26,110.02754974365234,284.8892822265625,115.89344024658203,137.74000549316406,114.58582305908203,63.64945983886719,51.333984375,43.91843795776367
2019-11-27,110.35345458984375,286.1591796875,115.5567626953125,137.00999450683594,115.0703353881836,64.50442504882812,51.30410385131836,43.95915603637695
2019-11-29,110.10276794433594,285.097900390625,115.31039428710938,137.86000061035156,114.85316467285156,64.36236572265625,50.8784294128418,43.836036682128906
2019-12-02,109.86041259765625,282.6761169433594,113.77301025390625,137.7899932861328,114.74454498291016,63.618167877197266,51.095001220703125,44.12334442138672
2019-12-03,108.44822692871094,280.7802734375,116.15850067138672,139.11000061035156,114.5774917602539,62.48385238647461,50.691734313964844,44.164398193359375
2019-12-04,110.58744812011719,282.5128479003906,114.99868774414062,138.9199981689453,116.43199157714844,63.035335540771484,51.26676940917969,44.56663513183594
2019-12-05,111.18907928466797,283.0207824707031,114.4393081665039,139.0,116.5822982788086,63.960147857666016,51.08753967285156,44.484554290771484
2019-12-06,112.84363555908203,285.6058654785156,113.8058853149414,137.6199951171875,117.26729583740234,65.19559478759766,51.90899658203125,44.6733512878418
2019-12-09,112.31716918945312,284.70782470703125,114.05265045166016,137.5800018310547,117.3675537109375,64.28286743164062,52.021018981933594,44.38602828979492
2019-12-10,112.39241027832031,284.39044189453125,114.0608901977539,137.97000122070312,116.9415283203125,64.6585693359375,51.57295227050781,44.139766693115234
2019-12-11,112.125,285.1977233886719,114.95751190185547,138.9199981689453,117.76850891113281,65.21005249023438,51.498260498046875,44.28752517700195
2019-12-12,115.33379364013672,287.6558837890625,113.06552124023438,138.42999267578125,118.06925201416016,65.37622833251953,52.528839111328125,44.44349670410156
2019-12-13,114.32273864746094,287.8282165527344,114.3735122680664,139.0500030517578,118.1026611328125,66.26488494873047,51.69990921020508,44.6733512878418
2019-12-16,114.76557159423828,289.8056335449219,113.34526062011719,139.0399932861328,118.44513702392578,67.39922332763672,52.274932861328125,44.6733512878418
2019-12-17,115.4675064086914,289.86907958984375,113.18893432617188,139.00999450683594,119.92373657226562,67.53169250488281,52.035953521728516,44.6733512878418
2019-12-18,115.35047149658203,289.88720703125,112.25943756103516,139.02000427246094,119.61466979980469,67.37031555175781,52.1778450012207,44.25468826293945
2019-12-19,114.77394104003906,291.0754699707031,112.43902587890625,139.3800048828125,121.4190444946289,67.4377670288086,51.81938171386719,44.59126663208008
2019-12-20,114.68202209472656,292.3515930175781,112.58729553222656,139.52000427246094,122.01216888427734,67.29808044433594,52.2301139831543,45.12484359741211
2019-12-23,114.64862060546875,292.79827880859375,112.42253112792969,139.9499969482422,122.32957458496094,68.39627075195312,52.49149703979492,45.075599670410156
2019-12-24,114.96614074707031,292.8073425292969,112.74385833740234,141.27000427246094,121.90350341796875,68.4613037109375,52.28986740112305,44.91140365600586
2019-12-26,116.18614959716797,294.3661193847656,113.01573181152344,142.3800048828125,121.81999969482422,69.81958770751953,52.37200927734375,45.165897369384766
2019-12-27,116.26970672607422,294.2930908203125,113.13934326171875,142.3300018310547,121.75318908691406,69.79308319091797,52.19279098510742,45.43679428100586
2019-12-30,115.84356689453125,292.670654296875,112.72742462158203,142.6300048828125,121.37724304199219,70.20731353759766,51.8866081237793,45.37112045288086
2019-12-31,116.48697662353516,293.3816223144531,111.62332153320312,142.89999389648438,121.85340118408203,70.72030639648438,52.110633850097656,45.43679428100586
2020-01-02,117.89923095703125,296.12530517578125,112.8839340209961,143.9499969482422,121.93698120117188,72.33386993408203,52.94704055786133,45.14126968383789
2020-01-03,116.34335327148438,293.8829345703125,114.62239837646484,145.86000061035156,120.52519226074219,71.63064575195312,52.521366119384766,44.89498519897461
2020-01-06,116.25081634521484,295.0041809082031,113.97150421142578,147.38999938964844,120.37483978271484,72.201416015625,52.92464828491211,44.878578186035156
2020-01-07,114.27452850341797,294.17462158203125,113.4112319946289,147.97000122070312,121.10994720458984,71.86184692382812,52.49149703979492,44.533790588378906
2020-01-08,115.16600799560547,295.7425231933594,112.66151428222656,146.86000061035156,121.0932388305664,73.01782989501953,51.69990921020508,44.61588668823242
2020-01-09,115.58647918701172,297.74786376953125,113.05696105957031,146.02999877929688,121.45246887207031,74.56880950927734,52.0956916809082,45.42858123779297
2020-01-10,114.43428802490234,296.8909606933594,114.06214141845703,146.91000366210938,121.17676544189453,74.73738098144531,51.63267517089844,45.58454895019531
2020-01-13,115.38462829589844,298.9327697753906,113.7160873413086,145.82000732421875,121.7114028930664,76.3341064453125,52.12557601928711,46.077091217041016
2020-01-14,116.73023223876953,298.4770202636719,114.301025390625,145.69000244140625,122.39641571044922,75.30332946777344,51.67750549316406,45.970367431640625
2020-01-15,114.98094177246094,299.15155029296875,115.05900573730469,146.5399932861328,122.80572509765625,74.98062133789062,51.59534454345703,46.545005798339844
2020-01-16,115.42662811279297,301.64007568359375,114.69656372070312,146.30999755859375,123.79979705810547,75.91984558105469,51.39372634887695,46.64350128173828
2020-01-17,116.2256088256836,302.57879638671875,113.7160873413086,146.5800018310547,124.61011505126953,76.7603759765625,51.199554443359375,46.74201965332031
2020-01-21,115.08186340332031,301.98638916015625,114.91072082519531,146.74000549316406,124.693603515625,76.24016571044922,50.46770095825195,46.930816650390625
2020-01-22,114.94731903076172,302.0228271484375,115.31446838378906,146.7899932861328,123.84156799316406,76.5123291015625,50.17646789550781,47.292022705078125
2020-01-23,114.8295669555664,302.3692626953125,116.12189483642578,147.1199951171875,124.07546997070312,76.8807601928711,49.86280822753906,47.47261428833008
2020-01-24,111.97858428955078,299.6801452636719,117.06114196777344,147.97999572753906,123.9000473022461,76.65921783447266,49.526756286621094,47.3494873046875
2020-01-27,111.03666687011719,294.8764343261719,118.8819808959961,148.99000549316406,124.25928497314453,74.40503692626953,48.34683609008789,47.185302734375
2020-01-28,113.0550308227539,297.9665222167969,117.95096588134766,147.66000366210938,124.88577270507812,76.50989532470703,48.279632568359375,46.79948043823242
2020-01-29,112.88684844970703,297.7204284667969,119.10444641113281,148.4600067138672,125.75454711914062,78.11143493652344,47.876365661621094,46.79948043823242
2020-01-30,114.28292083740234,298.6866455078125,119.1209487915039,148.47000122070312,125.60417175292969,77.99821472167969,48.38418197631836,48.31814956665039
2020-01-31,111.31420135498047,293.26312255859375,120.20845794677734,149.3300018310547,124.35948944091797,74.53990173339844,46.3902587890625,47.94053268432617
2020-02-03,112.16361236572266,295.44158935546875,120.11112213134766,148.36000061035156,125.44546508789062,74.33517456054688,45.35223388671875,48.08829116821289
2020-02-04,113.77830505371094,299.9445495605469,118.4935531616211,146.42999267578125,126.6399917602539,76.7892837524414,44.78468322753906,48.301727294921875
2020-02-05,115.71260833740234,303.40826416015625,117.19786071777344,146.61000061035156,128.63653564453125,77.41542053222656,46.84579849243164,48.309932708740234
2020-02-06,115.72943115234375,304.4293212890625,117.72608184814453,147.39999389648438,128.25230407714844,78.32096862792969,46.211029052734375,48.424869537353516
2020-02-07,115.359375,302.8067321777344,119.19499969482422,147.7899932861328,126.88226318359375,77.25636291503906,45.90484619140625,48.58903884887695
2020-02-10,115.83877563476562,305.0673522949219,119.5251693725586,148.1699981689453,126.85721588134766,77.62328338623047,45.42005920410156,49.04874038696289
2020-02-11,116.05742645263672,305.5959777832031,118.9227066040039,147.66000366210938,126.9657974243164,77.15496826171875,45.85182571411133,48.91740036010742
2020-02-12,116.05742645263672,307.5648498535156,118.32029724121094,147.5399932861328,126.21398162841797,78.98722839355469,46.412376403808594,48.76963806152344
2020-02-13,115.95649719238281,307.23675537109375,118.77415466308594,148.3800048828125,125.37863159179688,78.42476654052734,46.15481948852539,48.93381881713867
2020-02-14,115.60326385498047,307.7289733886719,119.29405212402344,149.0,125.41207885742188,78.44405364990234,45.94273376464844,49.212921142578125
2020-02-18,114.07269287109375,306.9359130859375,120.11112213134766,150.91000366210938,124.58504486083984,77.00772857666016,45.35944747924805,48.86814880371094
2020-02-19,115.6285171508789,308.403564453125,120.10283660888672,151.7899932861328,124.41797637939453,78.12300872802734,45.70789337158203,49.06517028808594
2020-02-20,115.6285171508789,307.136474609375,121.04369354248047,152.41000366210938,123.9417953491211,77.32154846191406,45.344295501708984,49.02412033081055
2020-02-21,114.21566009521484,303.9734802246094,122.17431640625,154.6999969482422,125.24494171142578,75.57135772705078,44.791324615478516,49.36068344116211
2020-02-24,111.1460189819336,293.8920593261719,123.99813079833984,156.08999633789062,122.66409301757812,71.98169708251953,42.693023681640625,48.14575958251953
2020-02-25,106.18411254882812,284.98651123046875,124.65836334228516,153.3000030517578,121.60478210449219,69.54351043701172,41.05682373046875,47.464412689208984
2020-02-26,106.50370788574219,283.938232421875,123.99813079833984,153.97000122070312,120.7893295288086,70.646728515625,40.1553840637207,47.28380584716797
2020-02-27,102.0716552734375,271.18609619140625,125.34339904785156,154.0,116.95578002929688,66.02867889404297,37.73894119262695,45.09200668334961
2020-02-28,97.64801788330078,270.04669189453125,128.1741485595703,148.3800048828125,113.05503845214844,65.99004364013672,38.966094970703125,43.9099235534668
2020-03-02,102.19781494140625,281.74151611328125,127.23104858398438,149.1999969482422,117.71244812011719,72.1337661743164,40.81441116333008,45.90468978881836
2020-03-03,98.36285400390625,273.674560546875,129.2063751220703,153.88999938964844,113.98822784423828,69.8428726196289,38.86005401611328,46.019630432128906
2020-03-04,100.7933578491211,285.17791748046875,127.8343734741211,154.16000366210938,120.62123107910156,73.0824966430664,39.70844650268555,48.36739730834961
2020-03-05,95.84829711914062,275.69818115234375,131.01637268066406,157.49000549316406,119.38541412353516,70.71192169189453,37.9586181640625,46.57783508300781
2020-03-06,90.89482879638672,271.140625,137.8350372314453,157.5500030517578,119.40222930908203,69.77284240722656,36.12544631958008,45.3629035949707
2020-03-09,78.58265686035156,249.9659423828125,141.57081604003906,157.80999755859375,114.70280456542969,64.2543716430664,31.709186553955078,42.57185745239258
2020-03-10,84.68827819824219,262.9004211425781,134.31410217285156,154.47999572753906,119.07437133789062,68.88207244873047,32.883331298828125,44.049468994140625
2020-03-11,80.70196533203125,250.08448791503906,129.37167358398438,153.92999267578125,110.80201721191406,66.4897689819336,31.800100326538086,42.859161376953125
2020-03-12,74.0496826171875,226.15704345703125,130.1734161376953,147.7899932861328,105.43006134033203,59.92359924316406,28.164066314697266,38.713626861572266
2020-03-13,87.38787078857422,245.4904327392578,127.23104858398438,143.27999877929688,112.89532470703125,67.10294342041016,28.876113891601562,40.13795471191406
2020-03-16,74.31037902832031,218.62789916992188,135.4712371826172,141.63999938964844,106.87603759765625,58.4703369140625,26.126375198364258,37.47975158691406
2020-03-17,78.8517837524414,230.4320831298828,126.43761444091797,143.55999755859375,114.8288803100586,61.04128646850586,27.883790969848633,39.0696907043457
2020-03-18,70.55113983154297,218.76463317871094,119.3049545288086,140.6999969482422,113.45858001708984,59.5470085144043,25.088592529296875,37.14022445678711
2020-03-19,71.73695373535156,219.22952270507812,122.55313110351562,138.0399932861328,106.80878448486328,59.09074401855469,26.08092498779297,34.63936996459961
2020-03-20,70.22313690185547,209.78196716308594,131.76852416992188,140.11000061035156,100.78950500488281,55.3393440246582,24.800737380981445,31.716184616088867
2020-03-23,66.46391296386719,204.41824340820312,137.19859313964844,146.3000030517578,93.43350219726562,54.16371536254883,23.82355499267578,31.103391647338867
2020-03-24,74.36925506591797,222.939208984375,134.64463806152344,153.39999389648438,100.19259643554688,59.597694396972656,26.846010208129883,32.668495178222656
2020-03-25,77.14454650878906,226.2766571044922,134.3389129638672,151.3000030517578,100.3775863647461,59.2693977355957,28.247390747070312,34.45719528198242
2020-03-26,82.51852416992188,239.4888916015625,135.00013732910156,153.24000549316406,106.40524291992188,62.38833236694336,29.406381607055664,36.6765022277832
2020-03-27,76.63993835449219,232.35557556152344,138.60366821289062,152.25,103.53852844238281,59.8053092956543,27.98984146118164,35.45091247558594
2020-03-30,78.63308715820312,239.90147399902344,137.463134765625,152.9199981689453,111.81927490234375,61.512020111083984,28.406469345092773,37.264442443847656
2020-03-31,75.71485900878906,236.32566833496094,136.34738159179688,148.0500030517578,110.23876953125,61.38648986816406,28.762500762939453,36.64337158203125
2020-04-01,70.94639587402344,225.68983459472656,138.25762939453125,149.4499969482422,108.28839111328125,58.15652084350586,28.42919158935547,34.879520416259766
2020-04-02,73.59554290771484,230.89772033691406,139.13499450683594,151.89999389648438,111.93695068359375,59.12694549560547,30.60323715209961,36.394935607910156
2020-04-03,71.42021942138672,227.560302734375,139.46603393554688,152.64999389648438,112.79444885253906,58.27721405029297,29.701801300048828,36.295570373535156
2020-04-06,76.01728057861328,242.8446502685547,139.10186767578125,156.8800048828125,117.49386596679688,63.361183166503906,30.65625762939453,38.64737319946289
2020-04-07,77.01995849609375,243.09222412109375,137.64512634277344,156.0399932861328,115.57711029052734,62.62731170654297,31.23954200744629,38.514869689941406
2020-04-08,80.1300048828125,251.2524871826172,136.64364624023438,154.64999389648438,120.43624877929688,64.230224609375,33.21662521362305,39.599693298339844
2020-04-09,87.31877136230469,255.07582092285156,136.89193725585938,158.69000244140625,118.72968292236328,64.6937484741211,32.67121887207031,40.57684326171875
2020-04-13,83.43547058105469,252.7470245361328,135.64215087890625,161.41000366210938,117.50223541259766,65.96350860595703,32.39094924926758,38.86267852783203
2020-04-14,81.14968872070312,260.2012634277344,135.60906982421875,162.67999267578125,122.76495361328125,69.29486083984375,32.140968322753906,40.510597229003906
2020-04-15,77.14745330810547,254.67242431640625,139.20118713378906,161.85000610351562,124.13530731201172,68.66240692138672,30.66383171081543,39.42578887939453
2020-04-16,74.20735168457031,255.90109252929688,140.78207397460938,161.7100067138672,125.8250503540039,69.20797729492188,29.656360626220703,39.00345230102539
2020-04-17,80.87777709960938,262.8143310546875,138.8949737548828,158.57000732421875,127.8006591796875,68.26890563964844,32.73940658569336,39.798439025878906
2020-04-20,77.92919921875,258.1840515136719,140.01234436035156,159.6999969482422,127.50643157958984,66.85188293457031,31.1940975189209,38.53143310546875
2020-04-21,75.66889953613281,250.34466552734375,141.77536010742188,158.61000061035156,125.83348846435547,64.78546142578125,31.027441024780273,37.579132080078125
2020-04-22,75.9153060913086,255.90109252929688,140.3268585205078,161.72999572753906,128.6161346435547,66.65151977539062,31.913721084594727,37.82755661010742
2020-04-23,75.95780944824219,255.88267517089844,141.07179260253906,163.33999633789062,130.734619140625,66.3931884765625,32.913631439208984,37.32240676879883
2020-04-24,77.07945251464844,259.4493408203125,141.4028778076172,162.63999938964844,130.1881866455078,68.30994415283203,33.125736236572266,37.62053680419922
2020-04-27,80.40193939208984,263.1901550292969,138.77084350585938,161.55999755859375,129.7089385986328,68.35824584960938,33.28479766845703,38.73847198486328
2020-04-28,80.97124481201172,261.98004150390625,140.36817932128906,160.83999633789062,127.27104187011719,67.25019073486328,34.06503677368164,38.70534133911133
2020-04-29,83.15505981445312,268.8381652832031,139.639892578125,161.72999572753906,126.30420684814453,69.45901489257812,35.95122146606445,39.020023345947266
2020-04-30,81.37061309814453,266.3351135253906,138.00936889648438,158.8000030517578,126.1361083984375,70.9243392944336,35.20130157470703,38.00145721435547
2020-05-01,79.23779296875,259.2843322753906,139.1910858154297,159.77999877929688,124.66488647460938,69.78250885009766,32.67879867553711,37.76131057739258
2020-05-04,78.29458618164062,259.99951171875,138.5364532470703,160.33999633789062,124.64806365966797,70.76988983154297,33.99686050415039,37.3803825378418
2020-05-05,78.17561340332031,262.4017028808594,137.64962768554688,161.02000427246094,125.68214416503906,71.83203887939453,33.958980560302734,37.59568405151367
2020-05-06,76.70556640625,260.623046875,135.42855834960938,158.9499969482422,124.4883804321289,72.57315063476562,33.32268142700195,37.05742645263672
2020-05-07,77.50432586669922,263.76788330078125,137.69110107421875,161.38999938964844,124.076416015625,73.32389831542969,33.512062072753906,36.9332160949707
2020-05-08,78.77042388916016,268.1322021484375,135.90098571777344,160.4199981689453,125.00956726074219,75.06914520263672,34.98162078857422,38.18363952636719
2020-05-11,76.45064544677734,268.187255859375,134.84011840820312,159.4199981689453,125.354248046875,76.25038146972656,34.64832305908203,37.711612701416016
2020-05-12,73.95240783691406,262.84185791015625,136.2241668701172,160.0399932861328,123.69811248779297,75.37898254394531,34.06916809082031,37.115394592285156
2020-05-13,71.40323638916016,258.1932067871094,137.17727661132812,161.5800018310547,123.68970489501953,74.46882629394531,32.37806701660156,36.38666534423828
2020-05-14,74.3687973022461,261.2830505371094,138.51988220214844,163.00999450683594,124.11845397949219,74.92631530761719,32.66377639770508,36.18791198730469
2020-05-15,72.99224090576172,262.4842529296875,138.1634521484375,163.92999267578125,126.47237396240234,74.48334503173828,32.432125091552734,35.823551177978516
2020-05-18,76.85852813720703,270.4794006347656,135.13018798828125,162.69000244140625,126.53961181640625,76.2382583618164,35.01124572753906,37.2396125793457
2020-05-19,75.34599304199219,267.7012939453125,135.63575744628906,164.25999450683594,125.27860260009766,75.79772186279297,33.930171966552734,36.8835334777832
2020-05-20,77.60629272460938,272.2490539550781,136.0418701171875,164.64999389648438,124.15206146240234,77.27185821533203,35.0344123840332,38.00145721435547
2020-05-21,76.62060546875,270.3693542480469,136.3816375732422,162.25,123.33663940429688,76.69574737548828,34.40894317626953,37.40522384643555
2020-05-22,76.02578735351562,270.8829040527344,137.2020721435547,163.2100067138672,122.21074676513672,77.1895523071289,34.439823150634766,37.28927993774414
2020-05-26,81.4216079711914,274.2203369140625,135.36231994628906,160.88999938964844,122.3716049194336,76.66669464111328,35.45139694213867,38.167083740234375
2020-05-27,86.13764190673828,278.3003234863281,135.11358642578125,161.17999267578125,122.65091705322266,77.000732421875,35.70622634887695,38.697059631347656
2020-05-28,84.85452270507812,277.7868957519531,134.61636352539062,161.72000122070312,124.41166687011719,77.03462982177734,34.77958679199219,38.99517822265625
2020-05-29,82.68771362304688,279.02471923828125,135.57777404785156,162.91000366210938,125.91847229003906,76.9595718383789,35.11163330078125,38.65565490722656
2020-06-01,83.78385925292969,280.1524963378906,134.66494750976562,163.66000366210938,124.597900390625,77.90604400634766,35.73711395263672,38.91236877441406
2020-06-02,84.06427764892578,282.4721984863281,134.1753387451172,162.60000610351562,125.49522399902344,78.26671600341797,36.532466888427734,38.83784103393555
2020-06-03,88.60185241699219,286.23138427734375,132.39114379882812,159.60000610351562,125.83380126953125,78.69755554199219,38.02280807495117,39.665924072265625
2020-06-04,90.4457778930664,285.4794921875,130.4743194580078,161.27999877929688,124.2085189819336,78.01980590820312,37.914695739746094,39.6824951171875
2020-06-05,94.51603698730469,292.7962341308594,129.544921875,158.00999450683594,124.69102478027344,80.24189758300781,40.98802947998047,40.6513786315918
2020-06-08,96.40241241455078,296.3354187011719,130.04278564453125,159.72000122070312,124.24240112304688,80.71630859375,42.269874572753906,41.280723571777344
2020-06-09,93.9296875,294.1257629394531,131.5198974609375,161.25999450683594,123.55671691894531,83.26516723632812,41.32777786254883,40.57684326171875
2020-06-10,90.12289428710938,292.48455810546875,133.4698944091797,163.57000732421875,125.1142807006836,85.40738677978516,39.111595153808594,40.26216125488281
2020-06-11,82.60273742675781,275.6231384277344,135.99266052246094,162.38999938964844,119.24795532226562,81.30694580078125,35.659889221191406,37.711612701416016
2020-06-12,84.86300659179688,278.923828125,134.68148803710938,162.6199951171875,120.33149719238281,82.00890350341797,36.42435836791992,38.10436248779297
2020-06-15,86.03564453125,281.52777099609375,134.75613403320312,162.3300018310547,119.56966400146484,83.02312469482422,36.40118408203125,38.689300537109375
2020-06-16,86.72396087646484,286.9465026855469,132.6898651123047,162.25,122.28693389892578,85.22340393066406,37.2197151184082,39.0820426940918
2020-06-17,84.53164672851562,285.7546691894531,133.23760986328125,162.55999755859375,121.91449737548828,85.10481262207031,36.007381439208984,38.92326736450195
2020-06-18,84.0727767944336,285.8646240234375,134.64830017089844,162.24000549316406,121.39807891845703,85.13871002197266,36.2313117980957,39.26588439941406
2020-06-19,83.11256408691406,284.23089599609375,134.75613403320312,164.02999877929688,121.75363159179688,84.65217590332031,35.505455017089844,38.455326080322266
2020-06-22,82.21183776855469,286.0543212890625,134.77279663085938,165.08999633789062,121.38119506835938,86.86698913574219,35.84522247314453,38.221351623535156
2020-06-23,83.21453857421875,287.3712158203125,133.85169982910156,166.47999572753906,120.93248748779297,88.72115325927734,36.061439514160156,38.13779067993164
2020-06-24,80.43590545654297,280.04083251953125,135.28732299804688,165.89999389648438,118.35911560058594,87.15503692626953,34.36260223388672,37.310523986816406
2020-06-25,83.24002075195312,283.0429992675781,135.67726135253906,165.8000030517578,118.23212432861328,88.31207275390625,34.87997055053711,37.544490814208984
2020-06-26,78.67695617675781,276.3201904296875,137.12954711914062,166.5399932861328,116.65764617919922,85.59861755371094,33.683074951171875,36.408050537109375
2020-06-29,79.02536010742188,280.3814392089844,136.69801330566406,166.6300048828125,117.69884490966797,87.57137298583984,34.22361373901367,37.068199157714844
2020-06-30,79.92607116699219,283.9730529785156,136.03411865234375,167.3699951171875,119.0448226928711,88.3023910522461,34.53248977661133,37.33559036254883
2020-07-01,79.24629211425781,285.962158203125,135.76992797851562,166.6199951171875,118.83320617675781,88.1353530883789,33.75257873535156,37.452579498291016
2020-07-02,79.50370788574219,287.53704833984375,135.9112091064453,166.97999572753906,119.33261108398438,88.1353530883789,34.03828048706055,37.502708435058594
2020-07-06,81.51143646240234,291.975830078125,135.3545379638672,167.97999572753906,121.03409576416016,90.49300384521484,34.27766418457031,37.7951774597168
2020-07-07,79.21195220947266,288.9644470214844,137.25706481933594,169.0399932861328,120.92406463623047,90.21220397949219,33.38964080810547,37.778472900390625
2020-07-08,80.05281066894531,291.1745910644531,136.70867919921875,170.08999633789062,121.27959442138672,92.3132553100586,33.31241989135742,37.66147994995117
2020-07-09,78.31962585449219,289.5169677734375,138.88543701171875,169.6300048828125,120.6192855834961,92.71025085449219,31.93791389465332,36.692161560058594
2020-07-10,82.60112762451172,292.4731140136719,138.18756103515625,169.19000244140625,120.51771545410156,92.87242126464844,32.93404769897461,37.728336334228516
2020-07-13,83.7851791381836,289.94061279296875,138.64450073242188,169.39999389648438,122.92182159423828,92.4439697265625,32.941768646240234,37.81189727783203
2020-07-14,84.26565551757812,293.697998046875,138.84397888183594,170.19000244140625,125.21585083007812,93.97377014160156,34.03057098388672,38.329986572265625
2020-07-15,85.56985473632812,296.396240234375,138.1958465576172,170.33999633789062,125.50369262695312,94.62006378173828,34.46299743652344,38.77286148071289
2020-07-16,85.81010437011719,295.4200744628906,138.85223388671875,168.72999572753906,126.34171295166016,93.45578002929688,34.192718505859375,38.56396484375
2020-07-17,84.2227783203125,296.2764587402344,138.56143188476562,170.1199951171875,126.4263916015625,93.26696014404297,33.605865478515625,39.123817443847656
2020-07-20,83.48489379882812,298.67083740234375,138.9020538330078,170.94000244140625,126.63806915283203,95.23248291015625,32.8182258605957,38.53889846801758
2020-07-21,85.29527282714844,299.3063659667969,138.98513793945312,173.0,126.75650024414062,93.9180908203125,34.478450775146484,39.44136428833008
2020-07-22,84.67752075195312,301.010009765625,139.4005584716797,175.6300048828125,126.98507690429688,94.18193054199219,33.67535400390625,40.510963439941406
2020-07-23,84.92634582519531,297.4183654785156,141.02894592285156,177.17999267578125,126.64647674560547,89.89511108398438,33.74485397338867,40.343833923339844
2020-07-24,84.32572937011719,295.5029296875,141.02064514160156,178.6999969482422,125.3851547241211,89.67242431640625,33.536354064941406,40.51931381225586
2020-07-27,83.14165496826172,297.6578369140625,140.4971923828125,182.22999572753906,124.58946228027344,91.79766845703125,34.03057098388672,40.510963439941406
2020-07-28,83.50202941894531,295.77008056640625,141.46923828125,183.75,124.29315948486328,90.2896728515625,33.629024505615234,40.2602653503418
2020-07-29,85.5269546508789,299.4075622558594,141.2283477783203,185.1300048828125,124.04767608642578,92.0203857421875,33.999656677246094,40.1265754699707
2020-07-30,83.24462127685547,298.3393249511719,142.15884399414062,183.75999450683594,124.3016128540039,93.13385772705078,32.33172607421875,39.85081481933594
2020-07-31,82.9185791015625,300.69677734375,142.06741333007812,185.42999267578125,123.38739013671875,102.8838882446289,32.493896484375,39.47479248046875
2020-08-03,82.45526123046875,302.7873229980469,141.3521270751953,185.63999938964844,124.73340606689453,105.47631072998047,32.62517166137695,38.689300537109375
2020-08-04,81.98335266113281,303.95697021484375,142.6995391845703,189.58999633789062,124.62330627441406,106.18070983886719,33.5672492980957,39.015193939208984
2020-08-05,83.40766143798828,305.8447570800781,141.45191955566406,191.35000610351562,125.62220001220703,106.56558990478516,33.86067581176758,39.45808029174805
2020-08-06,83.43339538574219,307.88922119140625,142.24209594726562,193.88999938964844,124.90266418457031,110.28358459472656,33.69852066040039,39.675323486328125
2020-08-07,85.26954650878906,308.1102600097656,141.29391479492188,190.80999755859375,125.7914810180664,107.77619934082031,33.5440788269043,39.9427375793457
2020-08-10,86.35064697265625,309.03118896484375,140.66183471679688,190.14999389648438,125.30902099609375,109.34269714355469,34.37031936645508,39.87588882446289
2020-08-11,89.07913208007812,306.4801940917969,138.99012756347656,179.94000244140625,124.41166687011719,106.09086608886719,34.72553634643555,40.051361083984375
2020-08-12,88.3240737915039,310.75323486328125,137.7257843017578,179.10000610351562,126.68878936767578,109.61672973632812,34.71767044067383,40.469181060791016
2020-08-13,87.83500671386719,310.1914978027344,136.25369262695312,183.3300018310547,125.28359985351562,111.55665588378906,33.86723709106445,40.42740249633789
2020-08-14,87.86933898925781,310.2007141113281,135.72134399414062,182.5399932861328,125.48674774169922,111.45726013183594,34.01685333251953,40.48589324951172
2020-08-17,85.55268859863281,311.1861572265625,136.0623321533203,186.5,126.12163543701172,111.16624450683594,33.575889587402344,40.285335540771484
2020-08-18,84.36004638671875,311.85833740234375,137.035400390625,188.17999267578125,127.0528335571289,112.09257507324219,33.41053771972656,40.4608154296875
2020-08-19,84.5573959350586,310.559814453125,136.1787872314453,182.24000549316406,127.30674743652344,112.23321533203125,33.040435791015625,39.58342361450195
2020-08-20,83.54492950439453,311.52685546875,137.4097137451172,183.5,128.17868041992188,114.72364044189453,32.53647994995117,39.56669998168945
2020-08-21,83.50202941894531,312.6319580078125,138.23312377929688,182.02999877929688,129.31298828125,120.63562774658203,32.29238510131836,39.508209228515625
2020-08-24,85.85301208496094,315.7998962402344,138.0085906982422,181.0,129.65380859375,122.07845306396484,33.245174407958984,40.08478546142578
2020-08-25,86.23052215576172,316.9049377441406,136.9522705078125,181.22000122070312,129.57717895507812,121.07695770263672,32.19001770019531,40.0346565246582
2020-08-26,85.0207290649414,320.0821838378906,136.42828369140625,183.36000061035156,129.78164672851562,122.72350311279297,31.504953384399414,40.243560791015625
2020-08-27,87.81785583496094,320.7820129394531,134.1078338623047,181.24000549316406,130.3611297607422,121.25640869140625,31.292356491088867,40.30205535888672
2020-08-28,88.17821502685547,322.85406494140625,134.00794982910156,184.38999938964844,130.9235382080078,121.05999755859375,32.040409088134766,41.6390380859375
2020-08-31,85.96454620361328,321.6845397949219,134.89796447753906,184.8300018310547,130.7275390625,125.1653823852539,31.4498348236084,41.38835525512695
2020-09-01,85.92164611816406,324.7142639160156,136.44085693359375,185.0500030517578,129.1169891357422,130.15103149414062,31.048246383666992,41.04574966430664
2020-09-02,87.2172622680664,329.4109191894531,137.7398223876953,182.6199951171875,131.08541870117188,127.45454406738281,30.85926628112793,42.775482177734375
2020-09-03,86.94268798828125,318.07452392578125,138.1311492919922,181.13999938964844,127.43827819824219,117.25040435791016,30.79627799987793,42.182193756103516
2020-09-04,88.82173156738281,315.4775695800781,135.50830078125,181.63999938964844,126.6202163696289,117.32801818847656,30.772647857666016,42.650150299072266
2020-09-08,85.73287200927734,306.8577575683594,136.34095764160156,181.2899932861328,125.4868392944336,109.43242645263672,30.063962936401367,41.62232971191406
2020-09-09,86.5479965209961,312.9173889160156,135.97457885742188,183.0500030517578,127.56610107421875,113.79730224609375,29.882856369018555,41.93987274169922
2020-09-10,85.65564727783203,307.4839782714844,136.66574096679688,182.4600067138672,125.1886215209961,110.0822982788086,29.134809494018555,41.781105041503906
2020-09-11,86.7196044921875,307.64056396484375,136.95713806152344,182.4499969482422,125.92996215820312,108.63703918457031,29.056062698364258,42.66686248779297
2020-09-14,87.92081451416016,311.69256591796875,136.94879150390625,183.88999938964844,126.41568756103516,111.89616394042969,28.867080688476562,42.717403411865234
2020-09-15,85.18376159667969,313.26739501953125,136.61575317382812,183.4499969482422,126.87586975097656,112.07075500488281,28.559980392456055,43.00381088256836
2020-09-16,85.54412078857422,312.0240783691406,136.20773315429688,183.97000122070312,126.45828247070312,108.76312255859375,29.772628784179688,42.78479766845703
2020-09-17,84.56597137451172,309.2799072265625,136.6240997314453,182.9600067138672,125.4101791381836,107.02689361572266,29.764739990234375,42.5826301574707
2020-09-18,84.38579559326172,305.7191162109375,136.19935607910156,183.1999969482422,127.1229476928711,103.63198852539062,29.284414291381836,42.49838638305664
2020-09-21,81.77743530273438,302.3166198730469,136.8905029296875,179.52000427246094,123.64622497558594,106.77470397949219,28.68596839904785,41.35272979736328
2020-09-22,80.88509368896484,305.3955078125,136.78224182128906,178.64999389648438,122.8878173828125,108.4527587890625,27.9772891998291,41.83290100097656
2020-09-23,79.57234191894531,298.31317138671875,136.96548461914062,174.7899932861328,123.08380889892578,103.90357971191406,27.079614639282227,40.6114387512207
2020-09-24,79.50370788574219,299.1082458496094,137.49002075195312,175.44000244140625,123.27979278564453,104.97055053710938,27.024499893188477,41.024200439453125
2020-09-25,80.19866943359375,303.9439392089844,137.49002075195312,174.94000244140625,124.12342834472656,108.90863800048828,27.276477813720703,41.04105758666992
2020-09-28,82.50672912597656,308.99237060546875,137.09864807128906,176.6999969482422,125.35904693603516,111.50816345214844,27.804052352905273,41.51279067993164
2020-09-29,81.81175231933594,307.3095397949219,137.25686645507812,178.19000244140625,125.31639862060547,110.6642837524414,26.993005752563477,41.20953369140625
2020-09-30,82.60112762451172,309.6394348144531,135.94126892089844,177.1199951171875,126.86735534667969,112.33263397216797,27.032379150390625,41.58859634399414
2020-10-01,83.20173645019531,311.62738037109375,136.1654815673828,178.6999969482422,125.53800964355469,113.2832260131836,26.087459564208984,41.428550720214844
2020-10-02,83.99111938476562,308.6686706542969,135.65704345703125,178.5399932861328,124.6176986694336,109.62641906738281,25.969343185424805,41.5801887512207
2020-10-05,85.76636505126953,314.1423034667969,133.00648498535156,179.41000366210938,126.3134536743164,113.00193786621094,26.567798614501953,41.59703063964844
2020-10-06,84.8830795288086,309.67645263671875,133.72325134277344,177.3000030517578,124.63470458984375,109.76220703125,26.292190551757812,41.22637939453125
2020-10-07,86.36388397216797,315.0669250488281,132.7479705810547,177.22000122070312,126.01516723632812,111.62458038330078,26.378808975219727,41.748653411865234
2020-10-08,88.13912963867188,317.8591003417969,133.4649200439453,177.85000610351562,126.87586975097656,111.51787567138672,27.76468276977539,42.506805419921875
2020-10-09,87.63687896728516,320.6977233886719,133.43980407714844,181.0800018310547,128.6483154296875,113.45781707763672,27.35521697998047,42.80164337158203
2020-10-12,88.71068572998047,325.8569030761719,133.86495971679688,180.55999755859375,129.38966369628906,120.66470336914062,27.268604278564453,43.03751754760742
2020-10-13,87.27318572998047,323.7303466796875,134.82351684570312,177.72000122070312,126.42420196533203,117.46379852294922,26.945751190185547,42.30464172363281
2020-10-14,86.78822326660156,321.69622802734375,135.13186645507812,178.27000427246094,126.20270538330078,117.55110931396484,26.890636444091797,42.22039031982422
2020-10-15,88.08717346191406,321.2987060546875,134.89852905273438,178.9199981689453,125.4272232055664,117.08551788330078,27.126863479614258,42.11088562011719
2020-10-16,87.90531921386719,321.1045227050781,134.5233917236328,178.3000030517578,126.20270538330078,115.44625091552734,26.851261138916016,42.14458084106445
2020-10-19,86.42453002929688,316.2225646972656,134.01498413085938,178.38999938964844,122.9815444946289,112.49755859375,26.315811157226562,41.799198150634766
2020-10-20,86.9181137084961,317.4893798828125,132.73968505859375,179.25,123.17752838134766,113.9815673828125,26.536298751831055,42.32990264892578
2020-10-21,86.05213928222656,316.88836669921875,132.28126525878906,180.60000610351562,122.64922332763672,113.36082458496094,26.111083984375,42.11088562011719
2020-10-22,89.09170532226562,318.62652587890625,130.9058837890625,178.8300018310547,123.62915802001953,112.2744369506836,27.449705123901367,42.692134857177734
2020-10-23,89.89706420898438,319.7083435058594,131.7060546875,178.63999938964844,123.76551055908203,111.58576965332031,26.898508071899414,42.55735397338867
2020-10-26,87.6715087890625,313.8002014160156,132.93133544921875,178.5500030517578,122.6833267211914,111.59547424316406,26.260690689086914,41.95083236694336
2020-10-27,86.01749420166016,312.71844482421875,133.82330322265625,179.02000427246094,121.98451232910156,113.09891510009766,25.843355178833008,42.03506851196289
2020-10-28,83.60142517089844,302.0299987792969,133.94827270507812,176.1300048828125,117.90275573730469,107.86107635498047,24.859073638916016,40.400840759277344
2020-10-29,84.14698791503906,305.09967041015625,132.6480712890625,175.39999389648438,116.9057388305664,111.85738372802734,25.96147346496582,40.45138931274414
2020-10-30,84.900390625,301.91912841796875,131.33941650390625,176.1999969482422,116.83755493164062,105.59132385253906,25.68587303161621,40.48507308959961
2020-11-02,86.81419372558594,305.3031311035156,132.3231658935547,177.91000366210938,118.1839828491211,105.50402069091797,26.7646484375,40.95681381225586
2020-11-03,89.55069732666016,310.69354248046875,131.55548095703125,178.9199981689453,118.02208709716797,107.12391662597656,26.307939529418945,41.57175064086914
2020-11-04,86.81419372558594,317.63726806640625,134.40919494628906,178.82000732421875,118.78900146484375,111.49848175048828,26.16619873046875,41.420135498046875
2020-11-05,90.36469268798828,323.8320617675781,134.64285278320312,182.92999267578125,119.09576416015625,115.45597839355469,26.11894989013672,41.647579193115234
2020-11-06,89.16099548339844,323.7581481933594,133.01573181152344,183.19000244140625,121.21759796142578,115.32479858398438,25.811853408813477,41.656002044677734
2020-11-09,101.23271179199219,327.826416015625,130.22032165527344,175.0800018310547,124.4813232421875,113.02197265625,29.079681396484375,44.284244537353516
2020-11-10,100.90364837646484,327.3455810546875,129.46942138671875,175.66000366210938,126.35606384277344,112.68192291259766,29.724828720092773,45.472015380859375
2020-11-11,99.3968505859375,329.7773132324219,129.93670654296875,174.89999389648438,125.94699096679688,116.10210418701172,29.418378829956055,45.13505935668945
2020-11-12,98.17581176757812,326.578125,132.1478729248047,175.9600067138672,126.3730697631836,115.83007049560547,28.410356521606445,44.65488815307617
2020-11-13,98.79065704345703,331.09942626953125,131.97267150878906,177.16000366210938,127.73650360107422,115.87864685058594,29.09581184387207,45.025550842285156
2020-11-16,101.57911682128906,335.2324523925781,131.65560913085938,177.14999389648438,128.54608154296875,116.88915252685547,30.7731876373291,45.36249542236328
2020-11-17,100.548583984375,333.429443359375,132.5150604248047,176.5,127.26782989501953,116.00493621826172,31.1844539642334,45.21929168701172
2020-11-18,99.8038330078125,329.41668701171875,132.8988494873047,175.49000549316406,125.58060455322266,114.68351745605469,30.007070541381836,44.317935943603516
2020-11-19,100.07229614257812,330.80364990234375,133.58314514160156,175.16000366210938,125.38460540771484,115.27619934082031,30.16029930114746,44.755985260009766
2020-11-20,99.21498107910156,328.538330078125,134.76792907714844,175.69000244140625,124.71994018554688,114.01304626464844,29.78933334350586,44.36848068237305
2020-11-23,102.07271575927734,330.5077209472656,134.1505126953125,172.22999572753906,123.44995880126953,110.62203216552734,31.740882873535156,44.37690353393555
2020-11-24,106.79229736328125,335.8334655761719,132.8154296875,169.58999633789062,123.44995880126953,111.90459442138672,33.85371398925781,44.831790924072266
2020-11-25,105.67516326904297,335.31561279296875,132.40652465820312,169.50999450683594,123.28694152832031,112.74020385742188,32.91020202636719,44.58750915527344
2020-11-27,104.97371673583984,336.2494812011719,133.69161987304688,167.7899932861328,123.56153106689453,113.2843246459961,32.410221099853516,44.39374542236328
2020-11-30,102.08135223388672,334.7608642578125,133.5247802734375,166.6699981689453,124.14500427246094,115.6745834350586,30.74898910522461,43.807945251464844
2020-12-01,103.69208526611328,338.4223327636719,131.55593872070312,170.17999267578125,126.5218734741211,119.24053955078125,31.047365188598633,44.18151092529297
2020-12-02,105.68382263183594,339.13427734375,130.51187133789062,171.4600067138672,127.11396026611328,119.59032440185547,32.20861053466797,44.240936279296875
2020-12-03,104.99104309082031,339.0417175292969,131.56427001953125,172.80999755859375,127.85186767578125,119.45430755615234,32.42634582519531,44.80975341796875
2020-12-04,105.94361877441406,341.9635925292969,129.63482666015625,172.32000732421875,128.94161987304688,118.78386688232422,33.611785888671875,45.71818542480469
2020-12-07,105.54527282714844,341.26080322265625,130.80418395996094,174.88999938964844,127.82613372802734,120.24132537841797,32.98278045654297,44.988037109375
2020-12-08,105.64922332763672,342.25946044921875,131.42233276367188,175.5,130.03994750976562,120.85346984863281,34.06339645385742,45.14935302734375
2020-12-09,104.8265151977539,339.1897277832031,130.9879913330078,172.5,131.3699493408203,118.32719421386719,34.51498794555664,45.27670669555664
2020-12-10,104.15103912353516,339.07879638671875,132.14898681640625,172.1699981689453,130.64059448242188,119.74578094482422,35.490753173828125,45.03898620605469
2020-12-11,103.53621673583984,338.6811218261719,132.61672973632812,172.49000549316406,131.24124145507812,118.9393310546875,35.32141876220703,45.29367446899414
2020-12-14,102.44508361816406,337.1648254394531,132.24923706054688,171.5399932861328,127.91193389892578,118.32719421386719,34.04726028442383,45.22576141357422
2020-12-15,104.19435119628906,341.72308349609375,131.8065643310547,173.94000244140625,129.19900512695312,124.25420379638672,34.708534240722656,45.70969009399414
2020-12-16,104.4974365234375,342.25946044921875,131.45574951171875,174.89999389648438,128.42677307128906,124.18622589111328,35.24077224731445,45.04747772216797
2020-12-17,103.6314697265625,344.17327880859375,131.1078643798828,176.74000549316406,131.8161163330078,125.05098724365234,35.063358306884766,45.22576141357422
2020-12-18,103.12054443359375,342.7991027832031,130.7148895263672,176.44000244140625,132.579833984375,123.06883239746094,34.458534240722656,45.624786376953125
2020-12-21,106.99147033691406,341.57342529296875,131.23333740234375,175.8800048828125,131.30133056640625,124.59431457519531,33.82952117919922,44.83523941040039
2020-12-22,105.36341094970703,340.9977111816406,131.91062927246094,174.49000549316406,131.04388427734375,128.1408233642578,33.256961822509766,44.79277801513672
2020-12-23,108.3077621459961,341.30413818359375,130.9992218017578,175.64999389648438,130.37460327148438,127.24690246582031,33.68436813354492,45.06446075439453
2020-12-24,107.83147430419922,342.63189697265625,131.517578125,176.35000610351562,130.82933044433594,128.22828674316406,33.547271728515625,45.370094299316406
2020-12-28,108.54154205322266,345.57537841796875,131.576171875,175.7100067138672,131.44717407226562,132.814453125,33.66018295288086,45.98136901855469
2020-12-29,108.25577545166016,344.9161376953125,131.40890502929688,176.35000610351562,132.2623291015625,131.04600524902344,33.281150817871094,45.955894470214844
2020-12-30,108.55887603759766,345.40826416015625,131.6931610107422,177.6999969482422,133.90122985839844,129.92868041992188,33.547271728515625,46.21908187866211
2020-12-31,110.03968811035156,347.1632080078125,131.88551330566406,178.36000061035156,135.04246520996094,128.92782592773438,33.2408332824707,46.558692932128906
2021-01-04,109.00053405761719,342.4369201660156,131.72662353515625,182.3300018310547,134.2873992919922,125.74083709716797,33.466636657714844,44.79277801513672
2021-01-05,109.59362030029297,344.79541015625,130.74830627441406,182.8699951171875,135.8662109375,127.29547882080078,35.07948303222656,44.30036163330078
2021-01-06,114.73970794677734,346.8567199707031,128.0643310546875,179.89999389648438,137.1447296142578,123.0105209350586,35.97462463378906,42.89104461669922
2021-01-07,118.50763702392578,352.01019287109375,126.9355239868164,179.47999572753906,137.60804748535156,127.20806121826172,36.256866455078125,42.41559982299805
2021-01-08,118.63849639892578,354.01580810546875,126.52580261230469,173.33999633789062,137.32489013671875,128.30601501464844,36.66007995605469,43.3664665222168
2021-01-11,120.4090576171875,351.6294860839844,126.31674194335938,173.0,136.74998474121094,125.32305908203125,37.77293395996094,42.61935806274414
2021-01-12,122.30180358886719,351.7037658691406,126.2164306640625,174.1199951171875,135.68603515625,125.14814758300781,38.61162567138672,42.54294967651367
2021-01-13,122.41516876220703,352.6509704589844,127.63789367675781,173.3699951171875,135.4800567626953,127.17886352539062,39.04710388183594,42.585411071777344
2021-01-14,123.13037109375,351.4159240722656,126.44219970703125,173.27999877929688,137.8483428955078,125.25502014160156,40.57124328613281,41.79584503173828
2021-01-15,120.92371368408203,348.8531494140625,126.94384002685547,171.1300048828125,137.5480194091797,123.53521728515625,38.619686126708984,41.34587478637695
2021-01-19,120.40031433105469,351.5924072265625,127.35364532470703,172.5800018310547,139.67604064941406,124.20565032958984,39.38579559326172,41.184566497802734
2021-01-20,118.59488677978516,356.4579772949219,127.47901153564453,175.38999938964844,139.33279418945312,128.28656005859375,39.94222640991211,41.32889175415039
2021-01-21,117.60055541992188,356.7829284667969,126.5843276977539,175.27999877929688,138.77505493164062,132.98934936523438,38.79710388183594,41.55812072753906
2021-01-22,116.69342803955078,355.52008056640625,126.9940185546875,173.89999389648438,140.33673095703125,135.12696838378906,38.24873733520508,41.16758728027344
2021-01-25,115.23684692382812,356.922119140625,128.49082946777344,174.0500030517578,142.4217987060547,138.86782836914062,37.82133865356445,41.413795471191406
2021-01-26,114.76585388183594,356.36517333984375,128.248291015625,173.6199951171875,146.2831268310547,139.1009979248047,36.9907112121582,41.846778869628906
2021-01-27,111.5212173461914,347.65533447265625,128.57437133789062,172.52000427246094,144.05215454101562,138.03219604492188,36.57137680053711,41.20154571533203
2021-01-28,113.48369598388672,350.64520263671875,127.86369323730469,172.67999267578125,145.15048217773438,133.20310974121094,37.1439323425293,41.7279167175293
2021-01-29,112.22772979736328,343.62548828125,127.0943832397461,172.61000061035156,139.97633361816406,128.21853637695312,36.160091400146484,40.878929138183594
2021-02-01,113.05631256103516,349.3452453613281,127.24170684814453,174.22999572753906,139.61595153808594,130.33676147460938,36.22461700439453,41.15909957885742
2021-02-02,116.53645324707031,354.2851257324219,126.42135620117188,172.11000061035156,138.36317443847656,131.1626434326172,36.79717254638672,41.566619873046875
2021-02-03,117.87093353271484,354.5637512207031,125.29962921142578,171.85000610351562,137.7196044921875,130.14239501953125,38.24066925048828,41.405303955078125
2021-02-04,120.58353424072266,358.5935974121094,124.9647216796875,168.14999389648438,138.9981231689453,133.49461364746094,38.974517822265625,41.60905838012695
2021-02-05,120.34803009033203,360.0048828125,123.91834259033203,169.80999755859375,141.10899353027344,133.08103942871094,40.28092575073242,42.152408599853516
2021-02-08,122.23204040527344,362.6048583984375,124.4625015258789,171.52000427246094,141.51231384277344,133.22695922851562,42.014739990234375,42.38163375854492
2021-02-09,121.74356079101562,362.36346435546875,124.55457305908203,172.0800018310547,142.67071533203125,132.3511505126953,41.52266311645508,42.19486999511719
2021-02-10,121.81334686279297,362.2055358886719,125.38338470458984,172.7100067138672,143.13401794433594,131.7478790283203,41.924530029296875,42.10995864868164
2021-02-11,121.47318267822266,362.79052734375,124.69693756103516,171.2100067138672,142.49049377441406,131.49485778808594,40.8747673034668,42.70426559448242
2021-02-12,123.20015716552734,364.5826721191406,123.14822387695312,170.69000244140625,142.93666076660156,131.72842407226562,41.432456970214844,43.035362243652344
2021-02-16,126.16564178466797,364.2669372558594,121.2730941772461,168.24000549316406,141.64102172851562,129.6070556640625,42.679046630859375,42.678794860839844
2021-02-17,126.55818176269531,364.3505554199219,122.04320526123047,166.3300018310547,142.14724731445312,127.3203125,43.34333419799805,42.55992889404297
2021-02-18,126.98555755615234,362.7998352050781,121.54927825927734,166.32000732421875,142.2158966064453,126.22066497802734,42.66263198852539,43.103294372558594
2021-02-19,129.1050567626953,362.1591491699219,119.93367004394531,167.00999450683594,139.84765625,126.37638092041016,42.949676513671875,42.54294967651367
2021-02-22,130.31741333007812,359.3735656738281,119.02128601074219,169.50999450683594,139.7613067626953,122.61048889160156,44.53250503540039,42.984432220458984
2021-02-23,131.3640899658203,359.80999755859375,118.67799377441406,169.1199951171875,138.526611328125,122.47427368164062,45.14759826660156,42.908016204833984
2021-02-24,133.67539978027344,363.7748718261719,117.89955139160156,169.0,140.38296508789062,121.97794342041016,46.500797271728516,43.05235290527344
2021-02-25,131.86123657226562,355.0093994140625,115.97412109375,165.82000732421875,140.52972412109375,117.73524475097656,45.72988510131836,42.5938835144043
2021-02-26,128.36367797851562,353.1800842285156,119.80807495117188,161.80999755859375,136.81703186035156,117.99800109863281,44.58991622924805,41.59208679199219
2021-03-01,131.26812744140625,361.7412109375,118.2257308959961,161.52999877929688,137.5596160888672,124.35233306884766,46.25475311279297,42.364662170410156
2021-03-02,130.84072875976562,358.91864013671875,118.23409271240234,162.41000366210938,137.300537109375,121.75415802001953,45.9841194152832,42.53446578979492
2021-03-03,133.3701934814453,354.1644287109375,116.95178985595703,160.6199951171875,134.88299560546875,118.77647399902344,46.35317611694336,42.432579040527344
2021-03-04,131.3204345703125,349.78173828125,116.19745635986328,159.0399932861328,132.16322326660156,116.89838409423828,48.149227142333984,42.39862060546875
2021-03-05,131.62576293945312,356.2165222167969,116.42379760742188,159.13999938964844,134.77938842773438,118.1536865234375,49.969905853271484,43.12026596069336
2021-03-08,133.3701934814453,354.4429931640625,115.51858520507812,157.49000549316406,135.90179443359375,113.22979736328125,49.92068862915039,43.84191131591797
2021-03-09,132.4281768798828,359.5035400390625,117.11943817138672,160.83999633789062,136.1608428955078,117.83256530761719,49.14978790283203,43.1796989440918
2021-03-10,135.30648803710938,361.7412109375,117.3541259765625,161.66000366210938,137.41278076171875,116.75243377685547,50.65880584716797,43.67211151123047
2021-03-11,134.59999084472656,365.4090270996094,116.50760650634766,161.52000427246094,137.40415954589844,118.67916107177734,50.28155517578125,43.19667434692383
2021-03-12,136.1961669921875,365.90118408203125,114.03509521484375,161.49000549316406,137.80136108398438,117.77418518066406,50.82282638549805,43.1110725402832
2021-03-15,135.51583862304688,368.0832824707031,114.70564270019531,162.1999969482422,138.50933837890625,120.65454864501953,49.527034759521484,43.68462371826172
2021-03-16,133.89349365234375,367.61895751953125,114.24462890625,162.35000610351562,139.32955932617188,122.19204711914062,48.47727584838867,43.84728240966797
2021-03-17,135.27159118652344,368.8725280761719,113.3897933959961,163.50999450683594,138.81150817871094,121.40384674072266,48.69050598144531,43.86439514160156
2021-03-18,137.50445556640625,363.5055236816406,112.24153137207031,162.55999755859375,138.55250549316406,117.2876205444336,46.59101486206055,43.290836334228516
2021-03-19,135.315185546875,362.8329772949219,112.93719482421875,163.24000549316406,138.18121337890625,116.76214599609375,46.328575134277344,43.496299743652344
2021-03-22,131.67807006835938,365.73016357421875,114.20272827148438,163.0,138.57839965820312,120.07068634033203,45.852901458740234,43.65895080566406
2021-03-23,130.36106872558594,362.8515319824219,115.2336654663086,161.80999755859375,138.44894409179688,119.24356842041016,45.28701400756836,43.99281311035156
2021-03-24,131.37281799316406,361.0071105957031,115.85386657714844,162.3699951171875,139.79586791992188,116.85945892333984,46.20555114746094,44.10409927368164
2021-03-25,133.05616760253906,363.0379638671875,114.94025421142578,161.77999877929688,139.84764099121094,117.34600067138672,46.074337005615234,44.53211975097656
2021-03-26,135.27159118652344,368.8883361816406,114.53805541992188,162.24000549316406,142.40335083007812,117.9493408203125,47.32911682128906,45.405303955078125
2021-03-29,133.16958618164062,368.7019348144531,113.56581115722656,160.30999755859375,143.36175537109375,118.12448120117188,47.07488250732422,46.09870910644531
2021-03-30,134.7395477294922,367.7237243652344,114.16082763671875,157.57000732421875,142.47244262695312,116.67459869384766,46.49259567260742,45.49947738647461
2021-03-31,132.777099609375,369.2143249511719,113.52389526367188,159.9600067138672,141.90257263183594,118.86404418945312,45.78729248046875,45.122806549072266
2021-04-01,134.0679473876953,373.201416015625,115.40806579589844,161.97999572753906,140.59019470214844,119.69116973876953,47.06667709350586,44.951595306396484
2021-04-05,134.77859497070312,378.55804443359375,114.90448760986328,161.9199981689453,141.10821533203125,122.51317596435547,46.33676528930664,45.20841598510742
2021-04-06,133.83106994628906,378.3345031738281,115.68497467041016,163.22000122070312,141.07369995117188,122.8148193359375,46.20555114746094,45.533714294433594
2021-04-07,135.9279327392578,378.7723083496094,114.8792953491211,162.75999450683594,141.26365661621094,124.45935821533203,46.410579681396484,45.610755920410156
2021-04-08,136.0946044921875,380.5702819824219,115.82770538330078,164.50999450683594,140.7110595703125,126.85319519042969,45.92671585083008,45.47378921508789
2021-04-09,137.1123504638672,383.33709716796875,115.40806579589844,163.27000427246094,139.22596740722656,129.4221649169922,45.82010269165039,45.525142669677734
2021-04-12,136.82281494140625,383.4768371582031,115.35768127441406,162.27999877929688,139.56272888183594,127.70951843261719,45.51665496826172,45.670684814453125
2021-04-13,135.19094848632812,384.6133117675781,116.22210693359375,163.42999267578125,137.6977081298828,130.81370544433594,45.688880920410156,45.4481086730957
2021-04-14,132.66416931152344,383.2998352050781,115.85282135009766,162.72000122070312,138.07760620117188,128.47824096679688,47.009273529052734,45.43954849243164
2021-04-15,133.50640869140625,387.4174499511719,117.79157257080078,165.35000610351562,138.48342895507812,130.8818359375,46.730430603027344,45.653568267822266
2021-04-16,134.49783325195312,388.7122802734375,116.87673950195312,166.35000610351562,140.08074951171875,130.55096435546875,46.467994689941406,45.95317840576172
2021-04-19,133.9275360107422,386.8026123046875,116.54103088378906,165.88999938964844,140.46932983398438,131.2126922607422,46.32037353515625,46.22712326049805
2021-04-20,130.96212768554688,383.9705505371094,117.07820892333984,166.47999572753906,143.7416229248047,129.52923583984375,45.34442901611328,46.37264633178711
2021-04-21,132.07635498046875,387.603759765625,117.31319427490234,168.1300048828125,143.83663940429688,129.9087371826172,45.92671585083008,46.74931716918945
2021-04-22,129.295166015625,384.0637512207031,117.82514190673828,167.0399932861328,142.6191864013672,128.3907012939453,45.32802963256836,46.60379409790039
2021-04-23,131.76925659179688,388.2278747558594,117.54817199707031,166.39999389648438,142.91275024414062,130.70669555664062,45.57405471801758,46.62947082519531
2021-04-26,132.0938720703125,389.0383605957031,117.38031005859375,166.83999633789062,141.7039794921875,131.09591674804688,45.664268493652344,45.93606185913086
2021-04-27,132.6992645263672,388.95458984375,116.35638427734375,166.4199981689453,140.89234924316406,130.77476501464844,46.26295471191406,45.86758041381836
2021-04-28,133.55911254882812,388.84271240234375,116.4319839477539,166.91000366210938,139.85623168945312,129.98654174804688,47.65716552734375,45.876129150390625
2021-04-29,136.1560516357422,391.3207702636719,116.08785247802734,166.22000122070312,141.77305603027344,129.88925170898438,48.33786392211914,46.4496955871582
2021-04-30,134.94528198242188,388.7496032714844,116.35638427734375,165.66000366210938,140.5038299560547,127.9236068725586,46.943660736083984,46.209999084472656
2021-05-03,134.5504913330078,389.5879821777344,116.42615509033203,167.80999755859375,142.64508056640625,128.9745330810547,48.239444732666016,46.638023376464844
2021-05-04,136.4104461669922,387.1845703125,117.21624755859375,166.5800018310547,144.85545349121094,124.41071319580078,48.54289245605469,46.346961975097656
2021-05-05,138.2002716064453,387.3056335449219,117.40955352783203,167.27000427246094,144.2510528564453,124.65399169921875,50.00271224975586,46.22712326049805
2021-05-06,140.98147583007812,390.39849853515625,117.60289001464844,170.05999755859375,144.8295440673828,126.24987030029297,50.4783821105957,46.68939208984375
2021-05-07,141.4639892578125,393.2397766113281,117.02291870117188,171.58999633789062,145.4857177734375,126.9224624633789,51.2000732421875,46.66370391845703
2021-05-10,141.4464569091797,389.3457946777344,115.8377914428711,172.11000061035156,147.01402282714844,123.64726257324219,51.32310104370117,47.00613021850586
2021-05-11,139.09518432617188,385.87103271484375,115.18220520019531,172.13999938964844,145.81387329101562,122.73102569580078,49.69107437133789,46.50106430053711
2021-05-12,138.13882446289062,377.6731262207031,113.97188568115234,170.42999267578125,145.22671508789062,119.67029571533203,49.95732116699219,46.26136779785156
2021-05-13,141.69212341308594,382.20989990234375,114.14839935302734,171.1300048828125,146.74630737304688,121.81475067138672,49.34158706665039,46.66370391845703
2021-05-14,143.89425659179688,388.078857421875,115.2158203125,172.69000244140625,146.97084045410156,124.23211669921875,50.56473159790039,46.8520393371582
2021-05-17,144.47332763671875,387.0914001464844,114.97208404541016,174.6999969482422,147.1175994873047,123.08192443847656,51.74626541137695,46.77499771118164
2021-05-18,142.43789672851562,383.7563171386719,114.6779556274414,175.0399932861328,147.16937255859375,121.6977767944336,50.28183364868164,46.51818084716797
2021-05-19,141.3499298095703,382.7502136230469,114.40055084228516,175.16000366210938,146.84996032714844,121.54183197021484,49.07533264160156,46.37264633178711
2021-05-20,141.10430908203125,386.8677673339844,115.34190368652344,175.9600067138672,147.7047119140625,124.09568786621094,48.95884323120117,46.7835578918457
2021-05-21,142.7098388671875,386.5510559082031,115.71175384521484,176.0399932861328,147.60977172851562,122.26313018798828,49.02540588378906,46.757877349853516
2021-05-24,143.48191833496094,390.4916076660156,116.14038848876953,176.35000610351562,148.17445373535156,123.89098358154297,49.59953308105469,46.9119758605957
2021-05-25,141.99920654296875,389.625244140625,117.21624755859375,177.9499969482422,147.76612854003906,123.6960220336914,48.47624206542969,46.903411865234375
2021-05-26,141.9816436767578,390.39849853515625,117.01453399658203,177.63999938964844,146.88865661621094,123.64726257324219,49.042049407958984,47.108856201171875
2021-05-27,144.1925811767578,390.6033630371094,116.54386901855469,177.7100067138672,146.66278076171875,122.11691284179688,48.725868225097656,47.50264358520508
2021-05-28,144.09605407714844,391.3020935058594,116.35894775390625,178.3800048828125,147.0450439453125,121.46382904052734,48.567771911621094,47.33142852783203
2021-06-01,145.68408203125,390.9574890136719,116.33284759521484,177.89999389648438,143.81304931640625,121.14216613769531,50.306793212890625,47.3228759765625
2021-06-02,145.69281005859375,391.572265625,116.6021499633789,178.77000427246094,144.39515686035156,121.90247344970703,50.70618438720703,47.51121139526367
2021-06-03,145.7893524169922,390.1189880371094,116.16453552246094,175.27000427246094,144.25616455078125,120.42083740234375,50.905879974365234,47.63105010986328
2021-06-04,146.02626037597656,393.68701171875,117.75533294677734,177.16000366210938,144.19532775878906,122.71150207519531,51.13053894042969,48.14468765258789
2021-06-07,145.34188842773438,393.30499267578125,117.39338684082031,177.8699951171875,143.21359252929688,122.72125244140625,50.7977180480957,47.97347640991211
2021-06-08,144.76284790039062,393.3887939453125,118.21829986572266,177.32000732421875,141.95384216308594,123.5400390625,51.696346282958984,47.63961410522461
2021-06-09,142.95550537109375,392.8019104003906,119.26200103759766,176.97999572753906,143.86520385742188,123.92020416259766,52.12902069091797,47.49408721923828
2021-06-10,140.72702026367188,394.62786865234375,119.97745513916016,177.74000549316406,145.15969848632812,122.92597198486328,52.21223068237305,47.8621826171875
2021-06-11,140.63052368164062,395.27996826171875,119.78385162353516,175.74000549316406,143.31785583496094,124.1346435546875,51.7296257019043,48.076202392578125
2021-06-14,138.24412536621094,396.1650085449219,118.86640930175781,174.7100067138672,143.6740264892578,127.18563842773438,51.64641571044922,47.91232681274414
2021-06-15,136.1472625732422,395.4383544921875,118.7232894897461,174.0500030517578,142.9095001220703,126.36682891845703,53.52689743041992,47.79158020019531
2021-06-16,137.1035614013672,393.23046875,118.62226867675781,171.11000061035156,142.85739135742188,126.86396789550781,53.33551025390625,47.15332794189453
2021-06-17,133.14671325683594,393.1000671386719,120.39825439453125,165.85000610351562,143.54376220703125,128.4625701904297,51.5798454284668,47.39482498168945
2021-06-18,129.7777099609375,387.7969970703125,122.66246795654297,164.92999267578125,140.7288055419922,127.16612243652344,50.256866455078125,46.37705993652344
2021-06-21,131.97987365722656,393.3486633300781,120.60880279541016,166.9499969482422,142.3448028564453,128.95968627929688,52.07909393310547,46.88593673706055
2021-06-22,131.78683471679688,395.45159912109375,120.90330505371094,166.25,142.1536407470703,130.5972442626953,53.07758331298828,47.058448791503906
2021-06-23,132.58523559570312,394.9749450683594,120.59188842773438,166.13999938964844,141.29356384277344,130.3243408203125,53.46864700317383,46.6789436340332
2021-06-24,133.80471801757812,397.3115539550781,120.78544616699219,166.0399932861328,141.9364471435547,130.0416259765625,53.68498992919922,46.91183090209961
2021-06-25,135.15586853027344,398.72283935546875,119.53129577636719,166.58999633789062,142.666259765625,129.7492218017578,53.801475524902344,46.85144805908203
2021-06-28,135.40151977539062,399.5265808105469,120.76028442382812,166.5800018310547,142.5011749267578,131.3770751953125,52.428565979003906,46.7996940612793
2021-06-29,135.23484802246094,399.7415771484375,120.9623031616211,164.8300018310547,142.50987243652344,132.88790893554688,52.104061126708984,46.454689025878906
2021-06-30,136.46311950683594,400.0780029296875,121.50096130371094,165.6300048828125,143.12672424316406,133.5020294189453,52.486812591552734,46.670318603515625
2021-07-01,137.81423950195312,402.2931213378906,121.50772857666016,166.1999969482422,144.1866912841797,133.80418395996094,52.63658142089844,46.54093933105469
2021-07-02,137.68186950683594,405.3680725097656,122.24095153808594,167.2899932861328,146.81044006347656,136.42626953125,52.56169128417969,46.730690002441406
2021-07-06,135.36996459960938,404.6296691894531,123.67371368408203,168.1199951171875,145.93296813964844,138.4342803955078,51.06397247314453,46.47193908691406
2021-07-07,135.52879333496094,406.0596618652344,124.76935577392578,168.75999450683594,147.18402099609375,140.91989135742188,50.26519012451172,46.85144805908203
2021-07-08,133.19041442871094,402.7511291503906,125.25820922851562,168.64999389648438,146.89732360839844,139.6234893798828,50.040531158447266,46.68757247924805
2021-07-09,137.45245361328125,407.0504150390625,123.49671936035156,169.2100067138672,147.47943115234375,141.44627380371094,50.94749450683594,46.972190856933594
2021-07-12,139.42022705078125,408.5083923339844,123.3365707397461,169.0,147.24485778808594,140.85162353515625,50.89756393432617,46.989444732666016
2021-07-13,137.3465576171875,407.1158142089844,122.39263153076172,169.22000122070312,147.06239318847656,141.96287536621094,50.6562614440918,47.4552001953125
2021-07-14,136.8788604736328,407.7232971191406,123.78324127197266,171.0399932861328,148.06150817871094,145.3842315673828,49.532958984375,48.52470779418945
2021-07-15,137.17892456054688,406.3306884765625,125.14859008789062,171.07000732421875,146.2804718017578,144.73117065429688,49.05037307739258,48.67995071411133
2021-07-16,134.04635620117188,403.1436767578125,124.91262817382812,169.41000366210938,146.0458984375,142.69390869140625,47.6941032409668,48.64545440673828
2021-07-19,129.687255859375,397.1900634765625,127.65184020996094,169.61000061035156,144.98597717285156,138.8533935546875,46.0549201965332,48.06758117675781
2021-07-20,132.10507202148438,402.8819885253906,126.42129516601562,169.38999938964844,146.34999084472656,142.45997619628906,46.562496185302734,48.15382766723633
2021-07-21,134.8845977783203,406.1438293457031,124.8199462890625,168.75999450683594,147.25355529785156,141.7289276123047,48.06022262573242,48.774837493896484
2021-07-22,133.18157958984375,406.99432373046875,125.99983215332031,169.08999633789062,147.67922973632812,143.0935821533203,47.51936721801758,48.705833435058594
2021-07-23,132.92572021484375,411.181396484375,125.15704345703125,168.55999755859375,149.2517852783203,144.80914306640625,47.46112060546875,49.17158889770508
2021-07-26,133.8169403076172,412.1908264160156,124.78616333007812,168.16000366210938,149.3212890625,145.22828674316406,48.659297943115234,49.2147216796875
2021-07-27,133.64047241210938,410.312255859375,126.11781311035156,168.44000244140625,150.00767517089844,143.06436157226562,48.11845779418945,49.3872184753418
2021-07-28,133.8610382080078,410.1440124511719,126.12630462646484,169.2899932861328,149.59060668945312,141.31951904296875,48.442962646484375,48.93871307373047
2021-07-29,135.0082244873047,411.8450622558594,125.4267349243164,171.1699981689453,149.59060668945312,141.96287536621094,49.033721923828125,49.20608901977539
2021-07-30,133.931640625,409.8448791503906,126.01669311523438,169.82000732421875,149.60797119140625,142.1773223876953,47.9021110534668,49.18885040283203
2021-08-02,133.3933868408203,408.9850158691406,127.14069366455078,169.61000061035156,149.66879272460938,141.84591674804688,47.910438537597656,49.059471130371094
2021-08-03,134.9111328125,412.3123779296875,127.20822143554688,169.49000549316406,151.5106658935547,143.63943481445312,48.42631912231445,49.09395980834961
2021-08-04,133.4551544189453,410.28424072265625,127.4697494506836,169.52999877929688,150.61582946777344,143.2397918701172,47.294708251953125,48.3867073059082
2021-08-05,135.1405029296875,412.88250732421875,126.82006072998047,168.86000061035156,150.90252685546875,143.34701538085938,47.59425354003906,48.731712341308594
2021-08-06,138.97900390625,413.5648193359375,124.7020492553711,164.63999938964844,150.39862060546875,142.66366577148438,48.14342498779297,48.85245895385742
2021-08-09,138.82901000976562,413.2283020019531,124.2547607421875,161.72000122070312,150.91990661621094,142.6148681640625,47.59425354003906,48.861087799072266
2021-08-10,140.53204345703125,413.7422790527344,123.68098449707031,161.77000427246094,150.97201538085938,142.1365203857422,48.40968322753906,48.99046325683594
2021-08-11,142.2086181640625,414.7703857421875,123.60503387451172,164.0,150.99806213378906,142.3903350830078,48.55112075805664,48.930091857910156
2021-08-12,142.76451110839844,416.0134582519531,123.40249633789062,164.0399932861328,152.2144012451172,145.34823608398438,48.44132614135742,49.02496337890625
2021-08-13,141.16737365722656,416.77056884765625,125.35177612304688,166.38999938964844,153.1266326904297,145.5532684326172,47.951416015625,49.36134338378906
2021-08-16,140.24082946777344,417.75189208984375,125.65557098388672,167.22000122070312,154.5080108642578,147.52520751953125,47.25035095214844,49.57696533203125
2021-08-17,138.546630859375,415.0134582519531,125.60486602783203,166.97000122070312,155.92420959472656,146.61732482910156,46.92938232421875,49.40447235107422
2021-08-18,137.28480529785156,410.47113037109375,126.0268783569336,167.10000610351562,153.94332885742188,142.87841796875,45.94112777709961,48.731712341308594
2021-08-19,136.1376495361328,411.1066589355469,126.95503997802734,166.61000061035156,155.1422882080078,143.21035766601562,44.53899383544922,49.042213439941406
2021-08-20,136.5259246826172,414.37786865234375,127.03948974609375,166.6999969482422,155.8981170654297,144.66490173339844,44.54743957519531,48.85245895385742
2021-08-23,138.27310180664062,418.0230407714844,126.95503997802734,168.72999572753906,155.22520446777344,146.1487579345703,46.380348205566406,48.67995071411133
2021-08-24,139.12901306152344,418.68658447265625,125.9677963256836,168.64999389648438,153.2849884033203,146.0609130859375,46.76045227050781,48.30907440185547
2021-08-25,141.99681091308594,419.5650939941406,124.9214096069336,167.47999572753906,152.27117919921875,144.8308563232422,46.84491729736328,48.36083221435547
2021-08-26,142.729248046875,417.0883483886719,125.26739501953125,167.6699981689453,151.45838928222656,144.03033447265625,46.211421966552734,47.90370178222656
2021-08-27,143.87637329101562,420.8175048828125,126.11965942382812,170.19000244140625,151.13502502441406,145.06517028808594,47.10675811767578,47.99857711791992
2021-08-30,141.5732879638672,422.6681213378906,126.4487533569336,169.35000610351562,151.7730255126953,149.47760009765625,46.59152603149414,48.45570373535156
2021-08-31,141.14089965820312,422.0418395996094,125.58809661865234,169.69000244140625,151.30978393554688,148.2183074951172,46.050926208496094,48.567832946777344
2021-09-01,140.93795776367188,422.26617431640625,125.79843139648438,169.6999969482422,151.8428955078125,148.8821258544922,45.417442321777344,48.89558410644531
2021-09-02,141.5909423828125,423.56536865234375,126.34764862060547,169.25,152.88291931152344,149.99502563476562,46.52394485473633,48.96458435058594
2021-09-03,140.73500061035156,423.46246337890625,125.19851684570312,171.05999755859375,152.9790496826172,150.6295623779297,46.346561431884766,48.930091857910156
2021-09-07,140.4879150390625,421.9483947753906,124.14244079589844,167.7100067138672,150.60189819335938,152.96270751953125,46.076271057128906,48.015830993652344
2021-09-08,139.86143493652344,421.434326171875,124.98731994628906,167.2899932861328,150.23483276367188,151.42031860351562,45.6539421081543,48.6627082824707
2021-09-09,140.4702911376953,419.6305847167969,126.49970245361328,168.02999877929688,146.88754272460938,150.40501403808594,45.68773651123047,48.17970275878906
2021-09-10,138.85545349121094,416.3218688964844,125.38441467285156,167.17999267578125,145.92616271972656,145.42637634277344,45.594818115234375,47.964080810546875
2021-09-13,141.06149291992188,417.3874206542969,126.14482116699219,167.74000549316406,144.9036407470703,145.9925537109375,46.768890380859375,48.36083221435547
2021-09-14,138.59959411621094,415.1349182128906,127.6740951538086,168.82000732421875,144.0296630859375,144.59654235839844,46.10161209106445,48.395591735839844
2021-09-15,139.56141662597656,418.60247802734375,127.2263412475586,167.8300018310547,144.571533203125,145.48487854003906,47.655792236328125,48.56071090698242
2021-09-16,139.49960327148438,417.9388427734375,126.64334869384766,164.02999877929688,144.39675903320312,145.25059509277344,47.14899444580078,48.10012435913086
2021-09-17,139.1378631591797,413.86761474609375,126.0349349975586,163.77000427246094,143.98599243164062,142.58558654785156,46.59152603149414,47.309322357177734
2021-09-20,134.972900390625,406.9667663574219,127.59810638427734,164.94000244140625,143.16444396972656,139.53977966308594,45.349857330322266,46.979103088378906
2021-09-21,134.99050903320312,406.5823059082031,127.48822021484375,166.0399932861328,143.793701171875,140.01809692382812,45.30763244628906,46.97040557861328
2021-09-22,137.5760040283203,410.5484619140625,128.2486572265625,165.4199981689453,143.26931762695312,142.3805694580078,46.633750915527344,47.03992462158203
2021-09-23,142.22625732421875,415.5365905761719,125.35062408447266,163.50999450683594,144.0820770263672,143.3372802734375,48.2132682800293,46.96172332763672
2021-09-24,143.86752319335938,416.2210388183594,124.12547302246094,163.3000030517578,143.6451416015625,143.42510986328125,48.64404296875,46.83135986328125
2021-09-27,147.3441925048828,415.03033447265625,123.66926574707031,163.63999938964844,142.60508728027344,141.91200256347656,50.088417053222656,46.58803176879883
2021-09-28,146.55007934570312,406.6667785644531,121.74285888671875,162.0500030517578,142.29049682617188,138.53427124023438,50.61210250854492,45.745094299316406
2021-09-29,146.43533325195312,407.35113525390625,121.95407104492188,161.32000732421875,143.34796142578125,139.43240356445312,50.57832336425781,46.023170471191406
2021-09-30,144.4410858154297,402.3723449707031,121.93717193603516,164.22000122070312,141.14559936523438,138.134033203125,49.68297576904297,45.59735870361328
2021-10-01,147.47659301757812,407.1542663574219,122.9633560180664,164.58999633789062,140.24539184570312,139.25669860839844,51.4652099609375,46.075313568115234
2021-10-04,147.31776428222656,401.90362548828125,122.65033721923828,165.36000061035156,139.15293884277344,135.8301544189453,52.13249206542969,46.04924011230469
2021-10-05,149.7235107421875,406.08538818359375,121.46599578857422,164.58999633789062,139.46755981445312,137.75331115722656,52.04802703857422,46.1274528503418
2021-10-06,150.0430450439453,407.7731018066406,122.15125274658203,165.02999877929688,139.75599670410156,138.62216186523438,51.093570709228516,46.67493438720703
2021-10-07,150.9928741455078,411.2986145019531,120.87377166748047,164.16000366210938,141.00579833984375,139.88145446777344,51.23715591430664,46.822669982910156
2021-10-08,151.10830688476562,410.5484619140625,120.02780151367188,164.22999572753906,140.64739990234375,139.50074768066406,52.521034240722656,47.03123474121094
2021-10-11,147.93028259277344,407.57623291015625,119.72323608398438,163.9199981689453,140.0531463623047,139.4128875732422,51.99735641479492,47.12682342529297
2021-10-12,146.79397583007812,406.5728759765625,121.77057647705078,164.66000366210938,137.81576538085938,138.143798828125,51.7270622253418,47.12682342529297
2021-10-13,142.92352294921875,408.0356750488281,122.95494079589844,167.58999633789062,139.13546752929688,137.55807495117188,51.583457946777344,47.135520935058594
2021-10-14,145.11619567871094,414.8990478515625,123.41168975830078,168.0,139.93080139160156,140.3402862548828,52.36899948120117,47.457054138183594
2021-10-15,147.90362548828125,418.0588684082031,122.69266510009766,165.3300018310547,140.97079467773438,141.39459228515625,52.867347717285156,47.34408187866211
2021-10-18,147.8503875732422,419.2965087890625,123.2679443359375,164.9199981689453,139.9394989013672,143.06393432617188,52.84200668334961,46.874813079833984
2021-10-19,149.64358520507812,422.53131103515625,121.56752014160156,165.4499969482422,143.21682739257812,145.22132873535156,53.635990142822266,47.057308197021484
2021-10-20,151.65872192382812,424.1909484863281,120.74687194824219,166.89999389648438,143.1382293701172,145.70944213867188,53.93162155151367,47.47443771362305
2021-10-21,150.4691619873047,425.2972717285156,120.60307312011719,166.75,142.80609130859375,145.92417907714844,52.95180892944336,47.23110580444336
2021-10-22,152.4931640625,424.856689453125,121.93132019042969,167.77000427246094,143.08580017089844,145.1529998779297,53.31502151489258,47.31801223754883
2021-10-25,151.7475128173828,427.1349792480469,121.74515533447266,168.92999267578125,143.400390625,145.10423278808594,54.35395431518555,47.12682342529297
2021-10-26,152.15585327148438,427.5194396972656,122.7518539428711,167.67999267578125,144.85992431640625,145.76805114746094,55.61250305175781,47.33539962768555
2021-10-27,148.98667907714844,425.62542724609375,124.98528289794922,168.1199951171875,143.10328674316406,145.30921936035156,54.16812515258789,48.247859954833984
2021-10-28,151.2325897216797,429.7323303222656,124.56226348876953,168.0800018310547,142.32542419433594,148.94073486328125,54.32016372680664,48.69974899291992
2021-10-29,150.8153533935547,430.60430908203125,124.9429702758789,166.64999389648438,142.35165405273438,146.23658752441406,54.455318450927734,48.98652267456055
2021-11-01,150.73548889160156,431.344970703125,124.04334259033203,167.52000427246094,142.4739990234375,145.4165802001953,55.435115814208984,48.81271743774414
2021-11-02,151.3302459716797,433.0889892578125,124.59397888183594,167.16000366210938,144.7200927734375,146.45138549804688,54.75094223022461,48.751888275146484
2021-11-03,151.38351440429688,435.7331237792969,123.30643463134766,165.77000427246094,144.2569122314453,147.8864288330078,53.99919891357422,48.9170036315918
2021-11-04,149.39500427246094,437.7865295410156,124.6024169921875,167.64999389648438,143.85488891601562,147.3690185546875,54.40463638305664,49.1864013671875
2021-11-05,149.1819305419922,439.305419921875,126.46595764160156,169.83999633789062,142.83233642578125,147.89694213867188,54.91987609863281,49.39495849609375
2021-11-08,150.0785675048828,439.6804504394531,126.22886657714844,170.4499969482422,142.34291076660156,147.07571411132812,55.51114273071289,48.9517707824707
2021-11-09,148.94229125976562,438.2271728515625,127.87205505371094,171.2899932861328,142.02830505371094,147.4374542236328,56.05172348022461,49.09080505371094
2021-11-10,148.8002166748047,434.7016296386719,125.5342025756836,173.14999389648438,143.56646728515625,144.61209106445312,54.947471618652344,49.29068374633789
2021-11-11,148.79135131835938,434.8423156738281,125.34784698486328,174.1199951171875,142.50900268554688,144.5631866455078,55.05018615722656,49.30806350708008
2021-11-12,148.1255645751953,438.1240234375,124.79723358154297,174.4499969482422,144.21319580078125,146.63577270507812,54.63074493408203,49.19510269165039
2021-11-15,147.85922241210938,438.2740173339844,123.23019409179688,174.17999267578125,142.9110107421875,146.64552307128906,55.1015510559082,49.20378112792969
2021-11-16,146.79397583007812,440.0086364746094,122.91681671142578,172.9199981689453,142.16815185546875,147.62319946289062,55.657955169677734,48.856178283691406
2021-11-17,146.00392150878906,438.93975830078125,123.89091491699219,174.5,142.70127868652344,150.05747985839844,55.05018615722656,48.5867805480957
2021-11-18,144.7433624267578,440.43060302734375,124.3568344116211,173.94000244140625,141.93211364746094,154.33958435058594,54.45097732543945,48.15227127075195
2021-11-19,142.8524932861328,439.6430358886719,125.66974639892578,172.61000061035156,142.36038208007812,156.95962524414062,51.93429946899414,47.9089469909668
2021-11-22,145.89739990234375,438.4053649902344,124.19586181640625,168.74000549316406,140.4866485595703,157.4191131591797,52.653350830078125,48.20441818237305
2021-11-23,149.3861083984375,438.9866638183594,122.4000473022461,167.27999877929688,141.3575439453125,157.80039978027344,54.04010009765625,48.56071090698242
2021-11-24,148.21437072753906,440.1587219238281,124.36524200439453,167.1199951171875,140.96168518066406,158.3185577392578,54.33969497680664,48.16965103149414
2021-11-26,143.74908447265625,430.3417663574219,127.50786590576172,166.85000610351562,140.04681396484375,153.30325317382812,52.43077850341797,46.692317962646484
2021-11-29,143.12767028808594,435.6205139160156,126.48290252685547,166.6199951171875,140.53065490722656,156.65655517578125,52.721832275390625,47.430992126464844
2021-11-30,140.9971466064453,427.1444091796875,128.40576171875,165.5,137.1702117919922,161.60340881347656,51.22380447387695,45.93343734741211
2021-12-01,140.16270446777344,422.4000244140625,129.1978302001953,166.16000366210938,139.06155395507812,161.0852813720703,51.181007385253906,45.80207443237305
2021-12-02,143.10992431640625,428.8697509765625,129.3589630126953,165.24000549316406,138.19061279296875,160.0978546142578,52.45647430419922,46.476409912109375
2021-12-03,140.517822265625,425.1379699707031,130.90248107910156,166.6300048828125,140.2051544189453,158.2207794189453,52.122623443603516,46.88801574707031
2021-12-06,142.17782592773438,430.1729736328125,129.10450744628906,166.22000122070312,143.3368377685547,161.62298583984375,52.71327590942383,48.087806701660156
2021-12-07,144.31724548339844,439.071044921875,128.06143188476562,166.80999755859375,143.70628356933594,167.35189819335938,53.30392837524414,48.350528717041016
2021-12-08,142.66610717773438,440.2336730957031,125.84793090820312,166.89999389648438,144.5684356689453,171.1646728515625,53.458011627197266,48.1666259765625
2021-12-09,142.4441375732422,437.2614440917969,126.55178833007812,165.8800048828125,145.94073486328125,170.65631103515625,53.59496307373047,48.044010162353516
2021-12-10,141.87599182128906,441.3775634765625,126.2464828491211,166.5800018310547,145.58009338378906,175.4369659423828,53.937381744384766,49.28759002685547
2021-12-13,140.18930053710938,437.46771240234375,128.11227416992188,167.0,148.1839599609375,171.80995178222656,52.756072998046875,50.583702087402344
2021-12-14,141.2634735107422,434.4578552246094,127.80696105957031,165.44000244140625,149.8025665283203,170.43142700195312,52.679039001464844,50.61874008178711
2021-12-15,140.20706176757812,441.24639892578125,126.5772476196289,166.14999389648438,150.5503387451172,175.2903289794922,52.447906494140625,50.846439361572266
2021-12-16,142.3997802734375,437.3552551269531,126.62651824951172,168.16000366210938,152.19532775878906,168.40774536132812,52.533512115478516,51.36313247680664
2021-12-17,139.1595458984375,432.700439453125,128.06143188476562,167.8000030517578,147.9904022216797,167.31277465820312,51.3864631652832,50.55743408203125
2021-12-20,136.6562042236328,428.0993347167969,127.10194396972656,167.08999633789062,147.56817626953125,165.9539031982422,50.6417236328125,50.39104080200195
2021-12-21,138.56480407714844,435.7019958496094,126.61798858642578,167.02000427246094,147.0931396484375,169.12144470214844,51.78877258300781,50.592464447021484
2021-12-22,139.10629272460938,440.0584411621094,127.20389556884766,168.58999633789062,147.72650146484375,171.712158203125,52.20823287963867,50.9515266418457
2021-12-23,139.60345458984375,442.7965087890625,126.10009002685547,168.97000122070312,148.0080108642578,172.33787536621094,52.233909606933594,50.986549377441406
2021-12-27,140.40240478515625,449.0630187988281,126.40574645996094,169.3699951171875,149.25717163085938,176.29730224609375,52.978641510009766,51.36313247680664
2021-12-28,140.82847595214844,448.696044921875,125.90479278564453,168.63999938964844,149.8553466796875,175.2805633544922,52.807437896728516,51.56455612182617
2021-12-29,140.75747680664062,449.27008056640625,124.52936553955078,168.58999633789062,150.91099548339844,175.36854553222656,52.345191955566406,51.62586212158203
2021-12-30,140.6864471435547,448.0280456542969,125.57366180419922,169.8000030517578,151.5795440673828,174.2149200439453,52.037025451660156,51.47697448730469
2021-12-31,140.57102966308594,446.8988952636719,125.81993865966797,170.9600067138672,150.48876953125,173.5989990234375,52.379425048828125,51.853553771972656
2022-01-03,143.54490661621094,449.4864807128906,122.51712036132812,168.3300018310547,150.90219116210938,177.93972778320312,54.39105987548828,51.932369232177734
2022-01-04,148.98667907714844,449.3359680175781,122.00765991210938,169.57000732421875,150.49754333496094,175.681396484375,56.43693542480469,52.79937744140625
2022-01-05,146.2628631591797,440.7076721191406,121.34542083740234,169.05999755859375,151.5003662109375,171.00830078125,57.13886260986328,53.23725891113281
2022-01-06,147.81675720214844,440.2936706542969,121.65958404541016,166.99000549316406,150.98135375976562,168.15357971191406,58.482810974121094,52.95701217651367
2022-01-07,149.28135681152344,438.5530090332031,120.78506469726562,167.75,153.02224731445312,168.31980895996094,58.962154388427734,52.834407806396484
2022-01-10,149.42430114746094,438.0072937011719,121.08229064941406,168.25999450683594,152.26571655273438,168.33932495117188,58.6112060546875,52.92198181152344
2022-01-11,149.57611083984375,441.9966735839844,121.8888168334961,170.2899932861328,150.64706420898438,171.1646728515625,61.076515197753906,52.93949508666992
2022-01-12,150.42446899414062,443.1916809082031,121.42184448242188,170.74000549316406,149.36273193359375,171.60464477539062,60.89675521850586,53.01831817626953
2022-01-13,150.2368927001953,437.0851135253906,122.50016784667969,170.16000366210938,148.4566650390625,168.33932495117188,60.46017074584961,53.333587646484375
2022-01-14,141.00286865234375,437.2638854980469,120.64922332763672,169.6699981689453,147.6473388671875,169.1996612548828,61.52164840698242,53.76271057128906
2022-01-18,135.09091186523438,429.5201110839844,118.9511489868164,169.38999938964844,146.99636840820312,166.00279235839844,62.55741882324219,53.333587646484375
2022-01-19,133.00115966796875,425.0602111816406,119.77473449707031,172.0800018310547,146.53892517089844,162.5126190185547,62.58309555053711,53.42116165161133
2022-01-20,131.8670196533203,420.3556213378906,120.51337432861328,171.64999389648438,145.36891174316406,160.83103942871094,62.72005844116211,53.20222473144531
2022-01-21,129.5629425048828,412.1037292480469,121.9482192993164,171.08999633789062,145.03465270996094,158.77804565429688,61.7784538269043,52.93949508666992
2022-01-24,129.4468536376953,413.8538513183594,120.94640350341797,172.02999877929688,143.3632354736328,158.00570678710938,62.3091926574707,52.510372161865234
2022-01-25,130.85784912109375,408.8011474609375,120.75115203857422,172.5800018310547,147.46261596679688,156.20684814453125,64.14105224609375,52.38776779174805
2022-01-26,132.09918212890625,407.7755126953125,119.29074096679688,169.7899932861328,148.12240600585938,156.1188507080078,63.490474700927734,52.195091247558594
2022-01-27,129.76832580566406,405.761962890625,121.48126983642578,167.60000610351562,150.06646728515625,155.65936279296875,64.30370330810547,52.23889923095703
2022-01-28,130.92929077148438,415.83917236328125,121.52373504638672,167.10000610351562,151.1221160888672,166.5209197998047,64.440673828125,53.281028747558594
2022-01-31,132.70645141601562,423.3289489746094,120.89541625976562,168.08999633789062,151.56195068359375,170.87139892578125,65.02273559570312,53.42991638183594
2022-02-01,134.98370361328125,426.1893005371094,120.4941635131836,168.22999572753906,150.32159423828125,170.7052459716797,69.1915283203125,53.035823822021484
2022-02-02,133.90313720703125,430.32928466796875,120.90226745605469,168.83999633789062,151.9842071533203,171.90769958496094,69.01177215576172,53.57880401611328
2022-02-03,132.79576110839844,420.21441650390625,119.95848846435547,168.60000610351562,151.97543334960938,169.03346252441406,68.20710754394531,53.95536804199219
2022-02-04,136.24290466308594,422.19036865234375,118.18999481201172,168.86000061035156,150.98135375976562,168.7495880126953,69.6880111694336,53.38612747192383
2022-02-07,136.6984100341797,420.83551025390625,118.26654052734375,170.11000061035156,150.47991943359375,168.0349884033203,70.52690887451172,53.94661331176758
2022-02-08,139.27037048339844,424.2980041503906,117.4758529663086,170.6300048828125,150.87579345703125,171.13804626464844,68.70359802246094,54.29691696166992
2022-02-09,139.85079956054688,430.508056640625,117.69688415527344,171.2100067138672,150.85821533203125,172.5574188232422,68.37469482421875,53.4561882019043
2022-02-10,139.27037048339844,422.7737731933594,115.82638549804688,170.55999755859375,149.0372772216797,168.48529052734375,67.71692657470703,53.75394821166992
2022-02-11,137.45748901367188,414.43731689453125,117.54389190673828,173.80999755859375,147.53297424316406,165.07876586914062,69.42196655273438,52.79937744140625
2022-02-14,136.180419921875,413.0822448730469,116.08148956298828,174.74000549316406,145.67681884765625,165.31369018554688,68.35740661621094,53.14091110229492
2022-02-15,138.17190551757812,419.74395751953125,114.76361846923828,173.0800018310547,147.1811065673828,169.14112854003906,67.50054931640625,53.342350006103516
2022-02-16,138.4219512939453,420.21441650390625,115.44378662109375,174.86000061035156,147.0931396484375,168.9062042236328,67.8121337890625,53.333587646484375
2022-02-17,135.23377990722656,411.2381286621094,116.30250549316406,177.25,146.1958465576172,165.31369018554688,67.70825958251953,54.40200424194336
2022-02-18,135.86781311035156,408.5753173828125,117.52686309814453,177.1199951171875,144.62876892089844,163.76708984375,66.95528411865234,54.76982498168945
2022-02-22,135.626708984375,404.1905822753906,117.83293151855469,177.49000549316406,142.663330078125,160.84996032714844,66.17633056640625,54.54213333129883
2022-02-23,132.7868194580078,397.0209045410156,116.2090072631836,178.2899932861328,142.73414611816406,156.68972778320312,66.44464874267578,53.9378662109375
2022-02-24,129.0896453857422,402.9956359863281,116.28553009033203,177.13999938964844,140.00732421875,159.30337524414062,65.6051025390625,52.992042541503906
2022-02-25,132.14382934570312,411.8873596191406,116.37052917480469,176.5500030517578,146.96612548828125,161.36880493164062,67.3707046508789,55.04131317138672
2022-02-28,126.63378143310547,410.83355712890625,118.92123413085938,178.3800048828125,145.70004272460938,161.6331024169922,67.87271118164062,54.50710678100586
2022-03-01,121.85597229003906,404.576416015625,120.29620361328125,181.6199951171875,145.1954345703125,159.75364685058594,68.52183532714844,54.27064514160156
2022-03-02,124.38327026367188,412.0190734863281,116.18416595458984,179.72999572753906,147.00146484375,163.04269409179688,69.69893646240234,54.673492431640625
2022-03-03,123.49920654296875,409.9678955078125,117.36752319335938,180.8000030517578,149.1617431640625,162.7196807861328,70.14032745361328,54.70851516723633
2022-03-04,120.02521514892578,406.63702392578125,119.39372253417969,183.67999267578125,150.0470733642578,159.72427368164062,72.78010559082031,54.79609680175781
2022-03-07,115.39032745361328,394.64971923828125,118.48277282714844,186.41000366210938,152.4640655517578,155.9359893798828,75.40260314941406,53.491214752197266
2022-03-08,114.5776596069336,391.6575927734375,117.29087829589844,191.50999450683594,149.3742218017578,154.11529541015625,75.97381591796875,51.37189865112305
2022-03-09,119.16792297363281,402.15826416015625,116.1415786743164,185.82000732421875,149.9407958984375,159.50894165039062,71.65496063232422,51.63461685180664
2022-03-10,117.75689697265625,400.34222412109375,114.4729232788086,186.39999389648438,150.20643615722656,155.17247009277344,73.8792953491211,50.68879699707031
2022-03-11,115.10454559326172,395.25201416015625,114.85604095458984,185.08999633789062,149.93199157714844,151.4625244140625,73.49847412109375,50.72382354736328
2022-03-14,116.24763488769531,392.36322021484375,112.17425537109375,182.3000030517578,152.00367736816406,147.4392852783203,70.86734771728516,51.659244537353516
2022-03-15,118.310546875,400.9914855957031,111.97843933105469,178.88999938964844,155.94338989257812,151.8148956298828,66.83409881591797,52.61229705810547
2022-03-16,123.59738159179688,409.8831481933594,113.07669830322266,180.00999450683594,154.5091552734375,156.2198944091797,66.5831069946289,52.471099853515625
2022-03-17,125.16023254394531,415.0111999511719,112.23383331298828,180.88999938964844,156.5277099609375,157.22813415527344,68.35740661621094,53.02705001831055
2022-03-18,125.11555480957031,419.5566711425781,113.60455322265625,179.3000030517578,154.79244995117188,160.51718139648438,68.08909606933594,53.0358772277832
2022-03-21,124.71371459960938,419.4340515136719,110.97384643554688,180.6699981689453,155.66896057128906,161.88760375976562,71.1443099975586,53.4594612121582
2022-03-22,127.3660888671875,424.3419494628906,109.55204772949219,179.36000061035156,154.93414306640625,165.25498962402344,70.8327407836914,53.65359878540039
2022-03-23,124.82980346679688,418.8771667480469,111.952880859375,181.80999755859375,154.3497772216797,166.6156463623047,71.94923400878906,53.30061721801758
2022-03-24,125.64247131347656,425.1914978027344,111.07600402832031,183.1300048828125,155.1466064453125,170.39414978027344,72.16558837890625,53.81243896484375
2022-03-25,126.74091339111328,427.26788330078125,109.53507232666016,182.3800048828125,156.6339874267578,171.03038024902344,73.74081420898438,54.29779815673828
2022-03-28,125.8031997680664,430.30706787109375,110.47154998779297,179.05999755859375,157.4396209716797,171.8917999267578,71.6722640991211,54.64194869995117
2022-03-29,126.08007049560547,435.6302490234375,111.3058853149414,179.13999938964844,157.35992431640625,175.18081665039062,71.29145812988281,54.8537483215332
2022-03-30,125.50851440429688,432.94036865234375,112.17425537109375,180.5800018310547,158.99783325195312,174.01596069335938,72.51179504394531,54.89787292480469
2022-03-31,121.73985290527344,426.2768859863281,112.44667053222656,180.64999389648438,156.90843200683594,170.9227294921875,71.48184967041016,54.712554931640625
2022-04-01,120.83787536621094,427.4850158691406,112.87470245361328,179.5,157.75836181640625,170.6290283203125,71.94058227539062,55.48028564453125
2022-04-04,121.37371826171875,431.1470642089844,112.09030151367188,180.3699951171875,156.235595703125,174.6718292236328,71.97521209716797,55.18907928466797
2022-04-05,119.96125030517578,425.70111083984375,109.55789184570312,179.24000549316406,157.24488830566406,171.3631591796875,71.60301208496094,55.127296447753906
2022-04-06,118.296875,421.4444274902344,108.67108917236328,179.66000366210938,161.33511352539062,168.201416015625,72.39929962158203,55.68326187133789
2022-04-07,117.93699645996094,423.5680236816406,107.8525619506836,180.33999633789062,160.9189910888672,168.50485229492188,73.61100006103516,55.98329544067383
2022-04-08,120.09620666503906,422.43548583984375,106.6844253540039,181.47000122070312,161.23776245117188,166.49813842773438,75.16024780273438,56.327457427978516
2022-04-11,119.6553726196289,415.2150573730469,104.99617767333984,182.3699951171875,159.21917724609375,162.24977111816406,72.57240295410156,56.30980682373047
2022-04-12,118.34186553955078,413.6766052246094,104.85122680664062,183.77000427246094,159.27227783203125,164.11949157714844,74.0870132446289,56.97164535522461
2022-04-13,114.52729034423828,418.4147644042969,105.06436920166016,184.64999389648438,159.94515991210938,166.80160522460938,75.13428497314453,57.121665954589844
2022-04-14,113.46568298339844,413.2046813964844,102.95832824707031,184.0399932861328,159.27227783203125,161.7995147705078,76.01710510253906,57.37757873535156
2022-04-18,115.57088470458984,413.3746032714844,102.44671630859375,184.61000061035156,157.28912353515625,161.5841827392578,76.64027404785156,56.865760803222656
2022-04-19,117.96397399902344,420.0475158691406,101.67931365966797,181.82000732421875,162.087646484375,163.86495971679688,75.95651245117188,57.421695709228516
2022-04-20,118.37784576416016,419.73602294921875,103.72572326660156,182.7100067138672,162.80479431152344,163.69854736328125,76.12960815429688,58.20709991455078
2022-04-21,117.46017456054688,413.4595642089844,102.95832824707031,182.05999755859375,162.3355255126953,162.90562438964844,75.32469177246094,58.42771530151367
2022-04-22,114.08643341064453,402.1145324707031,102.3103256225586,180.2899932861328,160.72425842285156,158.37339782714844,73.68023681640625,57.58055877685547
2022-04-25,114.05045318603516,404.44586181640625,103.33348846435547,177.0500030517578,164.68170166015625,159.44039916992188,71.19625091552734,58.18944549560547
2022-04-26,110.67672729492188,392.7327575683594,104.37373352050781,177.32000732421875,163.50416564941406,153.48880004882812,71.22220611572266,57.40406036376953
2022-04-27,109.23725128173828,393.8370056152344,103.0350570678711,175.97999572753906,161.22003173828125,153.26365661621094,73.25614166259766,57.85410690307617
2022-04-28,110.964599609375,403.7850646972656,103.18852996826172,176.92999267578125,162.424072265625,160.18438720703125,75.47181701660156,58.410057067871094
2022-04-29,107.38395690917969,388.863037109375,101.84986877441406,176.91000366210938,159.76808166503906,154.32081604003906,73.78410339355469,57.01577377319336
2022-05-02,108.36457824707031,391.20367431640625,100.08444213867188,173.6300048828125,158.15676879882812,154.62429809570312,74.7881088256836,55.98329544067383
2022-05-03,110.68572235107422,392.9969787597656,100.75917053222656,174.08999633789062,157.84689331054688,156.1122283935547,76.32867431640625,55.66560363769531
2022-05-04,114.34734344482422,404.9649353027344,101.3143539428711,175.8000030517578,159.5378875732422,162.51409912109375,79.36659240722656,57.38640594482422
2022-05-05,111.48641204833984,390.57135009765625,98.53849792480469,175.1300048828125,156.4923095703125,153.45945739746094,78.1635513305664,56.92752456665039
2022-05-06,111.3064956665039,388.2400207519531,97.08650970458984,175.4199981689453,156.14703369140625,154.18484497070312,79.3579330444336,57.130496978759766
2022-05-09,109.63311767578125,375.80963134765625,97.94062042236328,172.8800048828125,156.99697875976562,149.06759643554688,73.10034942626953,57.01577377319336
2022-05-10,106.96109771728516,376.677978515625,98.828857421875,171.4199981689453,156.78448486328125,151.46937561035156,73.58502960205078,56.48629379272461
2022-05-11,106.2863540649414,370.69403076171875,100.73353576660156,172.82000732421875,155.93455505371094,143.6169891357422,75.1169662475586,56.751033782958984
2022-05-12,106.1963882446289,370.30706787109375,100.5456314086914,170.1699981689453,157.47503662109375,139.7545166015625,75.45796203613281,56.92752456665039
2022-05-13,107.14102935791016,379.1602478027344,99.05950927734375,168.7899932861328,156.572021484375,144.2150115966797,77.69635009765625,57.99530029296875
2022-05-16,106.39432525634766,377.621826171875,98.9570083618164,170.39999389648438,157.66094970703125,142.67588806152344,79.52378845214844,58.20709991455078
2022-05-17,109.92098999023438,385.3896484375,97.76127624511719,169.3300018310547,158.31613159179688,146.3031005859375,80.53805541992188,58.048240661621094
2022-05-18,108.04070281982422,369.8540344238281,99.84526062011719,169.4199981689453,155.37680053710938,138.04879760742188,79.26148986816406,54.006591796875
2022-05-19,106.43930053710938,367.5887756347656,100.08444213867188,171.91000366210938,153.99566650390625,134.64707946777344,79.68991088867188,52.9476318359375
2022-05-20,105.56661224365234,367.7492370605469,101.22036743164062,172.02999877929688,156.68710327148438,134.88235473632812,80.3194580078125,53.81243896484375
2022-05-23,112.09819030761719,374.6298828125,99.55488586425781,172.8300018310547,159.88589477539062,140.29373168945312,82.09442138671875,55.471466064453125
2022-05-24,113.68162536621094,371.77008056640625,101.51931762695312,174.1300048828125,161.63230895996094,137.5978546142578,82.54035186767578,56.4951171875
2022-05-25,114.47329711914062,375.0545654296875,101.9207763671875,173.0800018310547,160.04623413085938,137.75469970703125,84.20165252685547,56.539241790771484
2022-05-26,116.45254516601562,382.5486755371094,101.45951843261719,172.75999450683594,159.9036865234375,140.95050048828125,84.49894714355469,56.742218017578125
2022-05-27,118.0989761352539,391.9399108886719,101.70722198486328,172.85000610351562,161.3560791015625,146.6952362060547,85.32958221435547,57.07754135131836
2022-05-31,118.96263122558594,389.7407531738281,99.55488586425781,171.13999938964844,159.96607971191406,145.9109344482422,83.9393310546875,55.93035125732422
2022-06-01,116.87539672851562,386.58831787109375,99.44110870361328,172.22999572753906,158.3444061279297,145.78350830078125,85.54818725585938,55.65678405761719
2022-06-02,118.75569915771484,393.9503173828125,99.49244689941406,174.35000610351562,157.84539794921875,148.23431396484375,85.39954376220703,56.23920440673828
2022-06-03,117.100341796875,387.4849853515625,99.27851867675781,172.5800018310547,157.19497680664062,142.51902770996094,86.6411361694336,55.56853103637695
2022-06-06,116.71347045898438,388.6647644042969,97.44749450683594,171.82000732421875,157.17718505859375,143.26409912109375,86.42253875732422,55.48028564453125
2022-06-07,117.01934814453125,392.3929443359375,98.49988555908203,172.94000244140625,158.90574645996094,145.78350830078125,90.3834457397461,55.81562042236328
2022-06-08,115.15704345703125,388.1268310546875,97.62715911865234,172.77999877929688,157.96127319335938,145.04832458496094,91.45018005371094,55.4979362487793
2022-06-09,112.73695373535156,378.8960266113281,97.95230102539062,172.22999572753906,154.78028869628906,139.83297729492188,89.4740982055664,54.53605651855469
2022-06-10,107.55487823486328,367.90960693359375,97.34479522705078,174.5399932861328,153.7467041015625,134.43141174316406,87.83901977539062,54.191890716552734
2022-06-13,104.35208129882812,353.9408264160156,94.29021453857422,169.92999267578125,152.19630432128906,129.2847137451172,83.80818939208984,54.130123138427734
2022-06-14,102.61571502685547,352.87432861328125,93.10086822509766,168.57000732421875,149.86183166503906,130.14739990234375,84.02677154541016,52.64576721191406
2022-06-15,103.83026885986328,357.9049987792969,94.83778381347656,170.77000427246094,151.46568298339844,132.76483154296875,82.96879577636719,53.036865234375
2022-06-16,102.0489273071289,346.05975341796875,95.59072875976562,172.69000244140625,151.54588317871094,127.50052642822266,79.90850830078125,52.503562927246094
2022-06-17,101.6890640258789,346.80572509765625,95.89878845214844,171.27000427246094,150.99346923828125,128.97100830078125,75.30059814453125,52.82353591918945
2022-06-21,104.2081298828125,355.5361328125,94.2730712890625,170.6300048828125,154.1565704345703,133.19622802734375,79.9872055053711,53.952354431152344
2022-06-22,103.62333679199219,354.89154052734375,96.86564636230469,171.30999755859375,156.58908081054688,132.68641662597656,76.82199096679688,54.35233688354492
2022-06-23,102.48976135253906,358.3703308105469,97.6613540649414,170.25999450683594,160.08189392089844,135.54898071289062,74.50491333007812,55.001182556152344
2022-06-24,105.54862976074219,369.76434326171875,96.30947875976562,170.08999633789062,162.42529296875,138.87225341796875,75.98259735107422,56.032230377197266
2022-06-27,104.70294952392578,368.3518981933594,95.48807525634766,169.89999389648438,162.27386474609375,138.87225341796875,77.84498596191406,55.916690826416016
2022-06-28,104.19913482666016,360.8254699707031,95.93299865722656,169.6199951171875,157.65835571289062,134.7353057861328,80.00469970703125,55.35672378540039
2022-06-29,103.73128509521484,360.5316162109375,97.43034362792969,169.49000549316406,157.70289611816406,136.49008178710938,77.04933166503906,55.75669479370117
2022-06-30,101.31121826171875,357.60260009765625,98.28597259521484,168.4600067138672,158.1662139892578,134.0294952392578,74.88088989257812,55.916690826416016
2022-07-01,102.60673522949219,361.384765625,99.29505157470703,168.32000732421875,159.95716857910156,136.19598388671875,76.55093383789062,57.22327423095703
2022-07-05,102.2164535522461,362.0672607421875,100.07520294189453,164.75,158.7275390625,138.77423095703125,74.15515899658203,56.24555206298828
2022-07-06,101.55390167236328,363.2900390625,98.39485168457031,162.13999938964844,158.8700714111328,140.10748291015625,72.81739044189453,56.36109924316406
2022-07-07,104.12244415283203,368.7311096191406,97.52899932861328,162.22999572753906,159.04833984375,143.46994018554688,75.1432113647461,55.916690826416016
2022-07-08,103.79572296142578,368.42779541015625,96.44874572753906,162.3000030517578,158.852294921875,144.14639282226562,75.2656021118164,56.12112045288086
2022-07-11,102.43427276611328,364.2190246582031,98.1119384765625,161.42999267578125,158.91465759277344,142.01907348632812,74.88088989257812,55.94335174560547
2022-07-12,102.53411865234375,360.9961242675781,98.6949234008789,160.8300018310547,156.68711853027344,142.98959350585938,73.88411712646484,55.703369140625
2022-07-13,101.57205200195312,359.1002502441406,99.82661437988281,161.60000610351562,156.32179260253906,142.62692260742188,74.18138885498047,55.44560241699219
2022-07-14,98.02323913574219,358.2281799316406,99.01213836669922,159.3300018310547,156.53561401367188,145.5482635498047,72.6949691772461,55.267826080322266
2022-07-15,102.51596069335938,365.0721740722656,99.56937408447266,159.00999450683594,158.80775451660156,147.2147674560547,73.91907501220703,55.552268981933594
2022-07-18,101.46314239501953,362.05780029296875,98.53205871582031,159.16000366210938,155.24363708496094,144.1758270263672,75.28309631347656,54.7967529296875
2022-07-19,103.97721862792969,371.84027099609375,98.00048065185547,159.5399932861328,152.9804229736328,148.02847290039062,77.18048858642578,55.57892990112305
2022-07-20,103.95909118652344,374.2101745605469,98.2576904296875,158.0399932861328,152.1072235107422,150.02830505371094,78.02860260009766,54.663429260253906
2022-07-21,104.66703033447266,378.0207214355469,99.95515441894531,160.27000427246094,152.64186096191406,152.29283142089844,76.72581481933594,54.53899002075195
2022-07-22,104.15876007080078,374.513427734375,101.63556671142578,160.6699981689453,153.36355590820312,151.0576171875,76.1399917602539,54.74342346191406
2022-07-25,104.5762710571289,374.96844482421875,100.64105987548828,160.22999572753906,153.66651916503906,149.94007873535156,78.6756591796875,55.27672576904297
2022-07-26,102.94255828857422,370.5321960449219,100.71821594238281,160.0399932861328,154.75355529785156,148.61668395996094,78.36961364746094,56.1833381652832
2022-07-27,104.59442138671875,380.1535339355469,100.1523666381836,161.6699981689453,154.3258819580078,153.70448303222656,80.0658950805664,56.00556945800781
2022-07-28,104.20413970947266,384.9216003417969,100.94969177246094,163.63999938964844,155.21690368652344,154.2534942626953,81.00148010253906,56.93883514404297
2022-07-29,104.70332336425781,390.53326416015625,100.67533874511719,164.10000610351562,155.5020294189453,159.31195068359375,84.75249481201172,57.036617279052734
2022-08-01,103.6595458984375,389.3768005371094,103.09993743896484,165.02999877929688,154.95851135253906,158.3316192626953,82.61032104492188,57.34770965576172
2022-08-02,102.04399108886719,386.8079528808594,100.91838836669922,164.0500030517578,154.0763702392578,156.86114501953125,82.2518081665039,56.56553649902344
2022-08-03,103.114990234375,392.86517333984375,102.50733184814453,164.4499969482422,155.56442260742188,162.8607177734375,79.58497619628906,56.81440734863281
2022-08-04,101.98046875,392.5997619628906,102.47296905517578,167.1699981689453,153.0695343017578,162.5469970703125,76.23616027832031,56.59219741821289
2022-08-05,105.06639099121094,391.9361572265625,100.03373718261719,165.2899932861328,152.46360778808594,162.3212432861328,77.33786010742188,56.33444595336914
2022-08-08,103.78662872314453,391.4811706542969,101.64845275878906,166.69000244140625,151.6527862548828,161.85000610351562,77.7750473022461,55.97001647949219
2022-08-09,104.72147369384766,389.9266052246094,101.25334167480469,167.1999969482422,151.63494873046875,161.89910888671875,79.2090072631836,56.0411262512207
2022-08-10,107.45344543457031,398.1165771484375,100.59202575683594,166.77999877929688,152.07156372070312,166.13998413085938,79.96097564697266,56.574424743652344
2022-08-11,109.04177856445312,398.1165771484375,98.24729919433594,166.33999633789062,148.92623901367188,165.40370178222656,82.2740707397461,56.19222640991211
2022-08-12,110.84793853759766,404.8563537597656,99.24359130859375,167.8699951171875,147.2867889404297,168.94761657714844,82.98918151855469,56.618865966796875
2022-08-15,111.1474609375,406.524658203125,99.15768432617188,165.7100067138672,147.9906768798828,170.01759338378906,81.5059814453125,57.32994079589844
2022-08-16,112.20936584472656,407.3209533691406,99.56996154785156,165.4199981689453,149.30938720703125,169.8605499267578,80.74671173095703,57.80101776123047
2022-08-17,111.26544189453125,404.4297790527344,98.53070068359375,164.35000610351562,149.31829833984375,171.35267639160156,81.40003967285156,57.667694091796875
2022-08-18,110.40320587158203,405.6051940917969,98.67676544189453,163.9199981689453,148.5965576171875,170.9600067138672,83.32466888427734,57.96990203857422
2022-08-19,107.6712646484375,400.1546630859375,97.08782958984375,162.72000122070312,150.85977172851562,168.37820434570312,83.05982208251953,57.92545700073242
2022-08-22,105.8923110961914,391.8224182128906,96.76141357421875,161.63999938964844,150.33055114746094,164.5005645751953,82.99803161621094,57.06328582763672
2022-08-23,104.84854125976562,390.87451171875,96.22891235351562,162.77000427246094,149.02093505859375,164.16680908203125,86.5206527709961,57.12549591064453
2022-08-24,105.10267639160156,392.125732421875,95.52461242675781,163.25,148.5275421142578,164.4612579345703,87.03270721435547,57.20549774169922
2022-08-25,107.59866333007812,397.66162109375,96.85591125488281,163.75,149.91793823242188,166.91549682617188,87.48297119140625,57.48103713989258
2022-08-26,104.07707214355469,384.201171875,97.5859375,161.75999450683594,147.35244750976562,160.62290954589844,86.40589141845703,56.09445571899414
2022-08-29,103.82293701171875,381.6607360839844,96.77860260009766,161.86000061035156,146.21324157714844,158.4239501953125,88.39230346679688,55.75669479370117
2022-08-30,103.84109497070312,377.4709167480469,97.01908874511719,160.50999450683594,145.70191955566406,155.9992218017578,85.02860260009766,55.241172790527344
2022-08-31,103.22392272949219,374.5987243652344,96.09147644042969,159.27000427246094,144.72422790527344,154.34014892578125,84.39295196533203,54.85008239746094
2022-09-01,103.93184661865234,375.7742004394531,94.33223724365234,157.8699951171875,148.312255859375,155.0666046142578,82.87442016601562,55.10784912109375
2022-09-02,103.20576477050781,371.8118591308594,94.8658676147461,159.25999450683594,145.97999572753906,152.95599365234375,84.39295196533203,54.35233688354492
2022-09-06,103.23298645019531,370.4089660644531,92.51615142822266,158.3300018310547,146.3747100830078,151.69940185546875,83.8279037475586,54.37900161743164
2022-09-07,105.19344329833984,377.0633544921875,93.97933959960938,159.94000244140625,147.17306518554688,153.10321044921875,83.11278533935547,55.38338851928711
2022-09-08,107.64403533935547,379.5278625488281,93.0153579711914,158.97999572753906,148.3571319580078,151.63070678710938,83.7926025390625,55.214508056640625
2022-09-09,108.16136169433594,385.42401123046875,93.22191619873047,159.82000732421875,148.64418029785156,154.4874267578125,85.19634246826172,55.39227294921875
2022-09-12,109.44113159179688,389.56640625,92.45592498779297,160.6300048828125,148.58135986328125,160.43638610839844,86.17632293701172,55.552268981933594
2022-09-13,105.63818359375,372.6270751953125,92.67109680175781,158.5399932861328,144.7152557373047,151.0220489501953,84.16339874267578,53.74793243408203
2022-09-14,105.39314270019531,374.0489501953125,92.98953247070312,157.92999267578125,147.7022705078125,152.46511840820312,86.22930145263672,54.0323600769043
2022-09-15,106.98146057128906,369.8022766113281,92.92931365966797,154.97999572753906,148.0790557861328,149.5789794921875,83.72196960449219,53.29819869995117
2022-09-16,106.26443481445312,366.9811096191406,92.15467071533203,155.83999633789062,150.3395233154297,147.9395751953125,82.29173278808594,53.307151794433594
2022-09-19,107.24468231201172,369.82696533203125,92.36984252929688,155.9600067138672,149.1554718017578,151.6503448486328,82.28289031982422,53.71002960205078
2022-09-20,105.12992095947266,365.5819396972656,91.44891357421875,155.07000732421875,147.98036193847656,154.0260009765625,81.61193084716797,53.629459381103516
2022-09-21,102.09845733642578,359.2047424316406,92.98092651367188,155.7899932861328,146.4644317626953,150.9042510986328,80.29646301269531,53.18180847167969
2022-09-22,100.93669128417969,356.18756103515625,90.60541534423828,155.6999969482422,149.0657196044922,149.9422149658203,79.96096801757812,53.056461334228516
2022-09-23,99.05791473388672,350.21966552734375,90.97551727294922,153.00999450683594,149.55015563964844,147.67449951171875,75.70557403564453,52.465545654296875
2022-09-26,96.92501831054688,346.7550354003906,89.23690032958984,151.22999572753906,148.63516235351562,148.00830078125,74.14290618896484,51.811973571777344
2022-09-27,96.07184600830078,345.8699035644531,86.88720703125,151.5399932861328,147.95346069335938,148.98011779785156,75.69673156738281,50.47794723510742
2022-09-28,98.01414489746094,352.6753234863281,89.79635620117188,154.69000244140625,149.2272186279297,147.09532165527344,78.4512710571289,51.01512908935547
2022-09-29,96.35321807861328,345.308349609375,89.33157348632812,154.66000366210938,147.58567810058594,139.87010192871094,78.2923583984375,50.64805603027344
2022-09-30,94.8465576171875,339.9685974121094,88.17825317382812,154.6699981689453,146.53614807128906,135.66856384277344,77.08283233642578,50.155635833740234
2022-10-03,97.77816772460938,348.9441833496094,89.57937622070312,158.42999267578125,146.39266967773438,139.84071350097656,81.15282440185547,50.71968460083008
2022-10-04,102.35259246826172,359.7568054199219,89.32917022705078,160.6999969482422,148.5634002685547,143.423828125,84.11042022705078,50.8360710144043
2022-10-05,101.08885955810547,358.91925048828125,88.47505950927734,159.80999755859375,148.10592651367188,143.7183380126953,87.50946807861328,50.352603912353516
2022-10-06,99.02843475341797,355.2167053222656,87.9832534790039,159.6300048828125,145.23553466796875,142.76609802246094,90.10507202148438,49.26926803588867
2022-10-07,97.05044555664062,345.308349609375,87.129150390625,157.8800048828125,143.70162963867188,137.52391052246094,89.19570922851562,48.80370330810547
2022-10-10,96.14385223388672,342.67181396484375,85.77465057373047,155.47999572753906,143.8899688720703,137.84788513183594,87.26223754882812,48.69626235961914
2022-10-11,93.36915588378906,340.5015869140625,86.15425109863281,155.16000366210938,145.97105407714844,136.43421936035156,86.5206527709961,48.776851654052734
2022-10-12,94.88011932373047,339.3785400390625,86.5770034790039,155.99000549316406,145.93519592285156,135.80593872070312,86.90028381347656,49.36774826049805
2022-10-13,100.1548080444336,348.3350524902344,85.74874114990234,154.91000366210938,148.14181518554688,140.37083435058594,89.93732452392578,50.02133560180664
2022-10-14,101.82144927978516,340.3969421386719,85.04130554199219,152.97999572753906,147.5228729248047,135.8452606201172,87.5712661743164,49.22450256347656
2022-10-17,106.09797668457031,349.1441345214844,84.62718963623047,153.4199981689453,149.4335479736328,139.80142211914062,88.83374786376953,49.86017608642578
2022-10-18,108.8268814086914,353.2464294433594,84.82563018798828,153.75,148.91323852539062,141.11688232421875,88.99268341064453,50.53165817260742
2022-10-19,106.69322204589844,350.7431335449219,83.28128051757812,151.69000244140625,147.72923278808594,141.224853515625,91.6324234008789,50.1019172668457
2022-10-20,106.34522247314453,347.8020324707031,81.85773468017578,151.4499969482422,148.10592651367188,140.7634735107422,91.75604248046875,49.31403350830078
2022-10-21,111.9312744140625,356.25421142578125,80.38243865966797,154.14999389648438,151.335205078125,144.57240295410156,93.45996856689453,50.1019172668457
2022-10-24,112.06861877441406,360.61346435546875,79.71812438964844,153.64999389648438,153.37142944335938,146.7124481201172,94.11328125,51.543373107910156
2022-10-25,112.36165618896484,366.3719482421875,82.03893280029297,154.0,153.12924194335938,149.54953002929688,93.47760772705078,52.77891159057617
2022-10-26,113.65287780761719,363.6116638183594,83.22090911865234,154.97999572753906,154.47476196289062,146.6143035888672,94.59001922607422,53.17284393310547
2022-10-27,114.10157012939453,361.6700439453125,84.0922622680664,154.74000549316406,154.56446838378906,142.14764404296875,94.95199584960938,53.29819869995117
2022-10-28,115.45687103271484,370.27435302734375,83.51422119140625,153.16000366210938,156.86082458496094,152.8872528076172,97.73301696777344,54.39943313598633
2022-10-31,115.27371978759766,367.5997314453125,82.91893768310547,151.91000366210938,156.0535125732422,150.5312042236328,97.83013153076172,53.58469772338867
2022-11-01,117.35245513916016,365.9912414550781,83.69385528564453,153.4600067138672,155.26412963867188,147.89047241210938,98.80128479003906,53.39668273925781
2022-11-02,116.27188110351562,356.80621337890625,83.33060455322266,152.38999938964844,152.87803649902344,142.3734130859375,96.77069091796875,52.653564453125
2022-11-03,116.48249816894531,353.13226318359375,82.8808822631836,151.80999755859375,153.13821411132812,136.33609008789062,98.0861587524414,52.626705169677734
2022-11-04,119.6692886352539,358.2148742675781,81.48841857910156,156.47000122070312,153.81991577148438,136.07058715820312,99.1544189453125,53.056461334228516
2022-11-07,120.30113220214844,361.6414489746094,80.67544555664062,155.85000610351562,155.1654510498047,136.6016082763672,100.3286361694336,53.26237869262695
2022-11-08,120.37440490722656,363.5926818847656,81.5576400756836,159.4499969482422,155.9368896484375,137.17190551757812,100.6464614868164,53.36086654663086
2022-11-09,118.80850219726562,356.1018981933594,81.82575988769531,158.64999389648438,154.69003295898438,132.61917114257812,96.14386749267578,52.61775207519531
2022-11-10,123.69855499267578,375.6711120605469,84.97388458251953,163.47999572753906,156.5019989013672,144.4188690185547,97.55644989013672,54.50687026977539
2022-11-11,123.90001678466797,379.3070068359375,84.66252136230469,164.55999755859375,151.81961059570312,147.20162963867188,100.60232543945312,54.900814056396484
2022-11-14,122.62714385986328,376.0804138183594,84.45494842529297,164.9199981689453,154.20562744140625,145.8053741455078,100.89600372314453,54.37257385253906
2022-11-15,121.7388687133789,379.2879943847656,85.82145690917969,165.5,154.63621520996094,147.53599548339844,101.57239532470703,54.28303909301758
2022-11-16,121.90369415283203,376.3945007324219,87.69822692871094,165.1199951171875,155.59600830078125,146.30685424804688,100.48662567138672,54.1845588684082
2022-11-17,121.37257385253906,375.24285888671875,86.7728271484375,163.9199981689453,156.85182189941406,148.20462036132812,100.62013244628906,54.354671478271484
2022-11-18,122.56301879882812,376.9465637207031,86.17603302001953,162.7899932861328,158.05386352539062,148.76512145996094,99.74795532226562,54.73965072631836
2022-11-21,121.839599609375,375.57598876953125,86.53931427001953,161.8800048828125,158.86636352539062,145.5398712158203,98.76007843017578,55.58125686645508
2022-11-22,123.66191864013672,380.63006591796875,87.76742553710938,162.07000732421875,159.6337432861328,147.67364501953125,101.61688995361328,55.82298278808594
2022-11-23,124.98058319091797,383.0287170410156,89.29824829101562,163.0800018310547,159.80526733398438,148.54881286621094,101.109619140625,56.07367706298828
2022-11-25,125.21871185302734,382.9429626464844,88.99555206298828,163.22000122070312,160.01290893554688,145.63821411132812,100.75362396240234,56.12738800048828
2022-11-28,123.03009796142578,376.8323974609375,89.24634552001953,161.92999267578125,160.09417724609375,141.81312561035156,97.72772216796875,56.1363410949707
2022-11-29,125.05387878417969,376.18511962890625,88.19986724853516,162.72999572753906,158.97470092773438,138.8140106201172,98.37740325927734,55.93937683105469
2022-11-30,126.537353515625,388.0351867675781,88.8485107421875,164.80999755859375,160.69906616210938,145.5595703125,99.08936309814453,57.35498809814453
2022-12-01,124.7608413696289,387.74969482421875,91.68685913085938,167.83999633789062,161.3671112060547,145.83486938476562,98.6087875366211,57.51728820800781
2022-12-02,123.7718505859375,387.30224609375,92.83988189697266,167.25999450683594,161.4935302734375,145.34320068359375,97.77222442626953,58.02222442626953
2022-12-05,120.30113220214844,380.3349609375,91.53948211669922,164.38999938964844,161.40325927734375,144.1829071044922,95.09339141845703,57.22876739501953
2022-12-06,120.50259399414062,374.8525695800781,92.718505859375,164.83999633789062,158.9837188720703,140.52499389648438,92.45018768310547,57.20171356201172
2022-12-07,120.42020416259766,374.21484375,94.9031982421875,166.3300018310547,159.94973754882812,138.58787536621094,92.24549102783203,57.291873931884766
2022-12-08,121.68392181396484,377.14642333984375,94.6430892944336,166.47000122070312,159.97679138183594,140.26931762695312,92.93077087402344,57.53533172607422
2022-12-09,121.02461242675781,374.3290710449219,92.18098449707031,167.05999755859375,158.65872192382812,139.7875213623047,92.14759063720703,56.93121337890625
2022-12-12,122.9018783569336,379.725830078125,92.47574615478516,165.67999267578125,160.55459594726562,142.0786590576172,94.41702270507812,57.67959213256836
2022-12-13,122.78282928466797,382.6003112792969,93.36870574951172,168.50999450683594,161.79141235351562,143.04225158691406,95.44938659667969,57.697628021240234
2022-12-14,122.16925811767578,380.1542053222656,93.76749420166016,168.10000610351562,162.2879638671875,140.82000732421875,94.74632263183594,57.697628021240234
2022-12-15,119.13815307617188,370.85498046875,94.13335418701172,165.35000610351562,160.23863220214844,134.2219696044922,93.83855438232422,56.9041633605957
2022-12-16,118.39639282226562,366.47662353515625,93.08184814453125,166.7899932861328,158.59548950195312,132.26516723632812,93.17996978759766,56.579559326171875
2022-12-19,119.10153198242188,363.3689880371094,91.51757049560547,166.32000732421875,158.42396545410156,130.16091918945312,93.59825134277344,56.66071319580078
2022-12-20,119.67845153808594,363.8662414550781,89.89248657226562,169.0800018310547,158.59548950195312,130.09205627441406,94.95100402832031,56.615631103515625
2022-12-21,121.02461242675781,369.30694580078125,90.11842346191406,168.8000030517578,160.41015625,133.18948364257812,96.17027282714844,57.52630615234375
2022-12-22,119.65099334716797,364.0382995605469,90.10103607177734,166.75999450683594,159.8233642578125,130.02320861816406,94.23014068603516,57.11154556274414
2022-12-23,120.21874237060547,366.1324462890625,88.78014373779297,167.25999450683594,160.22959899902344,129.6593780517578,96.72205352783203,57.54435348510742
2022-12-27,120.63998413085938,364.6885681152344,87.02468872070312,168.6699981689453,160.18443298339844,127.85992431640625,98.06591033935547,57.89599609375
2022-12-28,121.29930877685547,360.15625,86.51197814941406,167.91000366210938,159.4893035888672,123.93653106689453,96.45506286621094,57.31892776489258
2022-12-29,121.99526977539062,366.63916015625,87.49396514892578,168.85000610351562,160.30181884765625,127.44695281982422,97.1848373413086,57.661556243896484
2022-12-30,122.80115509033203,365.6733703613281,86.5206298828125,169.63999938964844,159.4802703857422,127.76158142089844,98.16380310058594,57.35498809814453
2023-01-03,123.73519897460938,364.1340026855469,88.17179107666016,171.05999755859375,160.87059020996094,122.98271179199219,94.79081726074219,56.759891510009766
2023-01-04,124.88902282714844,366.94512939453125,89.37975311279297,172.6699981689453,162.62200927734375,124.2511978149414,95.06671142578125,56.73283767700195
2023-01-05,124.86137390136719,362.757080078125,89.7534408569336,170.52000427246094,161.42129516601562,122.93353271484375,97.1937255859375,56.083641052246094
2023-01-06,127.2506332397461,371.0758972167969,91.40462493896484,173.7100067138672,162.7303924560547,127.4567642211914,98.3685073852539,57.165645599365234
2023-01-09,126.72482299804688,370.8655090332031,91.8912353515625,174.10000610351562,158.51426696777344,127.9779281616211,96.53514862060547,56.45332336425781
2023-01-10,127.85948181152344,373.4663391113281,90.3704605102539,174.74000549316406,158.13510131835938,128.54823303222656,97.97691345214844,56.02052688598633
2023-01-11,128.80966186523438,378.18988037109375,91.83912658691406,174.6199951171875,157.88230895996094,131.26219177246094,99.11607360839844,55.912330627441406
2023-01-12,128.68051147460938,379.5667419433594,93.64672088623047,176.63999938964844,157.08786010742188,131.18353271484375,100.76251220703125,55.19099807739258
2023-01-13,131.927734375,381.0392761230469,92.76898193359375,178.75999450683594,156.57321166992188,132.51101684570312,100.70021057128906,55.38935852050781
2023-01-17,129.88900756835938,380.3412780761719,92.1693344116211,177.58999633789062,155.60719299316406,133.67129516601562,100.50442504882812,55.614776611328125
2023-01-18,125.98680114746094,374.3363952636719,94.40275573730469,177.0800018310547,153.25991821289062,132.95350646972656,98.43968200683594,53.92866516113281
2023-01-19,124.30785369873047,371.611328125,93.81182861328125,179.88999938964844,153.05227661132812,133.01246643066406,99.07157135009766,53.847511291503906
2023-01-20,124.61227416992188,378.53411865234375,92.291015625,179.2899932861328,152.339111328125,135.56910705566406,100.87821960449219,54.17211151123047
2023-01-23,126.63255310058594,383.0759582519531,91.85647583007812,179.6300048828125,151.95086669921875,138.75506591796875,100.35313415527344,54.30736541748047
2023-01-24,127.72113037109375,382.6648254394531,93.17742919921875,180.27999877929688,151.95086669921875,140.15133666992188,101.28760528564453,54.59589385986328
2023-01-25,128.33920288085938,382.80828857421875,93.40335083007812,181.11000061035156,153.03421020507812,139.49252319335938,100.75362396240234,54.938533782958984
2023-01-26,129.13250732421875,387.01544189453125,92.9688491821289,179.47000122070312,152.47450256347656,141.55747985839844,104.802978515625,54.830326080322266
2023-01-27,129.4462432861328,387.9046630859375,92.73420715332031,179.22000122070312,151.87863159179688,143.49459838867188,102.8895492553711,54.54179763793945
2023-01-30,128.34841918945312,383.0376892089844,92.3952865600586,178.75999450683594,146.25421142578125,140.6134796142578,101.06511688232422,54.67704391479492
2023-01-31,129.1140899658203,388.66961669921875,93.13397979736328,179.41000366210938,147.53614807128906,141.88194274902344,103.24554443359375,55.29018020629883
2023-02-01,128.77276611328125,392.8003845214844,94.25355529785156,181.6699981689453,148.890380859375,143.00291442871094,102.11527252197266,55.2991943359375
2023-02-02,128.17312622070312,398.5184020996094,94.37552642822266,177.89999389648438,149.4501190185547,148.30299377441406,98.92027282714844,54.35244369506836
2023-02-03,130.15655517578125,394.2824401855469,92.96408081054688,173.4600067138672,148.6105194091797,151.92156982421875,99.60555267333984,53.946693420410156
2023-02-06,130.92218017578125,391.8728332519531,92.27577209472656,173.82000732421875,147.4819793701172,149.19778442382812,99.43645477294922,54.253265380859375
2023-02-07,132.5181427001953,396.99798583984375,91.53521728515625,173.97999572753906,147.5181121826172,152.06907653808594,102.27547454833984,54.1630973815918
2023-02-08,131.58642578125,392.6568908691406,91.9708480834961,174.41000366210938,147.7076873779297,149.38461303710938,101.38549041748047,53.847511291503906
2023-02-09,129.53846740722656,389.2528991699219,91.0995864868164,173.02999877929688,145.7125244140625,148.3521270751953,101.7681884765625,53.75735092163086
2023-02-10,130.1104278564453,390.1612854003906,90.08020782470703,173.36000061035156,146.3895721435547,148.71653747558594,106.05784606933594,53.75735092163086
2023-02-13,131.5218505859375,394.74139404296875,90.83818817138672,172.47999572753906,146.93128967285156,151.51339721679688,105.64529418945312,54.64097213745117
2023-02-14,132.10301208496094,394.5597229003906,90.62909698486328,172.61000061035156,146.290283203125,150.87326049804688,104.40768432617188,53.73028564453125
2023-02-15,132.6565399169922,395.8410339355469,89.783935546875,170.88999938964844,143.8798065185547,152.97088623046875,104.09379577636719,53.73028564453125
2023-02-16,130.82998657226562,390.39080810546875,88.51189422607422,170.75,142.8596649169922,151.37548828125,103.78890228271484,53.39668273925781
2023-02-17,131.21742248535156,389.41552734375,89.2002182006836,171.25999450683594,145.84214782714844,150.23313903808594,99.79805755615234,54.20817565917969
2023-02-21,128.80966186523438,381.60345458984375,87.46636962890625,170.6199951171875,143.6688995361328,146.22494506835938,99.69939422607422,53.919647216796875
2023-02-22,127.82258605957031,381.0775146484375,88.26793670654297,169.66000366210938,143.4688720703125,146.64840698242188,98.4079818725586,54.081939697265625
2023-02-23,128.8466033935547,383.1046142578125,89.13050079345703,169.57000732421875,143.42344665527344,147.13095092773438,99.3137435913086,54.18112564086914
2023-02-24,130.00892639160156,379.0121765136719,87.97171783447266,168.35000610351562,141.82305908203125,144.48182678222656,99.32273864746094,53.95571517944336
2023-02-27,131.14361572265625,380.3030090332031,88.21568298339844,169.00999450683594,141.51388549804688,145.67347717285156,99.14337921142578,53.93767547607422
2023-02-28,132.2414093017578,378.8974609375,88.6164321899414,169.77999877929688,139.35888671875,145.17120361328125,98.56940460205078,53.65815734863281
2023-03-01,131.50338745117188,377.44403076171875,87.6644515991211,170.75999450683594,138.73141479492188,143.10311889648438,99.44828796386719,53.07208251953125
2023-03-02,130.13809204101562,380.3795166015625,86.88710021972656,170.66000366210938,138.622314453125,143.69400024414062,99.9056625366211,53.847511291503906
2023-03-03,132.52740478515625,386.4800109863281,88.99201202392578,172.49000549316406,140.04991149902344,148.7362060546875,101.17017364501953,53.59505081176758
2023-03-06,131.7524871826172,386.7477722167969,88.30203247070312,171.6199951171875,141.45021057128906,151.4937286376953,102.06700134277344,54.424583435058594
2023-03-07,127.8779296875,380.8193054199219,88.84355163574219,168.6199951171875,140.1135711669922,149.2975616455078,100.093994140625,54.1089973449707
2023-03-08,127.12147521972656,381.44091796875,88.93089294433594,168.5399932861328,139.08607482910156,150.54823303222656,98.63218688964844,54.136043548583984
2023-03-09,120.2396011352539,374.4034118652344,89.14922332763672,170.1999969482422,137.5220947265625,148.3029022216797,97.86988067626953,53.61307144165039
2023-03-10,123.29307556152344,369.00091552734375,92.22366333007812,173.8699951171875,137.85853576660156,146.24461364746094,96.65918731689453,53.38765335083008
2023-03-13,121.07906341552734,368.47503662109375,92.4332504272461,177.86000061035156,139.177001953125,148.18470764160156,95.54712677001953,53.92866516113281
2023-03-14,124.18790435791016,374.5658874511719,90.91354370117188,176.8300018310547,139.958984375,150.2725067138672,95.90585327148438,54.12702941894531
2023-03-15,118.3207778930664,372.2232971191406,92.66908264160156,178.2100067138672,140.3499755859375,150.66647338867188,91.1347885131836,54.487693786621094
2023-03-16,120.61780548095703,378.7540588378906,91.94416809082031,178.57000732421875,140.0590362548828,153.4830322265625,90.60563659667969,54.78752899169922
2023-03-17,116.06061553955078,374.3253173828125,93.32414245605469,183.77000427246094,138.5586700439453,152.6459197998047,89.5384292602539,54.533119201660156
2023-03-20,117.28756713867188,377.9246826171875,92.50314331054688,183.83999633789062,139.9317169189453,155.00946044921875,91.8791275024414,55.060096740722656
2023-03-21,120.43331146240234,382.8870849609375,91.70832061767578,180.3699951171875,139.9317169189453,156.8609161376953,95.99553680419922,54.80569839477539
2023-03-22,117.32445526123047,376.3602294921875,92.93111419677734,183.44000244140625,137.3493194580078,155.4329376220703,93.79832458496094,54.560386657714844
2023-03-23,117.01079559326172,377.37762451171875,92.93111419677734,185.74000549316406,137.42205810546875,156.51622009277344,92.7400894165039,54.442264556884766
2023-03-24,115.23037719726562,379.8539733886719,93.32414245605469,183.64999389648438,138.80416870117188,157.81617736816406,92.84770202636719,55.332679748535156
2023-03-27,118.53295135498047,380.5642395019531,91.13188171386719,181.9499969482422,139.39524841308594,155.87612915039062,94.88349151611328,55.741539001464844
2023-03-28,118.89273071289062,379.71002197265625,91.29781341552734,183.44000244140625,138.04946899414062,155.2556610107422,96.06726837158203,55.805145263671875
2023-03-29,119.13257598876953,385.22900390625,91.11441040039062,182.52999877929688,139.40431213378906,158.3283233642578,97.71742248535156,56.204917907714844
2023-03-30,118.7728042602539,387.4846496582031,91.53365325927734,184.17999267578125,139.513427734375,159.89413452148438,98.19274139404297,56.195831298828125
2023-03-31,120.21190643310547,392.9461364746094,92.90491485595703,183.22000122070312,140.94102478027344,162.3955841064453,98.34519958496094,56.359375
2023-04-03,120.07353973388672,394.44342041015625,93.34185791015625,184.5399932861328,142.62326049804688,163.64625549316406,104.14762115478516,56.6955451965332
2023-04-04,118.46837615966797,392.2550354003906,93.80591583251953,187.97999572753906,144.11448669433594,163.114501953125,103.15214538574219,56.522926330566406
2023-04-05,118.64501953125,391.22802734375,94.78665161132812,187.8300018310547,150.5886688232422,161.2729034423828,104.91888427734375,57.058982849121094
2023-04-06,118.51485443115234,392.75408935546875,95.03180694580078,186.49000549316406,150.1703643798828,162.1592254638672,103.17904663085938,57.0953254699707
2023-04-10,118.90534973144531,393.1572570800781,93.49945068359375,185.11000061035156,149.41571044921875,159.56915283203125,102.72167205810547,56.95903396606445
2023-04-11,119.49110412597656,393.2628173828125,93.69210815429688,186.27999877929688,149.37022399902344,158.35780334472656,103.44808959960938,56.859100341796875
2023-04-12,119.47250366210938,391.6599426269531,93.59579467773438,187.19000244140625,149.0519561767578,157.6685028076172,103.34048461914062,56.95903396606445
2023-04-13,119.9280776977539,396.8622131347656,92.8602294921875,189.72000122070312,151.04331970214844,163.04554748535156,103.82476043701172,57.376983642578125
2023-04-14,128.9838104248047,395.8927917480469,92.01092529296875,186.36000061035156,150.7978057861328,162.7008819580078,104.07587432861328,57.286128997802734
2023-04-17,130.00653076171875,397.3133850097656,90.9163589477539,185.52999877929688,150.64321899414062,162.72056579589844,102.86516571044922,57.65864181518555
2023-04-18,131.46621704101562,397.572509765625,91.24037170410156,186.25,146.40589904785156,163.9417266845703,104.8740463256836,57.749507904052734
2023-04-19,131.29888916015625,397.5053405761719,91.15277862548828,185.36000061035156,147.78802490234375,165.08413696289062,104.54222106933594,57.8585319519043
2023-04-20,130.91769409179688,395.3360595703125,91.93208312988281,186.08999633789062,148.7427978515625,164.1189727783203,103.70818328857422,58.112937927246094
2023-04-21,130.66665649414062,395.6432189941406,91.41545867919922,184.25,147.9335174560547,162.5137481689453,104.04000091552734,58.1947135925293
2023-04-24,130.8433074951172,396.05596923828125,92.29988098144531,184.80999755859375,148.83372497558594,162.8190460205078,106.00403594970703,58.103858947753906
2023-04-25,127.99827575683594,389.76904296875,93.65706634521484,185.75,150.19769287109375,161.28273010253906,104.49736785888672,58.012996673583984
2023-04-26,125.7297134399414,388.1181640625,92.65885162353516,184.74000549316406,147.86988830566406,161.2729034423828,103.53778076171875,57.74042892456055
2023-04-27,127.42183685302734,395.84478759765625,91.73944091796875,184.75,148.2154083251953,165.85226440429688,104.77539825439453,57.8585319519043
2023-04-28,128.5282440185547,399.2234191894531,93.21926879882812,184.8000030517578,148.85191345214844,167.10296630859375,106.12960052490234,58.28556823730469
2023-05-01,131.28030395507812,398.82037353515625,90.53134155273438,183.97000122070312,148.76101684570312,167.0143585205078,102.83827209472656,58.42185974121094
2023-05-02,129.1604461669922,394.3378601074219,92.78736114501953,187.52000427246094,150.061279296875,165.98028564453125,98.73979187011719,58.15837478637695
2023-05-03,126.427001953125,391.631103515625,93.30530548095703,189.11000061035156,148.09719848632812,164.9068145751953,96.79370880126953,57.83127975463867
2023-05-04,124.69770050048828,388.85723876953125,92.3835678100586,190.44000244140625,147.42431640625,163.27203369140625,95.09870147705078,57.89488220214844
2023-05-05,127.13359069824219,396.05596923828125,92.07633209228516,187.4600067138672,147.92440795898438,170.9339141845703,97.46631622314453,58.167449951171875
2023-05-08,127.44043731689453,396.1615295410156,90.78592681884766,187.69000244140625,147.58799743652344,170.8649444580078,97.8519515991211,58.07659149169922
2023-05-09,126.82679748535156,394.4242248535156,90.46109771728516,189.02000427246094,146.44224548339844,169.16123962402344,97.87884521484375,57.59504699707031
2023-05-10,126.89189147949219,396.2671813964844,91.33895111083984,188.75,146.98788452148438,170.92404174804688,96.62330627441406,57.69499206542969
2023-05-11,126.49210357666016,395.5760803222656,92.30455017089844,187.1300048828125,146.3876953125,171.1111602783203,94.87451934814453,58.02208709716797
2023-05-12,124.67909240722656,395.0577087402344,91.53205108642578,186.80999755859375,146.19677734375,170.1841583251953,94.86553192138672,58.24922561645508
2023-05-15,125.7297134399414,396.42071533203125,90.5840072631836,187.2100067138672,145.07833862304688,169.6910858154297,95.04646301269531,58.094764709472656
2023-05-16,124.8836441040039,393.7716064453125,90.31184387207031,184.8699951171875,144.88739013671875,169.6910858154297,92.73971557617188,57.440589904785156
2023-05-17,128.7234649658203,398.5515441894531,90.04854583740234,184.22999572753906,144.56915283203125,170.30252075195312,94.82029724121094,57.376983642578125
2023-05-18,129.69970703125,402.390869140625,89.38136291503906,181.83999633789062,144.10537719726562,172.62985229492188,95.67967224121094,57.058982849121094
2023-05-19,129.40219116210938,401.8053283691406,88.74930572509766,183.63999938964844,144.4964141845703,172.73834228515625,96.12294006347656,57.08624267578125
2023-05-22,128.3330078125,401.96856689453125,88.43328094482422,183.2100067138672,143.7176513671875,171.79164123535156,94.95600128173828,55.88690948486328
2023-05-23,126.99415588378906,397.457275390625,88.6878662109375,183.42999267578125,143.6626739501953,169.18809509277344,96.24958038330078,55.78696823120117
2023-05-24,125.83197021484375,394.5778503417969,88.24895477294922,181.9499969482422,143.52523803710938,169.4642333984375,97.32604217529297,55.31450271606445
2023-05-25,126.13878631591797,397.9947509765625,88.02949523925781,180.1999969482422,141.4639129638672,170.59835815429688,95.58016967773438,54.88747024536133
2023-05-26,127.319580078125,403.1491394042969,88.74055480957031,180.9199981689453,141.40890502929688,173.00462341308594,94.95600128173828,54.75117874145508
2023-05-30,127.80303192138672,403.302734375,89.62716674804688,182.0399932861328,141.42723083496094,174.84877014160156,94.11471557617188,54.315059661865234
2023-05-31,126.17597198486328,401.0662841796875,90.40843200683594,182.32000732421875,142.05938720703125,174.79945373535156,92.4321517944336,54.20602798461914
2023-06-01,127.91463470458984,404.8768615722656,90.76314544677734,183.75999450683594,141.58299255371094,177.60018920898438,93.49959564208984,54.51495361328125
2023-06-02,130.60159301757812,410.7318115234375,89.7685317993164,181.0500030517578,143.80926513671875,178.44825744628906,95.67062377929688,55.56890106201172
2023-06-05,129.3185272216797,409.94476318359375,89.6012954711914,182.13999938964844,145.04611206054688,177.09727478027344,95.2454605102539,55.19639205932617
2023-06-06,129.5509490966797,410.83734130859375,90.12940979003906,182.33999633789062,144.91781616210938,176.73233032226562,96.02342224121094,54.79661178588867
2023-06-07,130.8061065673828,409.41680908203125,88.79154968261719,180.14999389648438,145.2292938232422,175.36158752441406,98.1763916015625,54.71484375
2023-06-08,130.8433074951172,411.8932189941406,89.83016204833984,182.52999877929688,146.8234100341797,178.0735626220703,97.86882019042969,54.85111999511719
2023-06-09,131.1036376953125,412.6322937011719,89.70694732666016,182.0399932861328,146.59439086914062,178.45816040039062,97.14513397216797,54.941986083984375
2023-06-12,131.09432983398438,416.3756103515625,89.97098541259766,181.8800048828125,146.49359130859375,181.24903869628906,96.2676773071289,54.70575714111328
2023-06-13,132.042724609375,419.12078857421875,89.08202362060547,180.5399932861328,147.26316833496094,180.77566528320312,96.2857666015625,54.9238166809082
2023-06-14,131.54989624023438,419.6198425292969,89.79495239257812,180.63999938964844,148.01438903808594,181.40679931640625,95.12787628173828,55.29633712768555
2023-06-15,133.03749084472656,424.8221740722656,90.65750122070312,181.91000366210938,150.0024871826172,183.4383544921875,95.7882308959961,56.05619812011719
2023-06-16,133.19557189941406,423.3751220703125,90.3054428100586,181.6300048828125,150.46055603027344,182.36338806152344,95.10073852539062,56.45901870727539
2023-06-20,132.51687622070312,421.1785583496094,90.93035125732422,179.75,150.3689422607422,182.45217895507812,92.92063903808594,56.08366394042969
2023-06-21,132.32162475585938,419.02056884765625,91.15040588378906,179.49000549316406,150.13992309570312,181.4167022705078,93.96095275878906,56.23929977416992
2023-06-22,129.7740936279297,420.5331726074219,90.05021667480469,177.7100067138672,151.73402404785156,184.41464233398438,93.4453125,56.623809814453125
2023-06-23,129.0953826904297,417.3538818359375,90.9479751586914,178.1999969482422,151.60577392578125,184.0990753173828,92.63117980957031,56.028743743896484
2023-06-26,129.41151428222656,415.64874267578125,91.04481506347656,178.50999450683594,149.91085815429688,182.70855712890625,94.34087371826172,56.04705047607422
2023-06-27,129.42079162597656,420.20556640625,90.80713653564453,177.69000244140625,149.59938049316406,185.45999145507812,94.57605743408203,55.928035736083984
2023-06-28,128.8536376953125,420.4175109863281,91.1944351196289,177.27999877929688,149.2970733642578,186.633544921875,95.34498596191406,55.406192779541016
2023-06-29,133.35360717773438,422.0745544433594,89.54850006103516,177.08999633789062,150.34146118164062,186.96884155273438,96.52094268798828,54.94844055175781
2023-06-30,135.22244262695312,427.05535888671875,90.60469818115234,178.27000427246094,151.6424102783203,191.28831481933594,97.01849365234375,55.13154602050781
2023-07-03,136.3102264404297,427.5466613769531,90.09104919433594,178.47000122070312,149.6543426513672,189.7991485595703,97.20845794677734,55.46113204956055
2023-07-05,135.4021759033203,426.91082763671875,89.23500061035156,177.83999633789062,149.1596221923828,188.68478393554688,96.71092987060547,55.87310028076172
2023-07-06,134.06350708007812,423.56781005859375,87.97295379638672,177.30999755859375,148.05105590820312,189.15814208984375,93.10154724121094,55.44281768798828
2023-07-07,135.12130737304688,422.4984130859375,87.44340515136719,178.63999938964844,145.89810180664062,188.04376220703125,93.31867218017578,54.71040725708008
2023-07-10,135.8795623779297,423.56781005859375,87.55813598632812,178.77999877929688,146.13629150390625,186.0023956298828,94.70271301269531,54.298439025878906
2023-07-11,138.00462341308594,426.2653503417969,88.00824737548828,179.4499969482422,145.33009338378906,185.47972106933594,95.86061096191406,54.490692138671875
2023-07-12,138.68797302246094,429.6950378417969,88.98787689208984,181.8800048828125,144.82620239257812,187.14633178710938,96.33098602294922,54.78365707397461
2023-07-13,139.3620147705078,433.10546875,89.92340850830078,182.00999450683594,145.49501037597656,187.90570068359375,94.5670166015625,55.25054931640625
2023-07-14,140.20452880859375,432.8357238769531,89.39382934570312,181.42999267578125,146.46612548828125,188.05364990234375,91.31045532226562,55.754085540771484
2023-07-17,143.58396911621094,434.3386535644531,89.43799591064453,181.55999755859375,145.7332000732422,191.30799865722656,91.70846557617188,55.67169189453125
2023-07-18,143.8461151123047,437.5660095214844,89.84395599365234,183.63999938964844,145.72402954101562,191.05160522460938,91.2923583984375,55.45197296142578
2023-07-19,144.3983917236328,438.5390625,90.85888671875,183.6699981689453,145.4308624267578,192.4026641845703,91.92559814453125,56.43156051635742
2023-07-20,146.17701721191406,435.6296081542969,89.75569915771484,182.74000549316406,154.26263427734375,190.4598846435547,93.54483032226562,57.11818313598633
2023-07-21,145.05368041992188,435.6296081542969,89.78218078613281,182.17999267578125,155.92088317871094,189.28636169433594,93.9790267944336,57.16395568847656
2023-07-24,147.9088897705078,437.5756530761719,89.45562744140625,181.39999389648438,156.73623657226562,190.08517456054688,95.45352935791016,57.182273864746094
2023-07-25,146.80426025390625,438.770263671875,89.28794860839844,182.41000366210938,157.93643188476562,190.94309997558594,95.59825897216797,56.990020751953125
2023-07-26,147.68423461914062,438.8376770019531,89.37620544433594,183.3000030517578,158.2387237548828,191.81094360351562,95.06454467773438,57.72241973876953
2023-07-27,146.05535888671875,435.9281921386719,87.63758087158203,180.4199981689453,159.12744140625,190.54867553710938,95.36307525634766,57.16395568847656
2023-07-28,146.88853454589844,440.19610595703125,88.08767700195312,181.86000061035156,159.85118103027344,193.12257385253906,94.22327423095703,57.20057678222656
2023-07-31,147.8714599609375,441.0342712402344,88.29947662353516,182.35000610351562,153.48387145996094,193.7339630126953,97.00944519042969,56.69704818725586
2023-08-01,147.14126586914062,439.77215576171875,86.85252380371094,180.4600067138672,154.7298583984375,192.90562438964844,96.4485855102539,56.550567626953125
2023-08-02,145.4749298095703,433.6545715332031,85.92328643798828,179.60000610351562,155.66436767578125,189.91751098632812,95.2454605102539,56.72451400756836
2023-08-03,146.36428833007812,432.41180419921875,83.9408950805664,179.5399932861328,156.3331298828125,188.52699279785156,96.90088653564453,56.43156051635742
2023-08-04,146.05535888671875,430.45611572265625,85.42767333984375,180.19000244140625,154.86729431152344,179.4739227294922,97.17227172851562,55.58013153076172
2023-08-07,146.7480926513672,434.2133483886719,84.58695983886719,179.77999877929688,158.58688354492188,176.3773651123047,96.97325134277344,56.01958084106445
2023-08-08,145.92430114746094,432.32513427734375,85.5693130493164,178.63999938964844,158.66017150878906,177.3141632080078,97.45271301269531,55.77239227294922
2023-08-09,143.9677734375,429.4349365234375,86.01177978515625,177.7899932861328,158.55938720703125,175.72647094726562,99.10812377929688,55.90056610107422
2023-08-10,143.7524871826172,429.589111328125,84.59581756591797,177.60000610351562,157.73486328125,175.50950622558594,99.61469268798828,55.77239227294922
2023-08-11,144.58563232421875,429.3385925292969,84.40113067626953,177.60000610351562,159.27398681640625,175.56875610351562,101.16156005859375,56.00127410888672
2023-08-14,144.8852081298828,431.7085266113281,84.21524810791016,177.05999755859375,158.8983612060547,177.2178955078125,101.24298858642578,55.735774993896484
2023-08-15,141.19680786132812,426.6795959472656,83.70197296142578,176.58999633789062,158.4403076171875,175.2329864501953,98.64373016357422,55.36042022705078
2023-08-16,140.59771728515625,423.54852294921875,83.04708862304688,175.57000732421875,157.93643188476562,174.364013671875,96.98384857177734,55.36957550048828
2023-08-17,139.1373291015625,420.3212585449219,82.69307708740234,175.3000030517578,159.4205780029297,171.82615661621094,98.86260986328125,55.48859786987305
2023-08-18,139.4556121826172,420.5235290527344,82.98512268066406,175.3300018310547,158.0280303955078,172.30999755859375,100.35832977294922,55.79985809326172
2023-08-21,139.9330291748047,423.259521484375,81.8789291381836,175.80999755859375,153.31898498535156,173.6431121826172,99.14533996582031,55.323795318603516
2023-08-22,137.0310516357422,422.1131286621094,82.50724792480469,176.10000610351562,152.10049438476562,175.01573181152344,98.58899688720703,54.98505783081055
2023-08-23,137.9578094482422,426.81451416015625,84.55157470703125,177.88999938964844,150.73541259765625,178.85714721679688,97.72258758544922,55.17731857299805
2023-08-24,137.82675170898438,420.8992614746094,83.99403381347656,177.85000610351562,151.2484588623047,174.17637634277344,96.99297332763672,55.030845642089844
2023-08-25,137.65826416015625,423.86651611328125,84.26837158203125,177.6199951171875,153.41708374023438,176.3784942626953,98.7258071899414,55.28718185424805
2023-08-28,138.1356658935547,426.5544128417969,84.35687255859375,178.1300048828125,151.60833740234375,177.9387969970703,99.55575561523438,55.44281768798828
2023-08-29,139.259033203125,432.72015380859375,85.23299407958984,179.8699951171875,151.6268310546875,181.8196563720703,100.14855194091797,55.38788604736328
2023-08-30,138.6973419189453,434.50244140625,85.14451599121094,180.32000732421875,151.09158325195312,185.3055877685547,101.1244125366211,55.36042022705078
2023-08-31,136.9842529296875,433.8666076660156,85.52505493164062,180.02000427246094,149.1998291015625,185.52279663085938,101.40713500976562,54.774505615234375
2023-09-01,137.44296264648438,434.6757507324219,84.19268798828125,180.11000061035156,148.09243774414062,187.09295654296875,103.5321273803711,54.298439025878906
2023-09-05,135.92637634277344,432.79718017578125,83.01213836669922,178.63999938964844,148.27703857421875,187.32994079589844,103.541259765625,53.84983825683594
2023-09-06,135.70175170898438,429.88775634765625,83.21630096435547,177.8300018310547,145.81312561035156,180.6248016357422,104.43502807617188,53.81321716308594
2023-09-07,134.54090881347656,428.5678405761719,83.44708251953125,178.02000427246094,147.6771697998047,175.3416290283203,103.92430877685547,53.4012451171875
2023-09-08,134.6438751220703,429.2132873535156,83.76666259765625,178.0800018310547,148.16627502441406,175.953857421875,105.4382553100586,53.4012451171875
2023-09-11,135.2336883544922,432.0361022949219,83.16303253173828,178.41000366210938,150.1041717529297,177.11912536621094,104.1158447265625,53.90476989746094
2023-09-12,136.9935760498047,429.6661376953125,83.64237976074219,177.49000549316406,150.95314025878906,174.09738159179688,107.15284729003906,53.373775482177734
2023-09-13,137.05909729003906,430.1671142578125,83.62462615966797,177.0800018310547,151.33151245117188,172.03347778320312,106.19522857666016,53.50194549560547
2023-09-14,139.71775817871094,433.8761901855469,83.02100372314453,177.1699981689453,151.10081481933594,173.54434204101562,108.09221649169922,53.944881439208984
2023-09-15,139.3058319091797,428.6487121582031,82.51505279541016,178.33999633789062,148.98757934570312,172.82345581054688,106.43234252929688,53.46503829956055
2023-09-18,139.59603881835938,428.90008544921875,82.98548126220703,179.38999938964844,149.9288330078125,175.7465057373047,107.28964233398438,53.797237396240234
2023-09-19,139.418212890625,428.0106506347656,82.37303924560547,179.22000122070312,149.67967224121094,176.832763671875,107.0069351196289,53.68650436401367
2023-09-20,138.82839965820312,424.0757751464844,82.63043975830078,179.35000610351562,150.33489990234375,173.2974853515625,106.15874481201172,53.92641830444336
2023-09-21,137.7425079345703,417.0664978027344,80.50900268554688,178.0500030517578,149.18136596679688,171.75698852539062,104.66303253173828,53.09593200683594
2023-09-22,136.4225311279297,416.12872314453125,81.15696716308594,178.6199951171875,148.1109161376953,172.60623168945312,104.82720184326172,53.15129089355469
2023-09-25,137.09657287597656,417.87860107421875,79.1597900390625,177.6999969482422,147.88941955566406,173.88011169433594,106.00370788574219,52.59764099121094
2023-09-26,135.6736297607422,411.7394714355469,78.88460540771484,176.27999877929688,146.7451629638672,169.8115997314453,106.1678695678711,52.163944244384766
2023-09-27,136.46937561035156,411.90374755859375,78.47628784179688,174.10000610351562,144.98257446289062,168.3007049560547,109.62440490722656,51.62873840332031
2023-09-28,138.16375732421875,414.29180908203125,78.71597290039062,173.22999572753906,144.7703399658203,168.5574493408203,108.95864868164062,51.499542236328125
2023-09-29,135.7578887939453,413.2862854003906,78.72481536865234,171.4499969482422,143.72755432128906,169.07098388671875,107.23493194580078,51.65641784667969
2023-10-02,134.58773803710938,413.1219482421875,77.406982421875,169.64999389648438,143.17385864257812,171.5792236328125,105.45648193359375,51.195037841796875
2023-10-03,133.5954132080078,407.5918884277344,75.74183654785156,169.16000366210938,143.34921264648438,170.24609375,105.6388931274414,50.641380310058594
2023-10-04,134.194580078125,410.5599365234375,76.81037902832031,169.13999938964844,143.51531982421875,171.4903564453125,101.68985748291016,50.789024353027344
2023-10-05,134.76036071777344,410.40521240234375,76.42747497558594,168.8300018310547,145.01026916503906,172.72474670410156,99.40070343017578,48.33446502685547
2023-10-06,136.83505249023438,415.2779235839844,75.50140380859375,169.6999969482422,145.4716796875,175.27249145507812,97.74082946777344,49.03575897216797
2023-10-09,136.5238800048828,417.9366455078125,77.27342224121094,172.82000732421875,146.3022003173828,176.7537841796875,101.16089630126953,48.79584503173828
2023-10-10,137.35372924804688,420.11187744140625,77.16654205322266,172.52999877929688,146.1361083984375,176.1612548828125,100.73223876953125,49.857025146484375
2023-10-11,137.8252716064453,421.83282470703125,78.77828216552734,173.7899932861328,144.12435913085938,177.5536346435547,97.12066650390625,49.561737060546875
2023-10-12,137.504638671875,419.2611389160156,76.64116668701172,173.25999450683594,144.26278686523438,178.4522705078125,97.1024169921875,48.73125076293945
2023-10-13,139.56988525390625,417.1728210449219,78.01248168945312,178.8300018310547,144.7426300048828,176.61553955078125,100.2032699584961,48.80506896972656
2023-10-16,139.4284210205078,421.5620422363281,76.75694274902344,177.9600067138672,145.37014770507812,176.4871368408203,100.27623748779297,49.30337142944336
2023-10-17,139.12669372558594,421.542724609375,75.91100311279297,178.2899932861328,144.04132080078125,174.936767578125,101.58953857421875,49.89392852783203
2023-10-18,137.59893798828125,415.92572021484375,75.2431640625,180.8699951171875,140.94065856933594,173.6431121826172,103.01228332519531,49.8754768371582
2023-10-19,137.0142364501953,412.2711486816406,73.70267486572266,183.08999633789062,140.5623321533203,173.26785278320312,103.07612609863281,50.15230941772461
2023-10-20,134.8075408935547,407.20513916015625,74.12120056152344,183.58999633789062,141.18983459472656,170.72010803222656,101.30680084228516,50.35531234741211
2023-10-23,132.9686279296875,406.4993896484375,75.01164245605469,182.97000122070312,139.70411682128906,170.83859252929688,99.82022094726562,49.90316390991211
2023-10-24,133.12892150878906,409.56414794921875,76.00004577636719,182.9499969482422,139.5564727783203,171.27308654785156,98.85348510742188,51.342674255371094
2023-10-25,132.40281677246094,403.68597412109375,74.30818939208984,183.72000122070312,139.8702392578125,168.9623260498047,99.03590393066406,51.78560256958008
2023-10-26,132.7422637939453,398.8520202636719,75.44796752929688,184.00999450683594,137.49859619140625,164.804931640625,98.13299560546875,51.471866607666016
2023-10-27,127.96107482910156,397.0440979003906,75.12742614746094,186.14999389648438,134.3610382080078,166.11831665039062,96.26335906982422,50.97357177734375
2023-10-30,129.592529296875,401.7911376953125,74.78904724121094,185.10000610351562,135.6806640625,168.16244506835938,96.56432342529297,51.813289642333984
2023-10-31,131.1391143798828,404.3144226074219,74.42393493652344,184.08999633789062,136.88955688476562,168.63645935058594,96.53697204589844,52.12703323364258
2023-11-01,131.02593994140625,408.6263732910156,76.03762817382812,183.50999450683594,137.2125244140625,171.7964630126953,96.34545135498047,52.08089065551758
2023-11-02,133.36468505859375,416.4573974609375,77.77104949951172,184.1199951171875,138.6428985595703,175.3515167236328,99.5101547241211,52.680686950683594
2023-11-03,134.85470581054688,420.2569580078125,78.29822540283203,184.7899932861328,139.657958984375,174.44297790527344,98.29714965820312,52.357723236083984
2023-11-06,135.87315368652344,421.2237548828125,77.53874206542969,183.35000610351562,139.9901580810547,176.99073791503906,96.55521392822266,52.56995391845703
2023-11-07,135.80715942382812,422.4225769042969,78.68242645263672,182.58999633789062,139.251953125,179.54840087890625,95.04125213623047,52.76373291015625
2023-11-08,136.47669982910156,422.7319030761719,80.022705078125,180.77000427246094,138.74440002441406,180.6050262451172,93.8738784790039,52.680686950683594
2023-11-09,136.07119750976562,419.43511962890625,78.18205261230469,181.49000549316406,136.04055786132812,180.13104248046875,93.9012451171875,52.28390121459961
2023-11-10,138.08932495117188,425.9803466796875,78.61988067626953,179.50999450683594,135.8837127685547,184.31369018554688,94.62173461914062,52.33926773071289
2023-11-13,137.47634887695312,425.5743103027344,78.44120025634766,180.50999450683594,136.23435974121094,182.7316131591797,95.6158218383789,52.533042907714844
2023-11-14,139.98483276367188,433.83074951171875,80.2192611694336,182.1199951171875,136.26205444335938,185.34205627441406,95.98397827148438,52.68992233276367
2023-11-15,141.21080017089844,434.74920654296875,79.09344482421875,181.63999938964844,137.3140411376953,185.90567016601562,95.4041519165039,52.791419982910156
2023-11-16,142.82337951660156,435.28094482421875,80.07628631591797,183.69000244140625,138.51370239257812,187.58665466308594,94.29972076416016,52.736053466796875
2023-11-17,144.11537170410156,435.8223571777344,80.45156860351562,183.6699981689453,138.2276153564453,187.56686401367188,96.60062408447266,52.837554931640625
2023-11-20,144.55856323242188,439.1771545410156,80.94300079345703,183.3699951171875,139.4461669921875,189.30714416503906,96.17725372314453,52.96674728393555
2023-11-21,144.25682067871094,438.219970703125,80.9072494506836,185.35000610351562,140.57171630859375,188.50624084472656,96.14042663574219,53.54808807373047
2023-11-22,144.5963134765625,439.911865234375,81.19317626953125,184.55999755859375,140.29266357421875,189.16871643066406,95.72628021240234,53.907962799072266
2023-11-24,144.79429626464844,440.1825866699219,80.23715209960938,185.52000427246094,141.85540771484375,187.84373474121094,96.24166870117188,54.04637908935547
2023-11-27,144.4642791748047,439.389892578125,81.57738494873047,186.77000427246094,140.72055053710938,187.66574096679688,95.68025207519531,53.944881439208984
2023-11-28,144.79429626464844,439.82489013671875,81.73822021484375,189.25999450683594,141.046142578125,188.26890563964844,95.62503814697266,54.05561065673828
2023-11-29,145.5299072265625,439.51556396484375,82.76573944091797,189.5399932861328,141.4925994873047,187.2504425048828,94.18927001953125,53.732635498046875
2023-11-30,147.1896514892578,441.24609375,81.80970001220703,188.75,143.8646240234375,187.8239288330078,94.55742645263672,54.35580825805664
2023-12-01,147.9063720703125,443.8564758300781,83.35049438476562,192.00999450683594,147.32496643066406,189.09951782226562,94.78750610351562,54.54183578491211
2023-12-04,148.99085998535156,441.5264892578125,83.01887512207031,187.86000061035156,147.79006958007812,187.30975341796875,94.2721176147461,54.47673034667969
2023-12-05,148.9720001220703,441.439453125,84.80259704589844,187.14999389648438,147.4831085205078,191.255126953125,92.44059753417969,54.56044387817383
2023-12-06,147.4065704345703,439.6604919433594,85.93195343017578,187.83999633789062,145.6878204345703,190.1674346923828,91.21653747558594,54.50463104248047
2023-12-07,147.85919189453125,443.01531982421875,85.43898010253906,188.14999389648438,144.55296325683594,192.09559631347656,90.58148956298828,54.634857177734375
2023-12-08,149.49066162109375,444.9199523925781,84.73983764648438,185.63999938964844,143.6414031982422,193.51947021484375,91.6214828491211,54.513938903808594
2023-12-11,150.03765869140625,446.65045166015625,84.56056213378906,183.58999633789062,144.23667907714844,191.01779174804688,91.68592071533203,54.91389083862305
2023-12-12,151.37677001953125,448.6903991699219,84.8115234375,183.49000549316406,144.24598693847656,192.53067016601562,90.2409439086914,55.2673225402832
2023-12-13,151.885986328125,454.8779296875,86.80140686035156,187.6300048828125,144.91575622558594,195.74429321289062,91.0416488647461,55.7416877746582
2023-12-14,154.6490936279297,456.3377990722656,89.05937957763672,188.72999572753906,145.9203643798828,195.8926239013672,93.48979949951172,54.91389083862305
2023-12-15,155.81846618652344,455.5863952636719,89.15827941894531,187.0,144.32972717285156,195.35865783691406,92.86396789550781,54.50463104248047
2023-12-18,156.76148986816406,458.1491394042969,88.4478988647461,187.85000610351562,144.5901641845703,193.6974639892578,93.55424499511719,54.895286560058594
2023-12-19,158.85507202148438,460.93505859375,88.92446899414062,189.1300048828125,145.53900146484375,194.7357177734375,94.78750610351562,54.71855926513672
2023-12-20,157.0633087158203,454.54779052734375,89.52694702148438,188.10000610351562,142.57164001464844,192.64932250976562,93.20450592041016,53.583824157714844
2023-12-21,157.95916748046875,458.8577880859375,88.96045684814453,189.42999267578125,144.03207397460938,192.5009765625,93.62786865234375,53.9372673034668
2023-12-22,157.86488342285156,459.7799072265625,88.55581665039062,190.27000427246094,144.6088104248047,191.43310546875,93.79352569580078,54.244197845458984
2023-12-26,158.79844665527344,461.7213439941406,88.80760192871094,191.72000122070312,145.2412872314453,190.88925170898438,94.00521087646484,54.46742630004883
2023-12-27,159.7509307861328,462.5561828613281,90.38124084472656,192.58999633789062,145.43666076660156,190.9881134033203,93.56344604492188,54.60694122314453
2023-12-28,160.5996856689453,462.7308654785156,89.72478485107422,191.47000122070312,145.650634765625,191.41331481933594,92.21051788330078,54.64414978027344
2023-12-29,160.4110565185547,461.3913269042969,88.91548919677734,191.1699981689453,145.7994384765625,190.3750762939453,92.01724243164062,54.81157684326172
2024-01-02,162.27828979492188,458.8091735839844,88.40293884277344,190.72000122070312,148.80398559570312,183.56219482421875,94.20768737792969,55.63937759399414
2024-01-03,161.57101440429688,455.062255859375,88.77161407470703,189.1300048828125,149.7341766357422,182.18777465820312,94.99920654296875,55.76958465576172
2024-01-04,162.64321899414062,453.5964660644531,87.42278289794922,189.32000732421875,149.4179229736328,179.87393188476562,94.1708755493164,55.58356857299805
2024-01-05,163.459228515625,454.21771240234375,86.58647918701172,189.35000610351562,149.8830108642578,179.15211486816406,94.45619201660156,55.49985122680664
2024-01-08,163.22203063964844,460.7021179199219,87.44075012207031,187.8699951171875,150.25511169433594,183.4830780029297,92.88237762451172,55.90910720825195
2024-01-09,161.9315948486328,460.003173828125,86.88323211669922,187.92999267578125,150.34811401367188,183.06776428222656,91.73194122314453,55.80679702758789
2024-01-10,162.27316284179688,462.604736328125,86.47858428955078,187.5,150.57135009765625,184.1060333251953,90.82999420166016,55.992820739746094
2024-01-11,161.58999633789062,462.4008483886719,86.96418762207031,187.8699951171875,149.901611328125,183.51275634765625,90.81157684326172,55.63007354736328
2024-01-12,160.40394592285156,462.7211608886719,86.79330444335938,189.7100067138672,151.05506896972656,183.8390655517578,91.98961639404297,56.16953659057617
2024-01-16,159.39813232421875,461.0224304199219,85.2646255493164,187.91000366210938,149.31561279296875,181.57469177246094,89.90962982177734,55.79749298095703
2024-01-17,158.54417419433594,458.4598083496094,85.12975311279297,185.83999633789062,149.23187255859375,180.63531494140625,89.25617980957031,55.79749298095703
2024-01-18,158.85728454589844,462.5367736816406,84.33843231201172,187.3699951171875,149.9574432373047,186.51873779296875,89.09051513671875,55.95560836791992
2024-01-19,161.59945678710938,468.3028564453125,84.60820007324219,187.92999267578125,150.39463806152344,189.41592407226562,89.22856140136719,55.648677825927734
2024-01-22,161.4097137451172,469.29296875,85.11176300048828,187.22000122070312,151.1294708251953,191.71986389160156,89.10891723632812,55.40684509277344
2024-01-23,160.3469696044922,470.6616516113281,84.43734741210938,187.9499969482422,148.65516662597656,192.9954071044922,90.11209869384766,55.667274475097656
2024-01-24,161.77975463867188,471.1761474609375,83.94277954101562,186.39999389648438,147.86447143554688,192.32302856445312,91.6675033569336,54.792964935302734
2024-01-25,164.094970703125,473.73883056640625,84.49127960205078,187.13999938964844,148.42259216308594,191.99673461914062,93.99600219726562,55.025508880615234
2024-01-26,163.46873474121094,473.1369934082031,84.3294448852539,187.00999450683594,148.3668212890625,190.26629638671875,94.79671478271484,55.220821380615234
2024-01-29,163.8957061767578,476.88397216796875,85.30060577392578,188.3300018310547,148.23655700683594,189.58399963378906,94.9163589477539,55.5556640625
2024-01-30,167.25465393066406,476.51513671875,86.07393646240234,188.58999633789062,147.68775939941406,185.93533325195312,96.49938201904297,55.71377944946289
2024-01-31,165.4423370361328,468.7396545410156,86.9192123413086,188.4499969482422,147.80868530273438,182.33604431152344,94.6218490600586,55.33243942260742
2024-02-01,164.84454345703125,474.87457275390625,88.62422180175781,190.41000366210938,147.30638122558594,184.76853942871094,94.23529052734375,56.71830368041992
2024-02-02,165.7934112548828,479.873779296875,86.66661834716797,188.61000061035156,145.67852783203125,183.76983642578125,93.84874725341797,56.30905532836914
2024-02-05,165.5751953125,478.12646484375,84.91649627685547,187.57000732421875,144.92506408691406,185.57933044433594,93.46219635009766,55.843994140625
2024-02-06,166.1444854736328,479.5146179199219,85.74645233154297,188.5500030517578,147.0272979736328,187.1812286376953,94.10646057128906,55.75098419189453
2024-02-07,166.4575958251953,483.5139465332031,85.33148956298828,188.5,146.95289611816406,187.29000854492188,94.07884979248047,55.79749298095703
2024-02-08,165.85983276367188,483.7275085449219,84.83531188964844,188.3300018310547,145.48318481445312,186.21221923828125,95.689453125,55.648677825927734
2024-02-09,166.05911254882812,486.523193359375,84.6639175415039,187.60000610351562,145.81802368164062,186.9745635986328,93.66468048095703,55.39754104614258
2024-02-12,166.79922485351562,486.3096008300781,84.76312255859375,187.11000061035156,146.8319549560547,185.29141235351562,94.95317840576172,55.52775955200195
2024-02-13,165.34744262695312,479.6116027832031,83.31072998046875,184.52999877929688,145.5482940673828,183.20236206054688,94.13573455810547,55.20221710205078
2024-02-14,167.0269317626953,483.97021484375,83.73472595214844,184.4199981689453,144.86923217773438,182.3212127685547,93.67127990722656,55.14640808105469
2024-02-15,170.67050170898438,487.3094482421875,84.16773986816406,185.66000366210938,146.89706420898438,182.0341033935547,96.3558349609375,55.24872970581055
2024-02-16,169.8734893798828,484.8826599121094,83.68059539794922,186.33999633789062,146.72837829589844,180.49949645996094,96.3558349609375,55.23942184448242
2024-02-20,170.5376739501953,482.2132263183594,83.75277709960938,187.47000122070312,147.95619201660156,179.7569580078125,95.44549560546875,56.4578742980957
2024-02-21,171.64785766601562,482.6500244140625,83.1573715209961,187.47999572753906,148.72471618652344,180.5093994140625,97.39620208740234,56.96013641357422
2024-02-22,173.7068634033203,492.63873291015625,83.56331634521484,187.55999755859375,150.38369750976562,182.5390167236328,97.31261444091797,56.87643051147461
2024-02-23,174.57981872558594,492.9784240722656,84.68196105957031,188.6199951171875,151.68649291992188,180.70742797851562,96.4580078125,56.92292785644531
2024-02-26,173.98204040527344,491.1729431152344,84.42937469482422,188.1999969482422,150.70236206054688,179.3609161376953,96.8388671875,56.467166900634766
2024-02-27,174.0674285888672,492.0853576660156,83.83397674560547,188.0,150.8804473876953,180.8163299560547,96.6344985961914,56.1230354309082
2024-02-28,174.9498748779297,491.4350280761719,84.36620330810547,188.33999633789062,151.4146728515625,179.6183319091797,96.90389251708984,56.178836822509766
2024-02-29,176.5439453125,493.20166015625,84.96162414550781,189.30999755859375,151.25535583496094,178.9550018310547,97.08966827392578,55.825401306152344
2024-03-01,175.8133087158203,497.83197021484375,85.49103546142578,192.88999938964844,151.9489288330078,177.8758087158203,98.31582641601562,55.3696403503418
2024-03-04,177.1322479248047,497.298095703125,85.14712524414062,196.00999450683594,149.81198120117188,173.36109924316406,96.9410400390625,55.63007354736328
2024-03-05,178.90658569335938,492.3280334472656,86.35977935791016,197.19000244140625,149.93382263183594,168.43057250976562,98.13004302978516,55.3603401184082
2024-03-06,179.83645629882812,494.82281494140625,86.86653900146484,198.80999755859375,149.34335327148438,167.4404754638672,99.17970275878906,55.388248443603516
2024-03-07,178.26136779785156,499.734619140625,86.78510284423828,199.94000244140625,148.90283203125,167.32167053222656,99.73706817626953,55.285926818847656
2024-03-08,178.59344482421875,496.7351379394531,86.63126373291016,201.6300048828125,149.5120391845703,169.0344696044922,100.67525482177734,55.3603401184082
2024-03-11,178.65989685058594,496.3080139160156,86.58601379394531,202.0,151.11474609375,171.03443908691406,101.26976776123047,56.03002166748047
2024-03-12,180.130615234375,501.64697265625,85.8620376586914,199.7899932861328,152.530029296875,171.50965881347656,100.61952209472656,56.2718505859375
2024-03-13,181.59185791015625,500.86065673828125,85.44578552246094,201.19000244140625,150.992919921875,169.4305419921875,101.74349975585938,56.848514556884766
2024-03-14,178.3562469482422,499.87054443359375,84.13355255126953,200.35000610351562,149.2215118408203,171.281982421875,103.54558563232422,56.721954345703125
2024-03-15,180.5670928955078,496.4381103515625,84.10641479492188,199.7100067138672,148.25608825683594,170.90570068359375,103.35980224609375,56.14066696166992
2024-03-18,182.806396484375,499.38848876953125,83.85304260253906,200.02999877929688,146.92518615722656,171.9947967529297,104.31658935546875,56.37506103515625
2024-03-19,183.87857055664062,502.1636962890625,84.08832550048828,199.8000030517578,146.40969848632812,174.33135986328125,105.05042266845703,56.468807220458984
2024-03-20,186.28866577148438,506.80828857421875,84.06117248535156,202.17999267578125,145.98793029785156,176.89561462402344,104.9575424194336,56.95634078979492
2024-03-21,188.87901306152344,508.4831848144531,84.2421875,201.97000122070312,145.97857666015625,169.66812133789062,105.42198944091797,56.69382858276367
2024-03-22,186.56382751464844,507.5192565917969,85.04756927490234,200.35000610351562,145.49118041992188,170.56910705566406,105.42198944091797,56.71257400512695
2024-03-25,184.8559112548828,506.1170349121094,84.62227630615234,200.99000549316406,145.48182678222656,169.15330505371094,106.49951934814453,56.62819290161133
2024-03-26,185.71937561035156,505.1822509765625,84.85753631591797,201.63999938964844,145.99732971191406,168.02462768554688,105.7006607055664,56.75945281982422
2024-03-27,189.31552124023438,509.4277038574219,85.69915008544922,203.10000610351562,148.0499267578125,171.58888244628906,106.79678344726562,57.21885681152344
2024-03-28,190.05563354492188,509.3303527832031,85.62673950195312,205.72000122070312,148.26548767089844,169.77703857421875,107.97649383544922,57.3594856262207
2024-04-01,188.7651824951172,508.4441223144531,84.03058624267578,207.82000732421875,147.88121032714844,168.3414306640625,108.67317199707031,56.89071273803711
2024-04-02,188.6892852783203,505.21148681640625,83.56752014160156,210.88999938964844,147.8343505859375,167.1632537841797,110.80036926269531,56.39380645751953
2024-04-03,188.15792846679688,505.7664794921875,83.54935455322266,212.74000549316406,144.58201599121094,167.9652099609375,110.81896209716797,56.09379577636719
2024-04-04,186.72633361816406,499.5930480957031,84.14860534667969,211.52000427246094,142.93246459960938,167.14346313476562,111.20912170410156,55.596885681152344
2024-04-05,188.44424438476562,504.8122863769531,82.97735595703125,215.13999938964844,142.82936096191406,167.89590454101562,112.74181365966797,55.79377746582031
2024-04-08,189.42724609375,505.09466552734375,82.96827697753906,216.47999572753906,142.0795440673828,166.7771453857422,111.98009490966797,55.56876754760742
2024-04-09,188.15789794921875,505.6788635253906,83.74002075195312,217.6699981689453,142.73561096191406,167.98501586914062,112.5653076171875,55.990657806396484
2024-04-10,186.55453491210938,500.6154479980469,81.91506958007812,215.61000061035156,140.77676391601562,166.11378479003906,113.51278686523438,55.24061584472656
2024-04-11,186.51637268066406,504.39349365234375,81.54279327392578,219.8000030517578,139.45523071289062,173.30166625976562,113.13194274902344,55.36249923706055
2024-04-12,174.45286560058594,497.4313659667969,81.97863006591797,216.88999938964844,138.26492309570312,174.7967071533203,111.81289672851562,54.64058303833008
2024-04-15,174.54830932617188,491.199462890625,80.70747375488281,220.9499969482422,138.3304901123047,170.97503662109375,111.17195129394531,54.50932693481445
2024-04-16,172.55368041992188,490.3035888671875,80.17179870605469,221.22000122070312,135.38746643066406,167.69793701171875,110.2523193359375,54.434326171875
2024-04-17,171.86651611328125,487.40185546875,81.06160736083984,219.58999633789062,135.68740844726562,166.3315887451172,110.19659423828125,54.85621643066406
2024-04-18,172.98312377929688,486.39892578125,80.65302276611328,220.33999633789062,136.5965576171875,165.38113403320312,110.09440612792969,55.23124313354492
2024-04-19,177.32557678222656,482.1534729003906,80.94355010986328,221.02999877929688,138.6304168701172,163.3614044189453,111.35772705078125,56.412559509277344
2024-04-22,180.7709197998047,486.59368896484375,80.80736541748047,215.57000732421875,139.7645263671875,164.19305419921875,111.9893798828125,56.768829345703125
2024-04-23,183.37643432617188,492.3679504394531,80.83460998535156,215.0399932861328,140.17691040039062,165.24249267578125,112.42596435546875,56.853206634521484
2024-04-24,184.27357482910156,492.1342468261719,80.26258087158203,214.63999938964844,139.21151733398438,167.3414764404297,112.44454956054688,57.70637893676758
2024-04-25,184.55032348632812,490.2646789550781,79.69967651367188,215.9199981689453,137.6088104248047,168.20281982421875,112.70464324951172,57.884521484375
2024-04-26,184.6648712158203,494.9093933105469,80.11731719970703,216.6199951171875,136.9714813232422,167.6186981201172,109.57421875,57.884521484375
2024-04-29,184.46444702148438,496.6620788574219,80.78922271728516,216.17999267578125,137.6088104248047,171.77699279785156,111.1347885131836,58.1657829284668
2024-04-30,182.99468994140625,488.7943420410156,80.09915924072266,211.8699951171875,135.51873779296875,168.63845825195312,109.86217498779297,57.91264724731445
2024-05-01,183.1092071533203,487.2071838378906,80.68959045410156,213.7899932861328,141.6952667236328,167.6186981201172,107.78142547607422,58.062652587890625
2024-05-02,182.91831970214844,491.7642517089844,81.03580474853516,213.1300048828125,140.51431274414062,171.3116455078125,107.97649383544922,58.1189079284668
2024-05-03,181.82077026367188,497.8598327636719,81.85579681396484,212.9600067138672,139.90509033203125,181.55885314941406,107.7535629272461,58.28766632080078
2024-05-06,183.24281311035156,503.0010681152344,82.17473602294922,215.1999969482422,139.25839233398438,179.9054412841797,108.45023345947266,58.456424713134766
2024-05-07,183.00421142578125,503.5561218261719,82.67583465576172,214.2100067138672,139.38961791992188,180.58859252929688,107.9114761352539,58.709564208984375
2024-05-08,186.72633361816406,503.60479736328125,82.17473602294922,213.5800018310547,139.6051788330078,180.92523193359375,107.89288330078125,58.92519760131836
2024-05-09,188.49197387695312,506.50653076171875,82.57561492919922,216.9499969482422,140.44871520996094,182.73707580566406,110.02010345458984,58.953330993652344
2024-05-10,189.7040252685547,507.1589660644531,82.1109390258789,218.7100067138672,140.50494384765625,181.4779510498047,109.57421875,59.30959701538086
2024-05-13,189.66586303710938,507.2270812988281,82.32049560546875,216.25999450683594,141.7327880859375,184.6802215576172,109.52777099609375,59.60961151123047
2024-05-14,192.3190460205078,509.5543518066406,82.78516387939453,218.08999633789062,141.8827362060547,185.82032775878906,110.1926498413086,59.15959167480469
2024-05-15,192.89169311523438,515.8641357421875,83.91497039794922,220.88999938964844,143.091796875,188.09066772460938,111.04483795166016,59.187713623046875
2024-05-16,193.2352752685547,514.802734375,83.83296966552734,220.02999877929688,144.60079956054688,188.20965576171875,110.37995147705078,59.365848541259766
2024-05-17,195.449462890625,515.5428466796875,83.26807403564453,223.66000366210938,144.9381866455078,188.23936462402344,112.0374755859375,59.093963623046875
2024-05-20,186.6595458984375,516.1368408203125,83.0220718383789,224.55999755859375,142.92568969726562,189.3993377685547,111.12910461425781,58.662681579589844
2024-05-21,190.41983032226562,517.4026489257812,83.45030212402344,224.22999572753906,142.8973388671875,190.69808959960938,110.36122131347656,58.981449127197266
2024-05-22,189.26502990722656,515.912841796875,83.55052947998047,220.11000061035156,145.03268432617188,189.2605438232422,108.14180755615234,59.065834045410156
2024-05-23,187.9384002685547,512.1445922851562,83.01295471191406,215.72000122070312,141.44229125976562,185.2750701904297,106.29700469970703,58.21266174316406
2024-05-24,191.55555725097656,515.532958984375,83.25896453857422,215.9199981689453,138.86288452148438,188.3484344482422,106.21273040771484,58.12828063964844
2024-05-28,190.40074157714844,515.893310546875,82.06538391113281,218.19000244140625,136.41574096679688,188.35836791992188,107.56121826171875,57.95951843261719
2024-05-29,189.07412719726562,512.2807006835938,81.07225036621094,216.16000366210938,136.4724578857422,188.65577697753906,106.40937805175781,57.84701156616211
2024-05-30,190.23849487304688,508.8824768066406,81.85579681396484,216.57000732421875,137.26612854003906,189.64718627929688,106.74649810791016,58.100154876708984
2024-05-31,193.3879852294922,513.5173950195312,82.41160583496094,215.3000030517578,138.5794219970703,190.59893798828125,109.80870056152344,59.00020217895508
2024-06-03,192.6149444580078,513.9361572265625,83.74456787109375,217.22000122070312,139.5904083251953,192.36366271972656,107.17726135253906,59.00020217895508
2024-06-04,190.07623291015625,514.5106201171875,84.72281646728516,215.27000427246094,139.6470947265625,192.68089294433594,105.5103759765625,59.9471321105957
2024-06-05,188.2628936767578,520.6256103515625,85.34449768066406,217.82000732421875,137.91806030273438,194.18785095214844,105.93180084228516,59.928382873535156
2024-06-06,187.92886352539062,520.6159057617188,85.21650695800781,219.42999267578125,138.34323120117188,192.80979919433594,106.72777557373047,60.144020080566406
2024-06-07,190.83021545410156,519.9830322265625,83.65313720703125,211.60000610351562,138.96681213378906,195.1990966796875,105.5853042602539,59.91900634765625
2024-06-10,190.5057373046875,521.589599609375,83.095458984375,213.5399932861328,139.0140838623047,191.4614715576172,105.89432525634766,59.61899185180664
2024-06-11,185.49517822265625,522.8457641601562,83.95484924316406,214.14999389648438,138.6644744873047,205.3709716796875,105.04216003417969,59.58148956298828
2024-06-12,182.7942657470703,527.1399536132812,84.58567810058594,214.72000122070312,137.38894653320312,211.2401580810547,103.88095092773438,58.953330993652344
2024-06-13,184.82708740234375,528.2013549804688,85.82904815673828,212.97000122070312,137.4267120361328,212.40008544921875,103.0475082397461,59.056461334228516
2024-06-14,184.94163513183594,528.5226440429688,86.5512924194336,215.72999572753906,137.51174926757812,210.6651153564453,102.17660522460938,59.09897232055664
2024-06-17,186.08688354492188,532.7291259765625,85.6919174194336,214.61000061035156,137.89913940429688,214.80923461914062,101.4742660522461,59.16510772705078
2024-06-18,188.0147705078125,534.0825805664062,86.47816467285156,215.47000122070312,137.61570739746094,212.44964599609375,102.42945098876953,59.174560546875
2024-06-20,189.6085968017578,532.6317749023438,85.90216064453125,218.16000366210938,139.62820434570312,207.87924194335938,104.63947296142578,58.749385833740234
2024-06-21,187.34666442871094,531.917724609375,85.90216064453125,214.77999877929688,140.5447235107422,205.70806884765625,103.72175598144531,59.30683135986328
2024-06-24,189.80902099609375,530.1885986328125,86.24959564208984,215.6300048828125,140.89427185058594,206.3524932861328,106.80270385742188,60.44063186645508
2024-06-25,189.03598022460938,532.2302856445312,86.39588928222656,214.55999755859375,139.07073974609375,207.2744903564453,107.10235595703125,60.31780242919922
2024-06-26,188.42515563964844,532.8945922851562,85.16165161132812,212.5800018310547,138.72117614746094,211.41859436035156,107.13982391357422,60.51621627807617
2024-06-27,190.08580017089844,533.7346801757812,85.49992370605469,214.99000549316406,137.7574462890625,212.26129150390625,107.59867095947266,60.383941650390625
2024-06-28,193.0348663330078,531.6343383789062,83.90911865234375,215.00999450683594,138.09754943847656,208.81117248535156,107.8046875,60.13828659057617
2024-07-01,196.07933044433594,532.7284545898438,82.46095275878906,215.57000732421875,138.36212158203125,214.88853454589844,107.65486907958984,59.788692474365234
2024-07-02,199.3052215576172,536.3135986328125,83.10297393798828,215.55999755859375,137.97474670410156,218.37831115722656,106.92442321777344,59.66587448120117
2024-07-03,199.1715850830078,538.70703125,84.19439697265625,217.99000549316406,137.6534881591797,219.64732360839844,107.46757507324219,59.835941314697266
2024-07-05,196.532470703125,541.8134765625,84.89140319824219,220.92999267578125,138.39991760253906,224.3961639404297,106.16590881347656,60.242218017578125
2024-07-08,196.8971405029297,542.4385375976562,85.07484436035156,218.19000244140625,137.455078125,225.86346435546875,105.051513671875,59.486351013183594
2024-07-09,199.25794982910156,542.9661865234375,84.69881439208984,218.55999755859375,138.9384765625,226.71609497070312,103.89031982421875,59.23124694824219
2024-07-10,199.4210968017578,548.3389282226562,84.96476745605469,219.36000061035156,141.18719482421875,230.97915649414062,104.80804443359375,59.363529205322266
2024-07-11,199.08522033691406,543.61083984375,85.79022216796875,223.25,141.44229125976562,225.61561584472656,106.05352020263672,59.61863327026367
2024-07-12,196.6764373779297,547.0396728515625,86.1570816040039,223.11000061035156,141.6123809814453,228.5601043701172,106.0722427368164,60.185523986816406
2024-07-15,201.58035278320312,548.5440673828125,85.16656494140625,223.8300018310547,141.00767517089844,232.386962890625,107.88898468017578,59.911521911621094
2024-07-16,205.00643920898438,551.797119140625,86.3680191040039,228.2899932861328,142.68003845214844,232.80335998535156,108.66622924804688,60.72407150268555
2024-07-17,208.1253662109375,544.0602416992188,86.3863754272461,227.22999572753906,147.94277954101562,226.9143829345703,110.16456604003906,61.61220932006836
2024-07-18,201.51319885253906,539.8792114257812,85.72602081298828,225.77999877929688,146.84677124023438,222.25473022460938,111.2508544921875,61.593318939208984
2024-07-19,201.32125854492188,536.2940673828125,85.22156524658203,221.72999572753906,146.1570281982422,222.38360595703125,108.6943359375,61.68780517578125
2024-07-22,201.80113220214844,541.8231201171875,84.97395324707031,221.8000030517578,145.7318572998047,222.03662109375,107.94515991210938,61.19647979736328
2024-07-23,201.8490753173828,540.9733276367188,84.85472869873047,222.5800018310547,143.9461212158203,223.0775909423828,106.20335388183594,61.37601089477539
2024-07-24,200.17926025390625,528.7135009765625,83.93756866455078,221.8000030517578,147.65933227539062,216.6631622314453,107.70169067382812,62.179115295410156
2024-07-25,200.25601196289062,525.9586791992188,84.62541961669922,218.3300018310547,150.833984375,215.62217712402344,109.96791076660156,62.424774169921875
2024-07-26,203.6820831298828,531.8493041992188,85.28577423095703,220.6300048828125,151.77882385253906,216.088134765625,109.87425994873047,63.350704193115234
2024-07-29,202.34812927246094,532.1619873046875,85.7443618774414,220.32000732421875,149.81356811523438,216.36573791503906,108.722412109375,63.14283752441406
2024-07-30,206.51312255859375,529.4656982421875,86.07453155517578,222.52000427246094,152.43077087402344,216.92092895507812,110.66088104248047,63.94594192504883
2024-07-31,204.219482421875,538.072021484375,86.9549789428711,226.5500030517578,149.14273071289062,220.17276000976562,111.05419158935547,63.05780029296875
2024-08-01,199.5746307373047,530.452392578125,87.70497131347656,225.77000427246094,151.89219665527344,216.48471069335938,109.5184097290039,64.21049499511719
2024-08-02,191.1102752685547,520.5762329101562,90.43799591064453,225.33999633789062,155.0857696533203,217.9718475341797,109.45284271240234,65.5049057006836
2024-08-05,187.04124450683594,505.41510009765625,90.91648864746094,222.47999572753906,152.35519409179688,207.4727783203125,107.4769287109375,64.34276580810547
2024-08-06,192.26187133789062,510.0747985839844,88.88282012939453,220.6999969482422,150.200927734375,205.4502716064453,106.90570831298828,64.2955322265625
2024-08-07,192.31947326660156,506.66546630859375,88.25709533691406,220.5500030517578,150.13479614257812,208.01805114746094,108.32911682128906,64.68290710449219
2024-08-08,195.83189392089844,518.3782958984375,87.71417236328125,224.00999450683594,151.3820037841797,211.47805786132812,110.398681640625,64.9380111694336
2024-08-09,197.50173950195312,520.6640625,88.57914733886719,224.55999755859375,151.75991821289062,214.38290405273438,111.29767608642578,64.8907699584961
2024-08-12,197.87603759765625,520.9376220703125,88.90123748779297,228.41000366210938,151.0607452392578,215.91146850585938,111.4381332397461,64.40888977050781
2024-08-13,199.55545043945312,529.5047607421875,89.51776123046875,228.05999755859375,149.65293884277344,219.62364196777344,110.3705825805664,64.68290710449219
2024-08-14,201.7626953125,531.1752319335938,90.07909393310547,226.1999969482422,149.73797607421875,220.0702667236328,111.39131927490234,64.79629516601562
2024-08-15,203.01988220214844,540.2797241210938,89.35215759277344,226.91000366210938,150.31431579589844,223.0479736328125,112.08042907714844,64.8624267578125
2024-08-16,205.34231567382812,541.4910888671875,89.66500091552734,231.99000549316406,150.59774780273438,224.36805725097656,111.55179595947266,65.3631820678711
2024-08-19,206.76263427734375,546.6685180664062,90.07909393310547,231.61000061035156,150.8245391845703,224.2092742919922,111.89163208007812,65.1742172241211
2024-08-20,205.87013244628906,545.779541015625,90.7968521118164,232.4600067138672,151.32530212402344,224.82464599609375,108.1628646850586,65.55213928222656
2024-08-21,205.94691467285156,547.6551513671875,90.85206604003906,232.14999389648438,152.52525329589844,224.7154541015625,107.47374725341797,65.73167419433594
2024-08-22,207.8950653076172,543.3568115234375,89.95027923583984,229.3699951171875,153.39451599121094,222.85935974121094,108.30445861816406,65.5049057006836
2024-08-23,209.50729370117188,549.1301879882812,90.53919982910156,232.02000427246094,155.07632446289062,225.15220642089844,109.80540466308594,65.93952178955078
2024-08-26,210.3326416015625,547.8212890625,90.30916595458984,232.75999450683594,155.5298614501953,225.48965454101562,112.15596008300781,66.93159484863281
2024-08-27,211.30191040039062,548.5734252929688,90.1527099609375,233.38999938964844,155.12997436523438,226.3333282470703,111.08924102783203,67.55517578125
2024-08-28,212.3671417236328,545.3887939453125,90.04229736328125,231.75,156.05343627929688,224.8048095703125,109.99419403076172,67.7913818359375
2024-08-29,213.25006103515625,545.4375610351562,89.74781036376953,232.9499969482422,156.3485565185547,228.08023071289062,111.5140380859375,68.07483673095703
2024-08-30,215.73562622070312,550.6444091796875,88.79081726074219,231.2899932861328,157.9003448486328,227.29612731933594,111.33468627929688,68.47166442871094
2024-09-03,211.41708374023438,539.3126220703125,90.24302673339844,230.2899932861328,159.13795471191406,221.1124725341797,109.00302124023438,68.98187255859375
2024-09-04,210.4862060546875,538.208740234375,91.40623474121094,230.42999267578125,159.32835388183594,219.20680236816406,107.6719741821289,68.55669403076172
2024-09-05,208.85475158691406,536.8997192382812,91.92322540283203,232.35000610351562,157.07211303710938,220.7253875732422,106.83181762695312,67.2433853149414
2024-09-06,203.89320373535156,527.8636474609375,91.91400146484375,230.6300048828125,156.49139404296875,219.177001953125,106.33150482177734,67.21504211425781
2024-09-09,208.0677947998047,533.7737426757812,92.31097412109375,231.60000610351562,158.6143341064453,219.2663116455078,108.56878662109375,67.88587188720703
2024-09-10,197.27142333984375,536.0987548828125,92.95722198486328,232.6199951171875,159.347412109375,218.47227478027344,104.61344146728516,67.60243225097656
2024-09-11,198.87408447265625,541.5985107421875,92.88335418701172,232.25,156.91026306152344,221.0032958984375,103.57504272460938,67.15836334228516
2024-09-12,198.2694854736328,546.1604614257812,92.44944763183594,236.3300018310547,156.73890686035156,221.1124725341797,105.00048828125,67.30008697509766
2024-09-13,196.08143615722656,549.0131225585938,92.69873809814453,238.67999267578125,157.57666015625,220.84449768066406,104.92495727539062,67.93270111083984
2024-09-16,199.47869873046875,549.82373046875,93.5480728149414,238.66000366210938,158.9761199951172,214.71047973632812,106.3975830078125,68.5890884399414
2024-09-17,200.8126220703125,550.0484619140625,93.0956802368164,237.33999633789062,159.05227661132812,215.17697143554688,107.7852554321289,68.3037109375
2024-09-18,199.16197204589844,548.4171142578125,91.94169616699219,235.50999450683594,158.17642211914062,219.0479278564453,108.1628646850586,68.25613403320312
2024-09-19,201.99302673339844,557.7754516601562,91.63703155517578,239.1699981689453,156.91026306152344,227.16708374023438,109.50333404541016,67.18115997314453
2024-09-20,202.57843017578125,556.8114013671875,91.28622436523438,242.2100067138672,156.2819366455078,226.5020751953125,108.81421661376953,68.1514892578125
2024-09-23,202.91433715820312,558.2027587890625,91.09233856201172,242.67999267578125,155.3870391845703,224.78494262695312,110.78716278076172,68.23712158203125
2024-09-24,203.0582733154297,559.7999267578125,91.07389831542969,246.07000732421875,154.96815490722656,225.67825317382812,110.49452209472656,67.85660552978516
2024-09-25,201.71473693847656,558.5653076171875,90.31687927246094,245.72999572753906,152.8927764892578,224.68569946289062,108.34221649169922,67.97074127197266
2024-09-26,201.32125854492188,560.7798461914062,90.52919006347656,246.97999572753906,153.64483642578125,225.8271484375,106.4825439453125,67.92317199707031
2024-09-27,202.01223754882812,559.9664916992188,91.00003814697266,245.02000427246094,153.6543731689453,226.09510803222656,109.33341217041016,68.29419708251953
2024-09-30,202.3577423095703,562.21044921875,90.56612396240234,243.05999755859375,154.28269958496094,231.26637268066406,110.6550064086914,68.36078643798828
2024-10-01,198.69171142578125,557.1738891601562,91.22002410888672,245.61000061035156,154.21607971191406,224.5269012451172,113.21322631835938,68.21808624267578
2024-10-02,198.93165588378906,557.4089965820312,90.45127868652344,245.66000366210938,153.4354248046875,225.0926513671875,114.71417236328125,67.55216979980469
2024-10-03,196.95472717285156,556.3899536132812,89.59919738769531,245.49000549316406,152.79757690429688,223.99090576171875,115.71481323242188,67.0860366821289
2024-10-04,203.94537353515625,561.4461059570312,88.49703216552734,245.0,152.59764099121094,225.11248779296875,117.83879852294922,66.75308227539062
2024-10-07,203.6653594970703,556.370361328125,87.83016967773438,244.1699981689453,151.87413024902344,220.04049682617188,118.34855651855469,65.64956665039062
2024-10-08,203.49154663085938,561.6322631835938,87.97836303710938,242.3699951171875,152.02642822265625,224.09014892578125,115.2050552368164,65.81128692626953
2024-10-09,206.06961059570312,565.5224609375,87.47822570800781,241.0500030517578,152.94036865234375,227.83209228515625,115.25224304199219,66.18229675292969
2024-10-10,205.5095672607422,564.5327758789062,87.13554382324219,242.82000732421875,152.8070831298828,227.33580017089844,116.24345397949219,65.87787628173828
2024-10-11,214.6341094970703,567.9132080078125,86.78359985351562,245.47000122070312,153.71148681640625,225.85693359375,116.68711853027344,66.18229675292969
2024-10-14,213.85198974609375,572.5579223632812,86.84841918945312,245.07000732421875,153.84475708007812,229.57901000976562,117.13081359863281,66.914794921875
2024-10-15,214.73065185546875,568.1093139648438,87.90425872802734,245.9199981689453,156.22483825683594,232.11004638671875,113.60970306396484,66.914794921875
2024-10-16,215.93760681152344,570.5784912109375,88.27473449707031,247.14999389648438,156.39614868164062,230.055419921875,113.90235137939453,67.13359069824219
2024-10-17,216.69076538085938,570.6275024414062,86.87620544433594,248.6300048828125,156.57704162597656,230.4226837158203,113.60970306396484,66.49623107910156
2024-10-18,217.6080322265625,572.822509765625,86.94103240966797,251.27000427246094,157.19583129882812,233.25148010253906,113.28874206542969,67.00993347167969
2024-10-21,215.3196258544922,571.8817138671875,85.4220962524414,251.22000122070312,155.0157470703125,234.72047424316406,113.35482788085938,66.0681381225586
2024-10-22,216.40106201171875,571.5779418945312,85.50543212890625,253.92999267578125,155.60598754882812,234.10508728027344,113.94010162353516,66.0681381225586
2024-10-23,215.7155303955078,566.3552856445312,85.27391815185547,250.8699951171875,157.9003448486328,229.04302978515625,113.53418731689453,64.69824981689453
2024-10-24,217.2314453125,567.5801391601562,85.82036590576172,252.8000030517578,155.8154296875,228.85446166992188,112.89226531982422,64.02283477783203
2024-10-25,214.65342712402344,567.384033203125,85.33873748779297,253.32000732421875,153.1593475341797,229.68820190429688,112.7978744506836,63.66132736206055
2024-10-28,217.73353576660156,569.1381225585938,85.1072006225586,253.3300018310547,153.84475708007812,231.66336059570312,112.24092102050781,63.42351150512695
2024-10-29,215.2230987548828,570.0592041015625,85.23684692382812,256.0899963378906,152.4072265625,231.93138122558594,110.7116470336914,62.3675537109375
2024-10-30,216.68109130859375,568.3346557617188,85.4869384765625,257.5,152.9022979736328,228.38795471191406,110.1546859741211,62.710025787353516
2024-10-31,214.27684020996094,557.1934814453125,85.6258544921875,253.50999450683594,152.1882781982422,224.22911071777344,110.23965454101562,62.129730224609375
2024-11-01,215.26173400878906,559.5452270507812,84.4186782836914,252.47000122070312,152.44534301757812,221.25144958496094,108.51213073730469,61.84434127807617
2024-11-04,212.21054077148438,558.3399658203125,85.72901153564453,252.8300018310547,150.64601135253906,220.35813903808594,111.96714782714844,61.939476013183594
2024-11-05,213.86166381835938,565.09130859375,86.18437957763672,253.39999389648438,150.75076293945312,221.7873992919922,112.29755401611328,62.18681335449219
2024-11-06,238.551025390625,579.142578125,83.82392120361328,245.6999969482422,150.30331420898438,221.06285095214844,114.22330474853516,60.59813690185547
2024-11-07,228.2388458251953,583.62060546875,84.87403869628906,249.64999389648438,149.20846557617188,225.7874298095703,114.36491394042969,60.560081481933594
2024-11-08,228.81817626953125,586.148681640625,85.95201873779297,247.9600067138672,148.00897216796875,225.51914978027344,114.32714080810547,60.80741882324219
2024-11-11,231.048583984375,586.707275390625,85.5338363647461,242.13999938964844,147.59959411621094,222.80648803710938,113.72298431396484,60.274688720703125
2024-11-12,231.30929565429688,584.8847045898438,84.25139617919922,240.0500030517578,145.3147735595703,222.80648803710938,113.60970306396484,60.12248992919922
2024-11-13,232.85421752929688,585.1688842773438,83.45220184326172,237.6300048828125,145.88597106933594,223.69082641601562,114.66697692871094,59.932220458984375
2024-11-14,233.5397491455078,581.406005859375,83.9354248046875,237.00999450683594,144.58172607421875,226.7711639404297,114.74311065673828,59.504127502441406
2024-11-15,236.8612823486328,573.9590454101562,83.71240997314453,236.58999633789062,146.60951232910156,223.57159423828125,113.55343627929688,58.73358154296875
2024-11-18,236.5908966064453,576.310791015625,83.86107635498047,241.08999633789062,147.34254455566406,226.5724334716797,114.50518035888672,58.84773254394531
2024-11-19,234.7177276611328,578.41748046875,84.28855895996094,243.25,145.65748596191406,226.83078002929688,112.90624237060547,59.54218673706055
2024-11-20,232.48727416992188,578.6134643554688,84.0190658569336,244.6199951171875,145.76222229003906,227.54620361328125,114.51468658447266,59.92271041870117
2024-11-21,236.3302001953125,581.7196655273438,83.95401763916016,246.66000366210938,148.0375213623047,227.06924438476562,116.04701232910156,60.655208587646484
2024-11-22,239.9896697998047,583.5226440429688,84.00049591064453,249.83999633789062,147.72335815429688,228.41067504882812,115.91377258300781,60.80741882324219
2024-11-25,241.66973876953125,585.501953125,86.1750717163086,242.47999572753906,148.3040771484375,231.39161682128906,114.18160247802734,61.245018005371094
2024-11-26,241.3607635498047,588.5591430664062,85.84052276611328,242.9499969482422,148.28488159179688,233.56771850585938,112.27808380126953,61.40674591064453
2024-11-27,241.1869659423828,586.7757568359375,86.435302734375,243.49000549316406,149.12937927246094,233.43853759765625,111.98303985595703,61.29258346557617
2024-11-29,241.11940002441406,590.4208984375,87.3274154663086,245.58999633789062,148.75511169433594,235.82333374023438,112.26856231689453,61.4219856262207
2024-12-02,237.76890563964844,591.4791870117188,87.53724670410156,243.44000244140625,148.5535888671875,238.06898498535156,112.16387176513672,61.00982666015625
2024-12-03,236.38815307617188,591.7535400390625,86.7818832397461,243.92999267578125,146.21206665039062,241.10952758789062,111.9925537109375,60.88521194458008
2024-12-04,235.01702880859375,595.4280395507812,87.71442413330078,244.6699981689453,144.3983154296875,241.46722412109375,108.76612854003906,59.629554748535156
2024-12-05,237.02540588378906,594.4481811523438,87.89160919189453,242.86000061035156,143.4866485595703,241.49705505371094,109.24199676513672,60.31010437011719
2024-12-06,238.84066772460938,595.5750122070312,88.02215576171875,242.9499969482422,143.28514099121094,241.29832458496094,108.09037780761719,59.936279296875
2024-12-09,235.41294860839844,592.5079956054688,87.21085357666016,245.36000061035156,143.5634307861328,245.18350219726562,107.45270538330078,60.00337219238281
2024-12-10,234.4956512451172,590.6658935546875,86.80052947998047,248.58999633789062,143.20835876464844,246.197021484375,107.23380279541016,60.300514221191406
2024-12-11,235.14259338378906,595.2321166992188,85.97990417480469,250.9600067138672,140.7228546142578,244.9251708984375,106.51998901367188,60.041717529296875
2024-12-12,233.21145629882812,592.1650390625,84.93545532226562,247.27999877929688,140.33900451660156,246.38580322265625,106.4248046875,61.19194030761719
2024-12-13,231.67620849609375,592.0475463867188,84.06820678710938,244.2899932861328,140.70367431640625,246.55474853515625,105.4920883178711,60.501808166503906
2024-12-16,231.32862854003906,594.5755004882812,84.31998443603516,244.8800048828125,138.04544067382812,249.44627380371094,103.2364501953125,59.9554443359375
2024-12-17,230.15065002441406,592.1258544921875,84.52513885498047,243.94000244140625,140.50213623046875,251.87075805664062,102.79863739013672,60.77019500732422
2024-12-18,222.4358367919922,574.4784545898438,83.46821594238281,239.25999450683594,138.9091339111328,246.4752655029297,101.28535461425781,60.243003845214844
2024-12-19,224.93663024902344,574.302001953125,82.20439147949219,239.60000610351562,137.78634643554688,248.20419311523438,100.41925811767578,59.85960006713867
2024-12-20,229.4168243408203,581.199951171875,82.6724624633789,242.10000610351562,138.64041137695312,252.8743896484375,100.76188659667969,59.9554443359375
2024-12-23,230.1796112060547,584.6803588867188,81.91419219970703,240.9600067138672,139.4081573486328,253.6494140625,101.17115020751953,59.792503356933594
2024-12-24,233.96461486816406,591.1791381835938,82.26058197021484,241.44000244140625,139.96475219726562,256.5608215332031,101.26632690429688,60.233421325683594
2024-12-26,234.76602172851562,591.2184448242188,82.21377563476562,243.07000732421875,139.70562744140625,257.3755798339844,101.35198211669922,59.9746208190918
2024-12-27,232.86386108398438,584.9949951171875,81.53972625732422,241.39999389648438,139.19703674316406,253.96739196777344,101.34246063232422,59.85960006713867
2024-12-30,231.07757568359375,578.3192749023438,82.19503021240234,240.6300048828125,137.55601501464844,250.59890747070312,100.6572036743164,59.4570198059082
2024-12-31,231.45413208007812,576.2152709960938,81.75504302978516,242.1300048828125,138.78436279296875,248.8302001953125,102.3798828125,59.67747497558594
2025-01-02,231.73416137695312,574.7994995117188,81.9797134399414,245.4199981689453,138.2085723876953,242.30194091796875,102.1324234008789,59.274898529052734
2025-01-03,234.9011993408203,581.9864501953125,81.71760559082031,243.49000549316406,138.37173461914062,241.8150177001953,102.65587615966797,59.18863296508789
2025-01-06,233.75595092773438,585.3390502929688,81.35248565673828,243.19000244140625,137.8631134033203,243.44459533691406,102.54167175292969,58.287628173828125
2025-01-07,236.0076141357422,578.7223510742188,80.43506622314453,244.55999755859375,140.32940673828125,240.67233276367188,103.50293731689453,58.31637954711914
2025-01-08,235.9687957763672,579.5678100585938,80.53804016113281,245.86000061035156,136.52919006347656,241.15921020507812,101.770751953125,59.150291442871094
2025-01-10,232.80479431152344,570.7192993164062,80.00442504882812,248.2100067138672,136.32766723632812,235.3463592529297,101.39957427978516,58.53683853149414
2025-01-13,237.01698303222656,571.604248046875,79.97633361816406,245.74000549316406,138.64041137695312,232.91189575195312,104.01688385009766,59.09278106689453
2025-01-14,240.1809539794922,572.3907470703125,79.84527587890625,247.02999877929688,138.9091339111328,231.7990264892578,104.42613220214844,59.46660232543945
2025-01-15,244.91725158691406,582.8025512695312,81.22144317626953,248.8800048828125,139.12025451660156,236.35989379882812,106.1297607421875,59.20780944824219
2025-01-16,246.78067016601562,581.6817016601562,81.48355865478516,250.60000610351562,141.80726623535156,226.81088256835938,105.94893646240234,59.66789627075195
2025-01-17,251.52664184570312,587.521728515625,81.62399291992188,249.27000427246094,141.0971221923828,228.5199737548828,106.90068817138672,60.10881042480469
2025-01-21,255.28262329101562,592.8995971679688,82.35418701171875,253.1300048828125,142.1719207763672,221.2265625,106.09170532226562,59.83084487915039
2025-01-22,255.09823608398438,596.2326049804688,81.92355346679688,254.42999267578125,139.4081573486328,222.40902709960938,104.24530029296875,59.21738815307617
2025-01-23,258.11663818359375,599.4868774414062,81.2869644165039,254.07000732421875,140.7228546142578,222.2401123046875,104.83539581298828,58.97775650024414
2025-01-24,257.039306640625,597.7367553710938,81.65206146240234,255.64999389648438,140.89559936523438,221.36566162109375,103.41728210449219,59.35158157348633
2025-01-27,258.0196228027344,589.2815551757812,82.61630249023438,252.99000549316406,146.7206573486328,228.40074157714844,104.85443115234375,61.220699310302734
2025-01-28,259.2715759277344,594.344970703125,82.56015014648438,255.17999267578125,144.31195068359375,236.74740600585938,102.82719421386719,59.77333068847656
2025-01-29,258.7280578613281,591.6805419921875,82.39163970947266,254.1999969482422,145.05087280273438,237.84042358398438,103.42679595947266,60.223838806152344
2025-01-30,260.3294677734375,594.8561401367188,82.70056915283203,258.04998779296875,146.70147705078125,236.08164978027344,104.28337097167969,61.39323425292969
2025-01-31,259.4268798828125,591.6903686523438,82.15758514404297,258.55999755859375,146.01052856445312,234.5017547607422,101.67558288574219,60.84687423706055
2025-02-03,258.9512939453125,587.70849609375,82.8265380859375,259.94000244140625,145.7418212890625,226.56246948242188,101.92302703857422,60.722267150878906
2025-02-04,260.04803466796875,591.6510009765625,83.08018493652344,262.5,147.2964630126953,231.32205200195312,104.65455627441406,60.07046890258789
2025-02-05,262.4646911621094,594.0498657226562,84.45185089111328,264.1300048828125,148.4480438232422,230.99415588378906,104.57841491699219,60.501808166503906
2025-02-06,268.7441101074219,596.1146240234375,84.41427612304688,263.42999267578125,147.31564331054688,231.73939514160156,103.19837951660156,60.731849670410156
2025-02-07,267.676513671875,590.6580200195312,83.86936950683594,263.8999938964844,146.94137573242188,226.18490600585938,103.63619232177734,61.19194030761719
2025-02-10,263.05670166015625,594.6693115234375,83.61570739746094,268.3699951171875,148.01620483398438,226.4534454345703,105.61583709716797,61.872493743896484
2025-02-11,266.8903503417969,595.12158203125,83.08018493652344,267.3900146484375,149.82994079589844,231.39735412597656,106.28205108642578,64.79598236083984
2025-02-12,267.3368225097656,593.2044067382812,81.9527816772461,267.6700134277344,148.9950408935547,235.625,103.08436584472656,65.85993957519531
2025-02-13,268.1811828613281,599.4672241210938,83.3150634765625,270.30999755859375,150.90472412109375,240.26051330566406,103.8333740234375,66.61717987060547
2025-02-14,268.4432678222656,599.4376831054688,83.7566146850586,266.2900085449219,149.84910583496094,243.31439208984375,103.93900299072266,66.0133056640625
2025-02-18,271.7043151855469,601.197509765625,82.7701644897461,270.70001220703125,149.92649841308594,243.18507385253906,105.76350402832031,66.18583679199219
2025-02-19,271.02490234375,602.6133422851562,82.87349700927734,270.8500061035156,152.7317657470703,243.5829315185547,105.91716003417969,67.16352844238281
2025-02-20,258.94158935546875,600.1063232421875,83.18354797363281,270.989990234375,154.4632568359375,244.53790283203125,107.54959106445312,67.13477325439453
2025-02-21,256.45703125,589.842041015625,84.18879699707031,270.739990234375,156.9976806640625,244.25938415527344,106.29165649414062,68.39042663574219
2025-02-24,253.64242553710938,587.1580200195312,84.43305206298828,272.2099914550781,158.39064025878906,245.80125427246094,106.84859466552734,67.66195678710938
2025-02-25,249.8184814453125,584.2379760742188,85.8892822265625,268.6199951171875,160.6638641357422,245.7415771484375,105.36980438232422,68.52462005615234
2025-02-26,251.16751098632812,584.5328369140625,86.3966293334961,269.0299987792969,157.75221252441406,239.09666442871094,105.11053466796875,67.86324310302734
2025-02-27,251.41986083984375,575.2025756835938,85.78594207763672,264.92999267578125,158.3809814453125,236.05274963378906,105.77311706542969,67.93035125732422
2025-02-28,256.85491943359375,584.178955078125,86.83818054199219,263.2699890136719,159.6288299560547,240.56887817382812,106.9062271118164,68.25623321533203
2025-03-03,252.943603515625,573.9441528320312,87.24343872070312,266.739990234375,161.8149871826172,236.7789306640625,103.47807312011719,69.3201904296875
2025-03-04,242.87905883789062,567.1505126953125,86.1690444946289,269.05999755859375,160.0157470703125,234.68995666503906,103.2668228149414,67.2785415649414
2025-03-05,244.12136840820312,573.24609375,85.48107147216797,269.6199951171875,159.7255401611328,234.50094604492188,101.25027465820312,67.17311096191406
2025-03-06,239.27833557128906,563.0703125,85.19833374023438,268.25,160.41236877441406,234.09310913085938,103.3436508178711,67.53734588623047
2025-03-07,235.14381408691406,566.2262573242188,84.92501831054688,268.3900146484375,161.2442626953125,237.81346130371094,104.6880111694336,68.46712493896484
2025-03-10,225.38014221191406,551.1445922851562,85.8109130859375,266.0400085449219,162.2212677001953,226.28436279296875,107.35755157470703,68.48627471923828
2025-03-11,222.39085388183594,546.5629272460938,85.19833374023438,269.1600036621094,160.44139099121094,219.67926025390625,104.82245635986328,68.09329223632812
2025-03-12,221.18736267089844,549.4632568359375,84.68940734863281,270.3299865722656,157.52972412109375,215.83956909179688,104.79363250732422,67.03890991210938
2025-03-13,218.55718994140625,542.1387329101562,85.43392944335938,275.1300048828125,157.66514587402344,208.5779266357422,104.35192108154297,66.73219299316406
2025-03-14,225.5936737060547,553.3369140625,84.9815673828125,275.239990234375,157.49102783203125,212.36788940429688,107.45357513427734,66.78046417236328
2025-03-17,227.03977966308594,557.6038818359375,85.40565490722656,276.7300109863281,157.52005004882812,212.87522888183594,109.23966979980469,67.70743560791016
2025-03-18,228.04913330078125,551.5770874023438,85.490478515625,279.9599914550781,158.88397216796875,211.57211303710938,109.12443542480469,66.99290466308594
2025-03-19,232.06719970703125,557.584228515625,85.93343353271484,281.1099853515625,157.66514587402344,214.10870361328125,110.82411193847656,66.8963394165039
2025-03-20,231.97012329101562,555.9718627929688,85.98997497558594,280.75,157.6941680908203,212.97470092773438,111.29463195800781,67.31153869628906
2025-03-21,234.51296997070312,556.1552734375,85.48107147216797,278.489990234375,158.2842254638672,217.12278747558594,110.9105224609375,66.30732727050781
2025-03-24,240.75357055664062,566.1151733398438,84.60456848144531,277.25,157.95533752441406,219.56985473632812,111.1986083984375,66.57769775390625
2025-03-25,243.73313903808594,567.4760131835938,84.59515380859375,278.4700012207031,155.75950622558594,222.573974609375,111.95720672607422,66.4425048828125
2025-03-26,243.63609313964844,560.7012939453125,84.03910064697266,278.239990234375,156.43663024902344,220.3656463623047,113.5704574584961,67.61087799072266
2025-03-27,240.81179809570312,559.2122802734375,83.79405212402344,281.9700012207031,157.8005828857422,222.67344665527344,113.20555877685547,68.30610656738281
2025-03-28,235.697021484375,547.9507446289062,84.95328521728516,284.05999755859375,158.3616180419922,216.75469970703125,113.05191802978516,67.94884490966797
2025-03-31,238.07489013671875,551.6289672851562,85.79207611083984,288.1400146484375,160.42201232910156,220.96249389648438,114.20423126220703,69.15583038330078
2025-04-01,236.48316955566406,553.18701171875,86.5354995727539,287.57000732421875,148.24334716796875,222.01690673828125,114.30986022949219,69.39723205566406
2025-04-02,238.57955932617188,556.6878051757812,86.47874450683594,288.1600036621094,150.28439331054688,222.71324157714844,113.95455932617188,68.87580108642578
2025-04-03,221.95411682128906,529.2538452148438,86.87600708007812,286.4200134277344,154.5987091064453,202.1220245361328,107.96251678466797,70.66216278076172
2025-04-04,205.34344482421875,498.2696838378906,87.82185363769531,279.7200012207031,148.23367309570312,187.389892578125,100.1939697265625,67.52397918701172
2025-04-07,209.40577697753906,497.3821716308594,85.17349243164062,273.7099914550781,145.69927978515625,180.50625610351562,98.849609375,66.01765441894531
2025-04-08,211.77871704101562,489.5918273925781,83.5655288696289,275.20001220703125,145.0995330810547,171.51376342773438,96.76582336425781,66.06592559814453
2025-04-09,228.83859252929688,541.0084228515625,84.05738830566406,285.3800048828125,146.037841796875,197.8048553466797,101.59596252441406,67.54328155517578
2025-04-10,221.7783203125,517.302001953125,81.74005889892578,292.3500061035156,143.8323211669922,189.4191436767578,95.95921325683594,68.3254165649414
2025-04-11,230.65492248535156,526.5321044921875,82.1845932006836,297.92999267578125,146.77301025390625,197.1085205078125,99.04165649414062,68.97236633300781
2025-04-14,229.20965576171875,531.6401977539062,82.77103424072266,296.2300109863281,149.3170623779297,201.45556640625,99.28173065185547,69.95726776123047
2025-04-15,227.65701293945312,530.1510620117188,83.06425476074219,297.7799987792969,148.60125732421875,201.07754516601562,99.00324249267578,69.3875732421875
2025-04-16,224.21963500976562,518.366943359375,83.52770233154297,307.4700012207031,148.8817901611328,193.24891662597656,100.04994201660156,69.21376037597656
2025-04-17,226.5144805908203,519.1065063476562,82.78995513916016,306.1199951171875,152.32546997070312,195.94467163085938,102.67145538330078,70.48834991455078
2025-04-21,223.6142120361328,506.7503356933594,81.34281158447266,315.5899963378906,151.79345703125,192.14474487304688,101.1638412475586,70.2662582397461
2025-04-22,230.0592498779297,519.9349365234375,81.79682159423828,311.1099853515625,152.59632873535156,198.69017028808594,103.99662017822266,71.35739135742188
2025-04-23,235.22508239746094,527.991455078125,82.59132385253906,303.6499938964844,150.3037567138672,203.52462768554688,103.10358428955078,70.77803039550781
2025-04-24,238.89678955078125,539.105224609375,83.46150207519531,308.07000732421875,149.8684539794922,207.27479553222656,104.31350708007812,70.02485656738281
2025-04-25,237.83238220214844,543.0003051757812,84.07630920410156,304.7300109863281,149.52989196777344,208.18003845214844,104.25588989257812,69.43585968017578
2025-04-28,237.5101318359375,543.2074584960938,84.60597229003906,309.07000732421875,150.27474975585938,209.03550720214844,104.31350708007812,69.31998443603516
2025-04-29,238.87725830078125,546.6292114257812,85.31536102294922,306.05999755859375,150.8164520263672,210.0998992919922,104.05424499511719,69.8607177734375
2025-04-30,238.87725830078125,546.8462524414062,84.62488555908203,303.7699890136719,151.203369140625,211.38311767578125,101.43270874023438,70.05384063720703
2025-05-01,241.09396362304688,550.7217407226562,84.19580841064453,297.4599914550781,149.413818359375,212.19879150390625,101.57675170898438,68.83718872070312
2025-05-02,246.58203125,558.896728515625,83.28445434570312,297.9800109863281,151.0195770263672,204.27069091796875,101.98967742919922,69.18479919433594
2025-05-05,246.63087463378906,555.6918334960938,82.81928253173828,306.8800048828125,149.93617248535156,197.8446502685547,99.16648864746094,69.23307037353516
2025-05-06,243.3985595703125,551.047119140625,83.0945816040039,315.4800109863281,149.42349243164062,197.4666290283203,100.54927062988281,69.25239562988281
2025-05-07,243.5352783203125,553.3645629882812,83.44585418701172,310.75,152.16104125976562,195.218505859375,100.4532470703125,69.90898895263672
2025-05-08,247.51951599121094,557.2202758789062,82.5154800415039,304.6300048828125,150.57461547851562,196.45201110839844,101.85523223876953,68.72130584716797
2025-05-09,247.13865661621094,556.5103149414062,82.63892364501953,306.8399963378906,149.18165588378906,197.48654174804688,103.04595947265625,68.09368133544922
2025-05-12,253.94500732421875,574.9015502929688,81.86994934082031,298.19000244140625,149.10427856445312,209.95704650878906,104.82245635986328,67.13773345947266
2025-05-13,256.8355407714844,578.6981201171875,81.53770446777344,299.4599914550781,143.5904998779297,212.08859252929688,105.11053466796875,66.58734893798828
2025-05-14,259.4037780761719,579.4376831054688,80.99656677246094,293.1600036621094,141.57843017578125,211.490966796875,104.16947174072266,66.78046417236328
2025-05-15,261.2103576660156,582.2678833007812,81.70857238769531,297.8399963378906,144.72225952148438,210.6144561767578,105.22579956054688,69.14616394042969
2025-05-16,261.2787170410156,585.9559936523438,81.92691802978516,294.239990234375,146.38607788085938,210.4252166748047,104.84784698486328,69.52275848388672
2025-05-19,258.6616516113281,586.596923828125,81.68956756591797,298.0299987792969,147.5081787109375,207.9550018310547,103.18098449707031,69.45516204833984
2025-05-20,259.4428405761719,584.624755859375,81.10099029541016,303.5799865722656,148.63995361328125,206.04258728027344,101.70793151855469,69.22341918945312
2025-05-21,254.91175842285156,574.7733764648438,79.7149887084961,305.82000732421875,148.17564392089844,201.29144287109375,100.4577865600586,69.37791442871094
2025-05-22,254.5504608154297,575.0001220703125,80.13268280029297,303.1099853515625,147.62425231933594,200.5643310546875,99.78910827636719,68.69233703613281
2025-05-23,254.58950805664062,571.0753173828125,80.26557922363281,309.75,147.94345092773438,194.4983673095703,99.84725189208984,69.3006591796875
2025-05-27,259.06201171875,582.9483642578125,81.38578033447266,304.5,149.51422119140625,199.4188690185547,100.32211303710938,69.3103256225586
2025-05-28,257.30426025390625,579.5757446289062,81.03453826904297,303.80999755859375,148.71420288085938,199.62803649902344,98.9556655883789,68.70201110839844
2025-05-29,258.1635437011719,581.863525390625,81.78451538085938,305.6099853515625,149.836181640625,199.15988159179688,99.51775360107422,69.03030395507812
2025-05-30,257.80230712890625,581.2127685546875,81.90792083740234,303.6000061035156,151.4264373779297,200.0563507080078,99.13980865478516,69.61931610107422
2025-06-02,258.44677734375,584.4866943359375,81.14562225341797,311.6700134277344,151.61181640625,200.90298461914062,99.86663055419922,69.52275848388672
2025-06-03,260.01898193359375,587.81982421875,81.00270080566406,308.9100036621094,150.65570068359375,202.46678161621094,100.59346771240234,68.71166229248047
2025-06-04,258.0171203613281,587.6619262695312,82.31764221191406,310.8999938964844,149.48495483398438,202.0185546875,99.13980865478516,68.91443634033203
2025-06-05,255.80038452148438,584.8218994140625,82.37482452392578,309.3299865722656,149.9142303466797,199.8372039794922,98.68431854248047,68.47026824951172
2025-06-06,259.49169921875,590.8274536132812,81.32667541503906,305.17999267578125,151.25083923339844,203.11419677734375,101.04893493652344,68.8951187133789
2025-06-09,260.47796630859375,591.3599243164062,81.41243743896484,306.6199951171875,151.44595336914062,200.65396118164062,101.7273178100586,69.3006591796875
2025-06-10,262.2943115234375,594.7128295898438,81.8316879272461,306.7099914550781,152.63621520996094,201.869140625,103.90780639648438,69.8607177734375
2025-06-11,261.8548278808594,593.0166625976562,82.07943725585938,308.3699951171875,151.4752197265625,197.9945068359375,105.9332504272461,69.59033203125
2025-06-12,261.9427795410156,595.3734741210938,83.06087493896484,312.20001220703125,152.8411102294922,198.41285705566406,106.34027862548828,69.7544937133789
2025-06-13,258.72998046875,588.7171630859375,82.26049041748047,316.2900085449219,153.2703857421875,195.67372131347656,108.65644836425781,69.06404876708984
2025-06-16,264.0129699707031,594.3182983398438,81.43148803710938,311.7799987792969,151.4362030029297,197.6359405517578,109.00532531738281,68.57781982421875
2025-06-17,263.1927185058594,589.2398071289062,82.4224624633789,311.94000244140625,148.66542053222656,194.86692810058594,110.47836303710938,67.7026138305664
2025-06-18,267.5284729003906,589.1510620117188,82.56539154052734,310.260009765625,147.05564880371094,195.80319213867188,109.69339752197266,67.30389404296875
2025-06-20,268.5440368652344,587.7673950195312,82.41293334960938,310.1300048828125,146.1385498046875,200.2057647705078,111.15674591064453,66.94408416748047
2025-06-23,271.7372741699219,593.5730590820312,82.67971801757812,311.0799865722656,147.63128662109375,200.70376586914062,108.2881851196289,67.81930541992188
2025-06-24,274.6570739746094,600.13037109375,83.28002166748047,306.19000244140625,148.4800567626953,199.5084991455078,104.99320983886719,68.27635955810547
2025-06-25,277.3913879394531,600.4666748046875,83.38485717773438,307.1199951171875,148.56787109375,200.76351928710938,105.02229309082031,67.71232604980469
2025-06-26,281.9712829589844,605.1646118164062,83.80411529541016,306.7799987792969,148.304443359375,200.2057647705078,106.59224700927734,67.55674743652344
2025-06-27,280.3697509765625,608.1712646484375,83.2705078125,301.2200012207031,148.6947021484375,200.2854461669922,106.00109100341797,68.39305877685547
2025-06-30,283.10400390625,611.0791015625,84.08997344970703,304.8299865722656,149.0264129638672,204.3592529296875,104.46990203857422,68.8014907836914
2025-07-01,283.5923156738281,610.8812866210938,84.29844665527344,307.54998779296875,152.11912536621094,206.99879455566406,105.86540985107422,69.6961441040039
2025-07-02,285.14495849609375,613.6505737304688,83.76287841796875,309.25,151.76791381835938,211.6005401611328,107.61949920654297,68.95708465576172
2025-07-03,290.443603515625,618.4869995117188,83.17947387695312,307.1400146484375,152.2069549560547,212.70614624023438,108.73397827148438,69.38497161865234
2025-07-07,286.4892883300781,613.8780517578125,82.3856430053711,307.3699951171875,151.4849853515625,209.12037658691406,107.67764282226562,69.05432891845703
2025-07-08,277.4717712402344,613.5418090820312,82.28043365478516,304.1600036621094,151.99227905273438,209.1801300048828,110.6624984741211,68.30552673339844
2025-07-09,277.8446044921875,617.2210083007812,83.14120483398438,305.5199890136719,152.47036743164062,210.30567932128906,110.28455352783203,67.56646728515625
2025-07-10,282.78021240234375,618.9617309570312,83.19860076904297,306.20001220703125,153.84600830078125,211.57064819335938,111.379638671875,67.84848022460938
2025-07-11,281.47515869140625,616.7858276367188,82.05089569091797,309.1400146484375,153.0752410888672,210.3256072998047,111.86418914794922,67.94572448730469
2025-07-14,283.2806396484375,617.9627075195312,81.87873840332031,308.010009765625,152.99720764160156,207.7956085205078,110.40084075927734,67.55674743652344
2025-07-15,281.1709899902344,615.3220825195312,81.30489349365234,306.7300109863281,151.38742065429688,208.28369140625,109.42205047607422,67.44976806640625
2025-07-16,280.4546813964844,617.3792114257812,81.4196548461914,308.260009765625,160.76315307617188,209.3295440673828,108.76304626464844,67.36224365234375
2025-07-17,284.4581298828125,621.1574096679688,81.40052032470703,307.5899963378906,159.00701904296875,209.19009399414062,108.21065521240234,68.64588928222656
2025-07-18,285.8023376464844,620.7024536132812,81.52485656738281,308.3900146484375,159.70948791503906,210.3455047607422,104.44081115722656,67.92626953125
2025-07-21,285.5080261230469,621.87939453125,82.25173950195312,313.1300048828125,160.3533935546875,211.64036560058594,104.71217346191406,68.14020538330078
2025-07-22,285.9593811035156,621.9683837890625,82.74906921386719,316.1000061035156,163.83636474609375,213.5527801513672,105.18704223632812,67.74151611328125
2025-07-23,291.1893310546875,627.2598266601562,82.29000091552734,312.17999267578125,164.97784423828125,213.30377197265625,106.53409576416016,67.25527954101562
2025-07-24,290.98321533203125,627.4674682617188,82.14653015136719,310.2699890136719,165.4266357421875,212.91531372070312,107.36753845214844,67.19693756103516
2025-07-25,293.014404296875,630.1181030273438,82.66300964355469,307.3999938964844,164.19735717773438,213.0348358154297,106.98957824707031,67.26499938964844
2025-07-28,292.6807861328125,629.9598999023438,82.12741088867188,305.4100036621094,162.16806030273438,213.20419311523438,107.99745178222656,66.2147445678711
2025-07-29,291.46405029296875,628.2982177734375,83.51419830322266,306.25,164.01197814941406,210.43516540527344,109.39295959472656,67.46920776367188
2025-07-30,294.0054931640625,627.507080078125,83.08382415771484,300.9599914550781,163.1826934814453,208.22393798828125,108.44324493408203,66.8565673828125
2025-07-31,290.6790771484375,625.1531982421875,83.13164520263672,302.9599914550781,160.72413635253906,206.74977111816406,108.19126892089844,66.02024841308594
2025-08-01,283.9380798339844,614.9065551757812,84.31348419189453,309.1099853515625,163.25099182128906,201.58029174804688,106.25305938720703,66.96353912353516
2025-08-04,288.73626708984375,624.2530517578125,84.54389953613281,310.9100036621094,166.8705596923828,202.5464630126953,104.05318450927734,67.06078338623047
2025-08-05,285.9005432128906,621.0880737304688,84.80311584472656,311.1600036621094,166.577880859375,202.11814880371094,103.92720031738281,67.1483154296875
2025-08-06,285.8808898925781,625.845458984375,84.31348419189453,310.5,166.4315185546875,212.40733337402344,103.21974182128906,67.59564208984375
2025-08-07,281.5536804199219,625.3212280273438,84.16946411132812,313.1199951171875,167.34860229492188,219.16053771972656,102.67703247070312,68.49030303955078
2025-08-08,283.3395080566406,630.1972045898438,83.80465698242188,313.04998779296875,169.10472106933594,228.44371032714844,103.50078582763672,68.40277862548828
2025-08-11,284.1244812011719,628.9510498046875,83.9006576538086,308.54998779296875,169.5828094482422,226.53909301757812,102.56075286865234,68.8014907836914
2025-08-12,287.35272216796875,635.6469116210938,83.47822570800781,308.2699890136719,168.56814575195312,229.0021209716797,102.85147857666016,68.76258850097656
2025-08-13,285.0762634277344,637.82275390625,84.16946411132812,309.2099914550781,170.16815185546875,232.6717529296875,104.27606964111328,68.51947021484375
2025-08-14,288.6381530761719,637.882080078125,83.54541778564453,307.25,170.46084594726562,232.123291015625,104.06287384033203,67.63453674316406
2025-08-15,285.0370178222656,636.388671875,82.95018005371094,307.42999267578125,172.33404541015625,230.9366455078125,104.16068267822266,67.99434661865234
2025-08-18,286.0574951171875,636.2501220703125,82.71016693115234,306.95001220703125,171.95355224609375,230.23863220214844,104.38565063476562,67.22610473632812
2025-08-19,285.203857421875,632.7984008789062,83.1902084350586,305.2699890136719,173.4657745361328,229.90956115722656,105.0703353881836,68.19856262207031
2025-08-20,286.754150390625,631.1170043945312,83.37260437011719,308.3599853515625,174.4804229736328,225.3723907470703,106.15605926513672,68.75286102294922
2025-08-21,285.9986267089844,628.5850830078125,82.95978546142578,307.2900085449219,174.56822204589844,224.26553344726562,106.84075164794922,68.7139663696289
2025-08-22,290.6790771484375,638.2382202148438,83.57422637939453,310.5799865722656,174.91944885253906,227.11746215820312,108.84590911865234,68.19856262207031
2025-08-25,289.3642272949219,635.42919921875,83.33422088623047,309.8299865722656,174.06089782714844,226.51914978027344,109.29584503173828,67.0316162109375
2025-08-26,292.9653625488281,638.0897827148438,83.28621673583984,312.0799865722656,173.4515838623047,228.6630859375,109.05131530761719,66.83712005615234
2025-08-27,293.6620178222656,639.5436401367188,83.1902084350586,312.7099914550781,173.74639892578125,229.8397674560547,110.28376007080078,66.93437194824219
2025-08-28,295.41845703125,641.8085327148438,83.7374496459961,315.0299987792969,172.4294891357422,231.9039306640625,110.87062072753906,66.47731018066406
2025-08-29,295.7618713378906,637.98095703125,83.14219665527344,318.07000732421875,174.11985778808594,231.485107421875,111.79006958007812,67.08995819091797
2025-09-02,294.07415771484375,633.2533569335938,82.52349853515625,325.5899963378906,174.99453735351562,229.0719451904297,112.18132019042969,67.15802764892578
2025-09-03,293.8877258300781,636.685302734375,83.42938232421875,328.1400146484375,174.93557739257812,237.79725646972656,109.4621353149414,67.08995819091797
2025-09-04,298.1168212890625,642.00634765625,84.06543731689453,326.69000244140625,175.6824951171875,239.10354614257812,109.94141387939453,66.37034606933594
2025-09-05,288.85400390625,640.14697265625,85.3471908569336,331.04998779296875,175.35816955566406,239.0137939453125,106.84075164794922,66.08832550048828
2025-09-08,287.4115905761719,641.7195434570312,86.48438262939453,334.82000732421875,175.06333923339844,237.2089080810547,107.44718170166016,65.57292175292969
2025-09-09,292.25885009765625,643.203125,85.99290466308594,334.05999755859375,173.91348266601562,233.68887329101562,108.22969055175781,65.99108123779297
2025-09-10,294.8984069824219,645.0625610351562,86.48438262939453,335.260009765625,172.7636260986328,226.1501922607422,110.03922271728516,65.95217895507812
2025-09-11,299.82415771484375,650.4231567382812,87.06260681152344,334.760009765625,175.42697143554688,229.3810577392578,109.68709564208984,65.75769805908203
2025-09-12,301.1488342285156,650.2055053710938,86.68677520751953,335.4200134277344,174.99453735351562,233.40966796875,109.7066650390625,65.16448974609375
2025-09-15,303.1014404296875,653.6671142578125,86.88914489746094,338.9100036621094,174.34588623046875,236.0322265625,109.89250183105469,64.88031768798828
2025-09-16,303.3860168457031,652.7671508789062,87.07225799560547,339.5899963378906,173.42210388183594,237.4781494140625,112.17153930664062,64.90971374511719
2025-09-17,305.8979797363281,651.9561767578125,86.85060119628906,336.9700012207031,174.14935302734375,238.3157958984375,112.76819610595703,65.69364929199219
2025-09-18,307.35015869140625,655.0023803710938,85.95435333251953,335.6199951171875,171.1616973876953,237.2089080810547,111.43794250488281,65.12529754638672
2025-09-19,308.87103271484375,658.2465209960938,85.7905044555664,339.17999267578125,173.15675354003906,244.8074188232422,110.35222625732422,65.09589385986328
2025-09-22,306.5749816894531,661.3607177734375,85.48211669921875,345.04998779296875,171.21083068847656,255.35755920410156,109.5697250366211,64.88031768798828
2025-09-23,306.86932373046875,657.7606201171875,86.07962799072266,346.4599914550781,173.54002380371094,253.71221923828125,111.4574966430664,65.37026977539062
2025-09-24,307.5365905761719,655.6678466796875,85.75196075439453,343.32000732421875,173.6481475830078,251.59820556640625,112.05415344238281,65.11549377441406
2025-09-25,307.5660400390625,652.6429443359375,85.75196075439453,344.75,174.67022705078125,256.14532470703125,113.0616226196289,64.65493774414062
2025-09-26,310.1270446777344,656.3820190429688,85.67485809326172,346.739990234375,176.6161346435547,254.73931884765625,114.6559829711914,64.35115814208984
2025-09-29,309.76397705078125,658.2266845703125,86.37838745117188,352.4599914550781,178.4932403564453,253.71221923828125,111.72160339355469,64.71372985839844
2025-09-30,309.50885009765625,660.7061157226562,86.1278076171875,355.4700012207031,182.2278289794922,253.9116668701172,110.28376007080078,64.98809814453125
2025-10-01,304.8774719238281,662.95751953125,86.3502426147461,356.0299987792969,182.8470001220703,254.72933959960938,109.54037475585938,65.4388656616211
2025-10-02,301.7767639160156,663.7210693359375,86.6016845703125,354.7900085449219,182.7781982421875,256.40460205078125,108.8556900024414,64.77252197265625
2025-10-03,304.2102355957031,663.7112426757812,86.4372787475586,357.6400146484375,185.3924102783203,257.2920837402344,110.78260040283203,65.31148529052734
2025-10-06,304.8511047363281,666.0914916992188,85.75065612792969,364.3800048828125,184.92066955566406,255.96583557128906,111.70203399658203,64.77252197265625
2025-10-07,303.3819885253906,663.6219482421875,86.24385833740234,366.260009765625,185.63809204101562,255.75645446777344,111.76072692871094,65.44866180419922
2025-10-08,299.7732238769531,667.5791625976562,86.31156158447266,372.29998779296875,186.42433166503906,257.3320007324219,111.52597045898438,64.79212188720703
2025-10-09,301.2522277832031,665.6452026367188,86.24385833740234,365.42999267578125,187.79039001464844,253.32330322265625,110.44026184082031,65.03710174560547
2025-10-10,296.67724609375,647.6542358398438,87.63646697998047,369.1199951171875,187.4365997314453,244.57806396484375,108.30794525146484,65.69364929199219
2025-10-13,303.6580810546875,657.5919189453125,87.58808898925781,378.0899963378906,187.6134796142578,246.96133422851562,109.78490447998047,65.45846557617188
2025-10-14,297.85052490234375,656.78857421875,87.8685531616211,380.7900085449219,187.56436157226562,247.07101440429688,109.83381652832031,66.15421295166016
2025-10-15,301.40997314453125,659.7044677734375,87.67513275146484,387.3900146484375,187.8788604736328,248.63658142089844,109.16868591308594,65.73284149169922
2025-10-16,294.360107421875,655.211669921875,88.33274841308594,396.45001220703125,188.81248474121094,246.75192260742188,108.21990203857422,66.23259735107422
2025-10-17,293.3938293457031,658.9308471679688,88.19735717773438,388.989990234375,189.8935546875,251.5782470703125,109.78490447998047,67.06553649902344
2025-10-20,298.1265869140625,665.7840576171875,88.53582763671875,403.1499938964844,190.3849334716797,261.50018310546875,110.23484802246094,67.06553649902344
2025-10-21,292.9303894042969,665.7740478515625,88.97102355957031,377.239990234375,188.5766143798828,262.0286560058594,110.24462890625,69.7896957397461
2025-10-22,289.99212646484375,662.3128051757812,89.0290298461914,377.2799987792969,189.61839294433594,257.72088623046875,112.20088195800781,69.38793182373047
2025-10-23,290.4161071777344,666.2402954101562,88.41978454589844,378.7900085449219,189.15646362304688,258.84765625,113.44309997558594,68.53541564941406
2025-10-24,296.2334899902344,671.6851806640625,88.45846557617188,377.5199890136719,187.12210083007812,262.0785827636719,112.86601257324219,68.31002044677734
2025-10-27,299.8915710449219,679.6094970703125,88.75826263427734,367.010009765625,187.02381896972656,268.0516662597656,113.40398406982422,68.65299224853516
2025-10-28,301.0845947265625,681.41455078125,88.9903564453125,364.3800048828125,183.7118377685547,268.2411193847656,112.51387786865234,68.75099182128906
2025-10-29,301.2325134277344,681.7418212890625,88.0909652709961,363.0,183.3875274658203,268.93914794921875,113.90281677246094,66.97733306884766
2025-10-30,305.10748291015625,674.2439575195312,87.57842254638672,370.1300048828125,185.7953338623047,270.63433837890625,112.18132019042969,67.59469604492188
2025-10-31,306.7639465332031,676.4556274414062,87.31732177734375,368.1199951171875,185.61843872070312,269.6072692871094,111.8585433959961,67.51629638671875
2025-11-03,305.01873779296875,677.7251586914062,87.09893035888672,368.7799987792969,183.05337524414062,268.29095458984375,111.27166748046875,66.60497283935547
2025-11-04,304.9201354980469,669.6917114257812,87.29306030273438,362.32000732421875,183.64305114746094,269.2781982421875,111.64334106445312,67.28111267089844
2025-11-05,307.31610107421875,672.012451171875,86.34190368652344,366.510009765625,182.7978515625,269.3779296875,111.19341278076172,67.1341323852539
2025-11-06,309.0317687988281,664.8021850585938,87.11834716796875,366.07000732421875,183.75115966796875,269.0089416503906,111.99547576904297,67.6730728149414
2025-11-07,309.8106689453125,665.4567260742188,86.93394470214844,368.30999755859375,183.35806274414062,267.7126159667969,114.6559829711914,69.1331558227539
2025-11-10,312.45318603515625,675.8407592773438,86.91453552246094,378.3800048828125,185.1663818359375,268.93035888671875,115.63410186767578,69.10375213623047
2025-11-11,311.2009582519531,677.3878784179688,87.31246185302734,379.8699951171875,190.49305725097656,274.73956298828125,117.15998840332031,70.17186737060547
2025-11-12,315.92388916015625,677.7647705078125,87.46776580810547,385.989990234375,191.0434112548828,272.9628601074219,115.53629302978516,70.07386779785156
2025-11-13,305.1469421386719,666.5179443359375,86.7495346069336,382.8699951171875,191.88861083984375,272.44384765625,116.19163513183594,69.64270782470703
2025-11-14,299.3591003417969,666.408935546875,86.25454711914062,375.9599914550781,192.55690002441406,271.9048156738281,117.70126342773438,69.73091125488281
2025-11-17,296.1644592285156,660.2003173828125,86.46806335449219,371.6499938964844,196.14405822753906,266.9639892578125,116.11270141601562,69.26054382324219
2025-11-18,295.2178955078125,654.6563110351562,86.4389419555664,374.3500061035156,196.5568389892578,266.9440612792969,117.44471740722656,69.7896957397461
2025-11-19,299.02386474609375,657.1853637695312,86.26425170898438,374.9599914550781,199.02362060546875,268.06195068359375,115.78709411621094,69.6819076538086
2025-11-20,294.20233154296875,647.1683349609375,86.60394287109375,374.8500061035156,199.573974609375,265.7562561035156,115.46148681640625,69.77989959716797
2025-11-21,293.84735107421875,653.6149291992188,86.86600494384766,374.2699890136719,200.38967895507812,270.98651123046875,115.52069091796875,71.48495483398438
2025-11-24,293.8276672363281,663.235107421875,87.36100006103516,380.20001220703125,202.502685546875,275.4083251953125,114.42547607421875,71.1321792602539
2025-11-25,298.7576599121094,669.4734497070312,87.58422088623047,380.0799865722656,204.40159606933594,276.4563903808594,112.98491668701172,71.15178680419922
2025-11-26,303.33270263671875,674.09521484375,87.97245788574219,383.1199951171875,205.28182983398438,277.0352783203125,113.241455078125,71.4163589477539
2025-11-28,308.6965026855469,677.7747192382812,87.55509948730469,387.8800048828125,204.64886474609375,278.3328857421875,114.37613677978516,71.65155029296875
2025-12-01,304.59478759765625,674.6803588867188,86.46515655517578,389.75,203.08619689941406,282.57501220703125,115.0766830444336,71.00025177001953
2025-12-02,303.5693359375,675.9300537109375,86.50410461425781,387.239990234375,203.1653289794922,285.6592712402344,113.84333038330078,69.73715209960938
2025-12-03,307.7598571777344,678.2706298828125,86.74761962890625,386.8800048828125,203.07630920410156,283.623046875,116.2311019897461,69.87529754638672
2025-12-04,311.6742248535156,678.7664794921875,86.28009033203125,387.1300048828125,200.25758361816406,280.179443359375,115.57988739013672,69.52005004882812
2025-12-05,310.6290588378906,680.0557861328125,85.88074493408203,386.44000244140625,199.713623046875,278.26300048828125,114.9878921508789,69.07598876953125
2025-12-08,310.79669189453125,678.0127563476562,85.59825897216797,385.4200134277344,199.4070281982422,277.3746643066406,114.43534088134766,69.32269287109375
2025-12-09,296.30255126953125,677.427490234375,85.6859359741211,387.3999938964844,197.7652587890625,276.66595458984375,116.67510986328125,69.164794921875
2025-12-10,305.7680969238281,681.92041015625,86.01710510253906,389.04998779296875,204.2730255126953,278.26300048828125,117.94792938232422,69.2832260131836
2025-12-11,312.9363098144531,683.5072021484375,85.90021514892578,393.239990234375,207.70494079589844,277.514404296875,117.94792938232422,68.19773864746094
2025-12-12,314.0603332519531,676.1580810546875,85.07228088378906,395.44000244140625,209.25770568847656,277.7639465332031,117.23751831054688,69.58912658691406
2025-12-15,315.5393371582031,675.1365356445312,85.13072967529297,395.79998779296875,211.8192901611328,273.6016540527344,116.19164276123047,70.03319549560547
2025-12-16,311.1319274902344,673.2918701171875,85.59825897216797,395.8900146484375,207.00274658203125,274.1007385253906,113.15265655517578,69.44110870361328
2025-12-17,310.5699157714844,665.8832397460938,85.52035522460938,399.2900085449219,208.0214385986328,271.33587646484375,115.84630584716797,69.73715209960938
2025-12-18,308.6176452636719,670.9114990234375,85.929443359375,398.57000732421875,206.0236053466797,271.68524169921875,114.9878921508789,69.43123626708984
2025-12-19,312.7686767578125,676.9923095703125,85.60871124267578,399.0199890136719,204.10488891601562,273.1625061035156,115.1358871459961,69.13520050048828
2025-12-22,318.56634521484375,681.2098999023438,85.42292785644531,408.2300109863281,205.0444793701172,270.4674987792969,116.57644653320312,69.2832260131836
2025-12-23,321.3665771484375,684.3233032226562,85.55982208251953,413.6400146484375,203.52137756347656,271.85491943359375,117.82952880859375,68.94770812988281
2025-12-24,324.5612487792969,686.7305297851562,86.07807159423828,411.92999267578125,205.49942016601562,273.3022155761719,117.63218688964844,69.1845474243164
2025-12-26,323.31890869140625,686.660888671875,85.79450225830078,416.739990234375,205.35105895996094,272.8929748535156,117.5236587524414,68.94770812988281
2025-12-29,319.2171325683594,684.2138671875,86.11717224121094,398.6000061035156,205.28182983398438,273.2523498535156,118.92474365234375,69.23388671875
2025-12-30,318.8917541503906,683.3783569335938,85.91183471679688,398.8900146484375,204.6389617919922,272.5735778808594,119.37861633300781,69.14506530761719
2025-12-31,317.70855712890625,678.3152465820312,85.22736358642578,396.30999755859375,204.67852783203125,271.3558349609375,118.73727416992188,68.9871826171875
2026-01-02,320.92291259765625,679.55859375,85.1002426147461,398.2799987792969,205.0741424560547,270.5074157714844,121.01651763916016,68.20761108398438
2026-01-05,329.363037109375,684.0845336914062,85.52071380615234,408.760009765625,202.0675048828125,266.7643737792969,123.69042205810547,67.04318237304688
2026-01-06,331.41326904296875,688.1529541015625,85.3447036743164,413.17999267578125,202.542236328125,261.8734436035156,119.43782043457031,66.94449615478516
2026-01-07,323.8660583496094,685.9347534179688,85.84339904785156,409.2300109863281,205.21261596679688,259.8471984863281,116.91191101074219,66.64846801757812
2026-01-08,326.63934326171875,685.8651123046875,85.41313934326172,411.489990234375,203.49169921875,258.55963134765625,121.27305603027344,68.45431518554688
2026-01-09,326.0450744628906,690.4010009765625,85.98029327392578,414.4700012207031,202.14663696289062,258.8890075683594,122.95040893554688,69.57926177978516
2026-01-12,321.3899841308594,691.4852294921875,85.7260513305664,422.2300109863281,207.41812133789062,259.76739501953125,122.37812805175781,69.56939697265625
2026-01-13,307.9298095703125,690.1026000976562,85.87272644042969,421.6300048828125,211.3049774169922,260.5658874511719,124.85469818115234,70.29962921142578
2026-01-14,304.9287414550781,686.7106323242188,86.37142181396484,425.94000244140625,216.15121459960938,259.4779052734375,128.4659423828125,70.49698638916016
2026-01-15,306.30548095703125,688.5806884765625,86.35186004638672,423.3299865722656,217.16001892089844,257.73114013671875,127.41020965576172,69.5496597290039
2026-01-16,309.48480224609375,688.0037231445312,85.8531723022461,421.2900085449219,216.260009765625,255.05613708496094,128.1600799560547,69.51018524169922
2026-01-20,299.8477478027344,673.9981689453125,84.72866821289062,437.2300109863281,215.81495666503906,246.2425079345703,128.72250366210938,70.80289459228516
2026-01-21,299.15447998046875,681.77685546875,85.37403106689453,443.6000061035156,215.6171417236328,247.1907501220703,131.83055114746094,71.05946350097656
2026-01-22,300.729248046875,685.3379516601562,85.74561309814453,451.7900085449219,216.0918731689453,247.8894500732422,131.8601531982422,70.92131042480469
2026-01-23,294.875732421875,685.5865478515625,85.98029327392578,458.0,217.7237548828125,247.58001708984375,133.17242431640625,71.91797637939453
2026-01-26,298.1640319824219,689.0680541992188,86.39097595214844,464.70001220703125,219.05894470214844,254.9363555908203,133.0441436767578,71.60220336914062
2026-01-27,297.44097900390625,691.8134765625,85.8531723022461,476.1000061035156,221.9765625,257.791015625,135.00765991210938,72.57913208007812
2026-01-28,297.89654541015625,691.7438354492188,85.65760803222656,494.55999755859375,225.22056579589844,255.96446228027344,135.74766540527344,72.09559631347656
2026-01-29,303.49261474609375,690.3711547851562,85.67716217041016,495.8999938964844,224.79527282714844,257.801025390625,138.63864135742188,72.4607162475586
2026-01-30,302.9676818847656,688.3120727539062,85.1980209350586,444.95001220703125,224.75572204589844,258.9988098144531,139.51678466796875,73.82250213623047
2026-02-02,305.1961669921875,691.7339477539062,84.95460510253906,427.1300048828125,228.21730041503906,269.5093078613281,136.55674743652344,74.33563995361328
2026-02-03,311.8420715332031,685.885009765625,85.16073608398438,454.2900085449219,230.54151916503906,268.98028564453125,141.81576538085938,75.87504577636719
2026-02-04,314.23895263671875,682.5626831054688,84.94478607177734,453.9700012207031,231.89646911621094,275.97723388671875,145.6243438720703,76.32897186279297
2026-02-05,307.1968688964844,674.0379638671875,85.8674545288086,441.8800048828125,235.18002319335938,275.3983459472656,144.13446044921875,77.47366333007812
2026-02-06,319.3199462890625,686.96923828125,85.92635345458984,455.4599914550781,237.35589599609375,277.6042175292969,147.06491088867188,77.98680114746094
2026-02-09,319.0228271484375,690.2816772460938,85.9067153930664,467.0299987792969,236.0207061767578,274.3672180175781,149.19615173339844,76.94078826904297
2026-02-10,315.2392883300781,688.4613037109375,86.89810180664062,462.3999938964844,235.73388671875,273.4280700683594,149.57107543945312,75.79609680175781
2026-02-11,307.8505554199219,688.3021850585938,86.43675231933594,467.6300048828125,238.21633911132812,275.24639892578125,153.4882049560547,77.56246948242188
2026-02-12,299.7487487792969,677.668701171875,87.58519744873047,451.3900146484375,241.8658447265625,261.4891052246094,148.91920471191406,77.95719146728516
2026-02-13,299.6595764160156,678.1461181640625,88.066162109375,462.6199951171875,240.7779083251953,255.5445556640625,147.44918823242188,77.64141845703125
2026-02-17,304.1958312988281,679.2402954101562,88.2134017944336,448.20001220703125,240.6592254638672,263.6371154785156,145.20443725585938,78.50979614257812
2026-02-18,305.8300476074219,682.662109375,87.87966918945312,458.2799987792969,242.30101013183594,264.106689453125,149.66415405273438,78.44071960449219
2026-02-19,305.10699462890625,680.8616333007812,87.96800994873047,459.55999755859375,244.19992065429688,260.3401184082031,149.95220947265625,77.86837768554688
2026-02-20,307.82086181640625,685.7855834960938,87.76187896728516,468.6199951171875,239.8284454345703,264.3364562988281,146.28707885742188,78.78610229492188
2026-02-23,294.8262023925781,678.7827758789062,88.0857925415039,481.2799987792969,243.14166259765625,265.9349670410156,149.74362182617188,79.49659729003906
2026-02-24,294.459716796875,683.7164916992188,88.24284362792969,474.6099853515625,244.87173461914062,271.8895263671875,148.25372314453125,79.65449523925781
2026-02-25,300.40240478515625,689.4859008789062,88.25267028808594,473.4200134277344,243.76808166503906,273.97760009765625,148.05508422851562,79.40779113769531
2026-02-26,303.20538330078125,685.6561889648438,88.60602569580078,477.4800109863281,242.0778045654297,272.6987609863281,147.53857421875,79.43739318847656
2026-02-27,297.4310607910156,682.3637084960938,89.14588928222656,483.75,247.00942993164062,263.93682861328125,151.47189331054688,80.48339080810547
2026-03-02,294.7172546386719,682.751708984375,88.25067901611328,490.0,247.13868713378906,264.476318359375,153.1802978515625,79.16108703613281
2026-03-03,297.3914489746094,676.7337036132812,88.07341003417969,468.1400146484375,245.3390350341797,263.5072326660156,150.80641174316406,78.2927017211914
2026-03-04,296.52978515625,681.5082397460938,87.79766082763672,471.79998779296875,243.8973388671875,262.2783508300781,148.80996704101562,77.06907653808594
2026-03-05,290.74554443359375,677.70849609375,87.44312286376953,466.1300048828125,238.259765625,260.0504150390625,149.74362182617188,76.01319122314453
2026-03-06,286.7144470214844,668.82568359375,87.11811828613281,473.510009765625,239.0253448486328,257.2229919433594,150.1905975341797,76.02306365966797
2026-03-09,287.1502685546875,674.6845703125,87.8764419555664,472.5299987792969,241.20281982421875,259.6407775878906,149.42578125,76.77303314208984
2026-03-10,285.97161865234375,673.6002807617188,86.94085693359375,477.8599853515625,242.31643676757812,260.58990478515625,147.13136291503906,76.85197448730469
2026-03-11,284.77313232421875,672.7548217773438,85.81814575195312,476.239990234375,241.6005401611328,260.5699157714844,150.55809020996094,76.60527801513672
2026-03-12,280.1874084472656,662.5390625,85.65072631835938,466.8800048828125,240.6559600830078,255.52456665039062,152.4949493408203,76.58554077148438
2026-03-13,280.7321472167969,658.7890014648438,85.22724914550781,460.8399963378906,240.13894653320312,249.8897705078125,155.06747436523438,76.8438720703125
2026-03-16,283.4261474609375,665.493408203125,85.8870849609375,460.42999267578125,241.7993927001953,252.58729553222656,156.1699981689453,77.32079315185547
2026-03-17,284.1492004394531,667.2440185546875,86.1234359741211,459.2699890136719,236.74844360351562,253.99598693847656,157.73934936523438,77.08233642578125
2026-03-18,284.9910583496094,657.9335327148438,85.64087677001953,444.739990234375,235.92318725585938,249.70994567871094,156.52757263183594,75.48265838623047
2026-03-19,285.2188415527344,656.3121948242188,86.16283416748047,426.4100036621094,236.24136352539062,248.73085021972656,157.09373474121094,75.06536102294922
2026-03-20,283.8223571777344,646.9034423828125,84.52802276611328,413.3800048828125,234.02410888671875,247.76173400878906,158.5935516357422,74.2704849243164
2026-03-23,287.14031982421875,653.6959228515625,85.07952880859375,404.0400085449219,234.07382202148438,251.25851440429688,160.04371643066406,74.62818145751953
2026-03-24,289.6065368652344,651.5015869140625,84.70528411865234,404.1300048828125,233.9246826171875,251.4083709716797,164.2650604248047,74.19100189208984
2026-03-25,292.59771728515625,655.1322021484375,85.52268981933594,416.2900085449219,238.5580291748047,252.38746643066406,162.1593475341797,74.76728057861328
2026-03-26,288.8736267089844,643.432373046875,84.80377197265625,400.6400146484375,237.8719940185547,252.6572265625,164.31471252441406,74.21087646484375
2026-03-27,280.13787841796875,632.4606323242188,84.34089660644531,414.70001220703125,239.07505798339844,248.57098388671875,169.8372344970703,75.22432708740234
2026-03-30,281.0589904785156,630.3460693359375,85.4636001586914,414.5799865722656,241.10340881347656,246.40298461914062,170.31399536132812,75.78073120117188
2026-03-31,291.3497314453125,648.6688842773438,85.37496948242188,430.2900085449219,243.04225158691406,253.55638122558594,168.51620483398438,75.56214904785156
2026-04-01,292.5580749511719,653.5562744140625,85.29092407226562,437.82000732421875,242.7240753173828,255.3946990966797,159.69607543945312,75.59195709228516
2026-04-02,291.7855224609375,654.144775390625,85.81497192382812,429.4100036621094,241.65025329589844,255.68443298339844,159.60667419433594,76.22785186767578
2026-04-06,294.125,657.23681640625,85.6765365600586,427.6499938964844,239.5920867919922,258.6217041015625,162.2686004638672,76.72463989257812
2026-04-07,296.0662536621094,657.5260009765625,85.6666488647461,431.80999755859375,237.04673767089844,253.26666259765625,162.8049774169922,75.42304992675781
2026-04-08,306.5888366699219,674.27294921875,85.94351196289062,434.5299987792969,239.9202117919922,258.66168212890625,155.16680908203125,76.79419708251953
2026-04-09,308.938232421875,678.162841796875,85.7259750366211,437.9100036621094,239.93014526367188,260.2502136230469,153.99476623535156,77.67848205566406
2026-04-10,308.4803161621094,677.7140502929688,85.5183334350586,437.1300048828125,237.09645080566406,260.240234375,151.4818115234375,76.97303771972656
2026-04-13,312.2732238769531,684.3369750976562,85.7754135131836,435.3599853515625,236.59930419921875,258.96142578125,151.61094665527344,75.91984558105469
2026-04-14,309.7247009277344,692.675537109375,86.2302474975586,445.0899963378906,238.72706604003906,258.59173583984375,148.23387145996094,75.4131088256836
2026-04-15,304.5579833984375,698.1414184570312,85.85452270507812,440.4599914550781,237.30523681640625,266.18475341796875,148.0054168701172,74.82688903808594
2026-04-16,308.5599670410156,699.8569946289062,85.31069946289062,440.0799865722656,233.1988525390625,263.15753173828125,150.9553985595703,74.6977310180664
2026-04-17,308.8984375,708.3152465820312,86.09182739257812,445.92999267578125,232.84091186523438,269.98126220703125,145.45274353027344,75.25413513183594
2026-04-20,315.5683898925781,706.8988037109375,86.0720443725586,442.0899963378906,229.37088012695312,272.79864501953125,146.6843719482422,74.99580383300781
2026-04-21,311.5962829589844,702.2708129882812,85.59744262695312,429.57000732421875,224.8667755126953,265.9250183105469,147.35980224609375,74.2208023071289
2026-04-22,311.6161804199219,709.3825073242188,85.7655258178711,435.260009765625,224.80712890625,272.9185791015625,148.4921112060547,74.15125274658203
2026-04-23,310.29217529296875,706.6295776367188,85.57767486572266,431.0400085449219,229.3311004638672,273.1783142089844,149.51516723632812,75.7906723022461
2026-04-24,306.8974609375,712.10546875,85.73587036132812,433.25,226.19911193847656,270.81048583984375,147.90609741210938,76.138427734375
2026-04-27,310.232421875,713.332275390625,85.31069946289062,429.8900146484375,224.0514678955078,267.3636474609375,147.19094848632812,74.95606231689453
2026-04-28,310.0532531738281,709.8612060546875,85.39968872070312,421.9100036621094,226.48745727539062,270.4608154296875,149.5449676513672,77.8473892211914
2026-04-29,307.86309814453125,709.7515258789062,84.73721313476562,417.4100036621094,226.0499725341797,269.92132568359375,153.62725830078125,78.36405944824219
2026-04-30,311.82525634765625,716.8132934570312,84.65811157226562,423.6600036621094,228.5356903076172,271.1002502441406,153.28955078125,78.25476837158203
2026-05-01,311.06866455078125,718.7982177734375,84.96080017089844,423.17999267578125,225.89088439941406,279.88214111328125,151.72019958496094,78.07592010498047
2026-05-04,306.270263671875,716.1649780273438,84.31572723388672,414.7099914550781,222.91798400878906,276.5751647949219,152.65386962890625,77.68842315673828
2026-05-05,308.0124206542969,721.9102172851562,84.78216552734375,418.2699890136719,224.26026916503906,283.9184265136719,153.83584594726562,77.9765625
2026-05-06,313.4877624511719,731.9443359375,85.42723846435547,430.9599914550781,223.33558654785156,287.245361328125,147.6875762939453,78.72174835205078
2026-05-07,304.8964538574219,729.7001342773438,85.00050354003906,431.67999267578125,221.23764038085938,287.1754150390625,145.591796875,77.9268798828125
2026-05-08,300.74517822265625,735.724609375,85.42723846435547,433.7699890136719,220.05445861816406,293.0500183105469,143.59535217285156,77.91693878173828
2026-05-11,298.6545715332031,737.4002685546875,84.91117858886719,434.6499938964844,220.163818359375,292.67999267578125,148.6708984375,78.15541076660156
2026-05-12,303.5126953125,736.2831420898438,84.34550476074219,432.92999267578125,222.97763061523438,294.79998779296875,149.614501953125,79.51661682128906
2026-05-13,298.9034729003906,740.4025268554688,84.15695190429688,430.5,229.1024169921875,298.8699951171875,150.5481719970703,79.7451400756836
2026-05-14,298.56500244140625,746.2474975585938,84.27603149414062,427.2099914550781,229.48025512695312,298.2099914550781,151.75,79.93392181396484
2026-05-15,296.4743957519531,737.2706298828125,83.02558898925781,417.2900085449219,225.41363525390625,300.2300109863281,157.9199981689453,80.30155181884766
2026-05-18,299.3813171386719,736.751953125,82.92634582519531,418.42999267578125,227.61099243164062,297.8399963378906,160.49000549316406,80.67910766601562
2026-05-19,294.3738708496094,731.8446044921875,82.39044189453125,411.5,228.684814453125,298.9700012207031,162.5500030517578,81.39449310302734
2026-05-20,300.625732421875,739.3452758789062,83.27369689941406,417.3999938964844,228.0087127685547,302.25,156.27999877929688,81.02687072753906
2026-05-21,301.6411437988281,740.8114624023438,83.58134460449219,416.989990234375,230.40492248535156,304.989990234375,155.2899932861328,80.64929962158203
2026-05-22,305.0059814453125,743.7239990234375,84.03784942626953,413.82000732421875,233.0,308.82000732421875,154.9199981689453,80.95732116699219
2026-05-26,305.3643493652344,748.6613159179688,84.45466613769531,414.0,230.17999267578125,308.3299865722656,149.80999755859375,79.94385528564453
2026-05-27,297.93780517578125,748.5316162109375,84.65315246582031,408.489990234375,231.2899932861328,310.8500061035156,147.89999389648438,81.09642028808594
2026-05-28,295.3992614746094,752.6609497070312,85.08981323242188,412.7699890136719,230.8000030517578,312.510009765625,146.9600067138672,79.89418029785156
2026-05-29,297.9676818847656,754.5361328125,85.10967254638672,417.1199951171875,225.3300018310547,312.05999755859375,145.25999450683594,78.50315856933594
2026-06-01,295.2499084472656,756.5908203125,85.1554946899414,411.260009765625,223.50999450683594,306.30999755859375,149.3800048828125,78.13553619384766
2026-06-02,299.6102600097656,757.6182250976562,85.3348388671875,411.95001220703125,222.88999938964844,315.20001220703125,149.55999755859375,77.90701293945312
2026-06-03,299.50079345703125,752.3018798828125,84.99608612060547,407.8699951171875,223.24000549316406,310.260009765625,152.52999877929688,78.25476837158203
2026-06-04,309.4957580566406,755.1445922851562,85.18538665771484,411.2699890136719,228.1699981689453,311.2300109863281,152.0399932861328,76.32720947265625
2026-06-05,310.9691162109375,735.65478515625,84.74700164794922,396.239990234375,232.77000427246094,307.3399963378906,149.9199981689453,78.97014617919922
2026-06-08,309.7147521972656,737.3204345703125,84.30862426757812,397.2699890136719,232.16000366210938,301.5400085449219,151.75,79.0297622680664
2026-06-09,311.2976379394531,735.1560668945312,84.8067855834961,390.7799987792969,237.0,290.54998779296875,148.91000366210938,80.81820678710938
2026-06-10,307.75360107421875,723.56591796875,84.56766510009766,374.5799865722656,238.49000549316406,291.5799865722656,150.6199951171875,83.05377197265625
2026-06-11,312.0840759277344,735.8642578125,85.66361999511719,386.32000732421875,238.3300018310547,295.6300048828125,146.60000610351562,82.00057983398438
2026-06-12,319.28167724609375,739.843994140625,85.45439147949219,386.5400085449219,240.8699951171875,291.1300048828125,147.00999450683594,82.09000396728516
2026-06-15,317.96759033203125,752.890380859375,85.40457916259766,396.54998779296875,235.66000366210938,296.4200134277344,140.9199981689453,80.91000366210938
2026-06-16,329.6549377441406,748.4019775390625,85.87284851074219,397.6300048828125,235.17999267578125,299.239990234375,141.86000061035156,80.27999877929688
2026-06-17,331.9645080566406,739.0560302734375,86.01233673095703,388.6000061035156,234.1999969482422,295.95001220703125,140.74000549316406,79.93000030517578
2026-06-18,323.761474609375,746.739990234375,86.4307861328125,387.1199951171875,228.38999938964844,298.010009765625,137.80999755859375,79.38999938964844
2026-06-22,329.993408203125,744.3900146484375,85.77320861816406,384.5899963378906,231.2899932861328,297.010009765625,138.47000122070312,79.52999877929688
2026-06-23,332.6414794921875,733.5800170898438,85.88280487060547,377.32000732421875,239.0800018310547,294.29998779296875,139.72999572753906,80.30999755859375
2026-06-24,331.95458984375,733.239990234375,87.05846405029297,365.9200134277344,241.0,293.0799865722656,136.89999389648438,80.5999984741211
2026-06-25,333.6170654296875,734.2999877929688,87.02857971191406,369.4599914550781,244.8800048828125,275.1499938964844,137.5500030517578,80.41999816894531
2026-06-26,327.57427978515625,728.989990234375,87.03854370117188,373.6300048828125,254.66000366210938,283.7799987792969,136.5399932861328,82.62999725341797
2026-06-29,327.91278076171875,741.0,87.12820434570312,368.5799865722656,258.510009765625,281.739990234375,136.05999755859375,82.6500015258789
2026-06-30,325.86199951171875,746.77001953125,86.10199737548828,368.3800048828125,253.97000122070312,289.3599853515625,136.72000122070312,81.2699966430664
2026-07-01,332.5718078613281,745.760009765625,85.5199966430664,370.6000061035156,253.97999572753906,294.3800048828125,136.27999877929688,81.29000091552734
2026-07-02,332.9700012207031,744.780029296875,85.51000213623047,378.1300048828125,263.0400085449219,308.6300048828125,137.08999633789062,84.13999938964844
2026-07-06,337.7200012207031,751.280029296875,85.44999694824219,382.1300048828125,259.3299865722656,312.6600036621094,136.44000244140625,82.95999908447266
2026-07-07,339.2200012207031,747.7100219726562,84.55000305175781,377.489990234375,267.239990234375,310.6600036621094,141.69000244140625,84.05000305175781
2026-07-08,330.6199951171875,745.4000244140625,84.36000061035156,374.45001220703125,263.3999938964844,313.3900146484375,141.1300048828125,83.4000015258789
2026-07-09,335.4700012207031,751.7100219726562,84.48999786376953,378.17999267578125,259.1000061035156,316.2200012207031,137.4600067138672,82.62999725341797
2026-07-10,336.4700012207031,754.9500122070312,84.47000122070312,377.010009765625,256.9800109863281,315.32000732421875,138.8800048828125,83.48999786376953
2026-07-13,334.5299987792969,749.1699829101562,83.97000122070312,367.1300048828125,257.7699890136719,317.30999755859375,144.50999450683594,84.25
2026-07-14,342.8900146484375,751.8300170898438,84.08000183105469,372.1499938964844,253.85000610351562,314.8599853515625,145.08999633789062,83.08000183105469
2026-07-15,346.9100036621094,754.8099975585938,84.23999786376953,372.3500061035156,247.02000427246094,327.5,144.50999450683594,82.44999694824219
2026-07-16,343.1499938964844,750.719970703125,84.20999908447266,364.9599914550781,249.97000122070312,333.260009765625,145.9499969482422,84.91999816894531
2026-07-17,341.1000061035156,743.2899780273438,84.5199966430664,368.4100036621094,253.0399932861328,333.739990234375,147.36000061035156,81.55999755859375
2026-07-20,338.8699951171875,742.0900268554688,83.88999938964844,367.6000061035156,248.82000732421875,326.5899963378906,148.36000061035156,82.12000274658203
2026-07-21,345.2300109863281,748.280029296875,83.66000366210938,374.80999755859375,250.61000061035156,327.739990234375,151.7100067138672,81.97000122070312
2026-07-22,348.2099914550781,747.4099731445312,83.44000244140625,379.1199951171875,255.6300048828125,325.8900146484375,154.4499969482422,82.19999694824219
