Date,JPM,SPY,TLT,GLD,JNJ,AAPL,XOM,KO
2016-01-05,0.0017290569364041275,0.001691354043033888,-0.004034289185665618,0.0028185529910356166,0.004180202178468928,-0.025059294159366363,0.008520175279425501,0.0035375488791229426
2016-01-06,-0.014435861589537247,-0.012614164634731195,0.013475314130062088,0.01444076235086822,-0.005054800764830669,-0.019569596285999857,-0.008320117849546227,-0.0054056764018519665
2016-01-07,-0.040439375138428435,-0.023991402771158854,0.0017946038647309592,0.014139709399294542,-0.011654405619738628,-0.04220484897034027,-0.0160058627222186,-0.016540193064396025
2016-01-08,-0.02239911523039384,-0.01097684059838877,0.004478763887468151,-0.004427708091822691,-0.010683515032637758,0.005287834948057624,-0.020202462394923182,-0.0026431723104154425
2016-01-11,-0.0015276084234396858,0.000990314327899089,-0.010943853052282293,-0.008894799760520322,-0.0060102767345825425,0.016192284061578244,-0.013388600377924775,0.001686447408950409
2016-01-12,0.002210073600056983,0.008068244395128987,0.014425330044132156,-0.005060137388834041,0.00686675360960054,0.014513109580708061,0.020491004904878096,0.012986633552100502
2016-01-13,-0.027476412031879782,-0.02494083324400176,0.009856613730002683,0.004893984653210337,-0.012418447423731993,-0.025710376117657696,0.005983927337524397,-0.006410197198989942
2016-01-14,0.01499807191112712,0.016417456949021192,-0.009360015655908938,-0.016233809757639994,0.019273984243095788,0.02187129226566964,0.045869196072997775,0.000717288933683724
2016-01-15,-0.019931332324772177,-0.021466555478678706,0.015586802742754369,0.010289314914859293,-0.019111922311363716,-0.024015310526907085,-0.019463862729934056,-0.009073438703399606
2016-01-19,-0.0005259270280664197,0.0013313576108457958,-0.0031013642295996124,-0.0009607847075502329,0.005154811669833226,-0.004838964831317738,-0.015210206356986666,0.010120417722251807
2016-01-20,-0.026311160476336304,-0.01281514422727581,0.010529286358787804,0.013367949074563734,-0.017948950227024474,0.001345193340635431,-0.04214645077649504,-0.012881742796617024
2016-01-21,-0.004683967822151858,0.005601871684186355,-0.006788502858841472,0.001138797703897465,0.0019844198651131073,-0.0050626099239658995,0.01257189424868943,0.00024132153891653907
2016-01-22,0.030769389252406132,0.020515386418628268,-0.0038152028872772137,-0.004644969889963435,0.008442827875894343,0.053166812422921206,0.0333335300771902,0.0161874065408385
2016-01-25,-0.022651661194048378,-0.015116720818037943,0.005425611184538992,0.010285731724330116,-0.0036175551339024947,-0.019522359108689158,-0.03382566148501864,0.0023777248723260147
2016-01-26,0.025512233212198643,0.013643081041971428,0.0004761231538366051,0.011406476843766944,0.049584939669186756,0.005530521378418252,0.03676685972095073,-0.00189730366049079
2016-01-27,-0.0007008034355781012,-0.010883104757079765,-0.00023835364757696098,0.0037282274439891516,0.009685888226754535,-0.06570593003316405,-0.01838346719791728,0.00023737006049029397
2016-01-28,0.004207504526583916,0.005209293895206191,0.001427381345580514,-0.010678814187088603,0.0010763220503786641,0.00717143112458607,0.02257937220644468,0.011404075419988446
2016-01-29,0.0387572066933195,0.02437681211019349,0.008477663668514879,0.0038482826092702815,0.021218436559504283,0.03454138215610536,0.011170241161477135,0.008222025398837651
2016-02-01,-0.010756208935157718,-0.00036092164982393093,-0.0030612733226872413,0.010285237353002907,-0.0006701215893631929,-0.009348569987721489,-0.02003850103617566,0.0018640154251776675
2016-02-02,-0.031091007856162922,-0.018022315684282253,0.018551539351778112,0.00037013683482878257,-0.009198072990839079,-0.020221982674330174,-0.02228324732829956,-0.013023462050940182
2016-02-03,0.006663205207838363,0.005994880295132621,-0.008293495203609558,0.010731831819877025,0.007059324559779867,0.019792549779414692,0.05215130959407266,0.006597468251492877
2016-02-04,0.01724452710838742,0.00156838813750948,0.004845671838514365,0.012082377069329242,-0.0023044991327226816,0.008035026685637048,0.01720219258045952,-0.004447546545035652
2016-02-05,-0.0111300065839961,-0.01905039539385267,0.0011664754017317591,0.015827077912906162,-0.03233907659804969,-0.026708008790015114,0.003131693772163713,-0.0021160918191183153
2016-02-08,-0.020952521827651283,-0.013461013818956036,0.02152033254797625,0.013443751249405,0.014521983977186625,0.010529550952899092,0.013486459486043323,0.004948350639173427
2016-02-09,-0.006013542742343003,5.407740194196542e-05,0.0010644552109850824,-0.002196257541759894,-0.0002942930492371154,-0.0002101817766279046,-0.004351559147520168,0.015240350514657885
2016-02-10,-0.012099489952985265,-0.0008626538523819338,0.008812508322351809,0.007747818623272673,-0.00235374019865342,-0.007579937113241564,-0.00911624508126474,-0.017321200949965032
2016-02-11,-0.044128246568420404,-0.0130083249880254,0.007003771829116268,0.040188699204219525,-0.0002946741105388506,-0.006046366895249511,0.0031511078673613913,-0.0032902061877472244
2016-02-12,0.08328581624363185,0.020617067931594235,-0.016601535379183074,-0.005879363032052054,0.00117984431297935,0.003094696544762243,0.017964857508071308,0.01650564893408024
2016-02-16,0.01495938446690448,0.016878258701435334,-0.010571199321978475,-0.030331226332987904,0.0049105911047715445,0.02819467397464326,0.0023443910873715,0.005798853207925614
2016-02-17,0.007198105388293907,0.01633489009076361,-0.0061485087717716436,0.00618634429410414,0.0017591423889966595,0.015314490289951577,0.009603594059474085,0.0029983189124576093
2016-02-18,-0.016335021476669653,-0.004096371229161955,0.012295931413688121,0.02433319602449635,0.016975909340041007,-0.01895638549395584,0.005487720727075596,0.0027590730459066126
2016-02-19,0.00017311918249407476,-0.00046791251750788465,0.0008405008555820714,-0.006002190201855662,0.006474031345475195,-0.0022854793989851574,0.0006067709473518423,0.0036691072963692672
2016-02-22,0.012971150896949668,0.01447889632563859,-0.0005342167794065711,-0.01777516528948675,0.005664043348519554,0.008746477232801864,-0.0013334244928948635,0.0038834758899055632
2016-02-23,-0.04183038393578964,-0.012629483215652382,0.004047491543994308,0.014979681261872546,-0.006395966853887214,-0.022605683318398406,-0.014079680773035341,-0.005689198870544754
2016-02-24,0.0003564855372508724,0.004575840256100916,-0.001977058454875724,0.003327072049028157,0.008455180892436465,0.014890907166424494,0.0035700228306914106,0.0050357006685552985
2016-02-25,0.015496929458332254,0.012111653737014505,0.003581414867257049,0.0026358095143694804,0.013528631181609407,0.0068679419787054385,0.006011222006255368,0.005693263215974298
2016-02-26,0.009296561148792293,-0.002301338011970855,-0.009644222055197105,-0.006869043174790979,-0.0056400493550613495,0.0015502488848575524,-0.0031708187086195716,-0.02309753195602593
2016-02-29,-0.021550266608952096,-0.007842486379811109,0.00437061145376072,0.013064629590324062,-0.005388490470101925,-0.002270150027873341,-0.019571312490540116,-0.00023239647329154067
2016-03-01,0.05150984393770397,0.02350677962757608,-0.01760849907647366,-0.0073331317520045625,0.019104579479940043,0.03971440472767607,0.01409833670784133,0.012984274674991303
2016-03-02,0.009459389210789926,0.004492537166165933,0.004126789355027416,0.007726956678680841,-0.00167882475106651,0.002188488016392931,0.017470235914658794,0.0018311638794747953
2016-03-03,0.003347129048584474,0.003919641884287506,0.0036445831794227335,0.017273365743903035,-0.00364341324511519,0.007444021331071804,-0.003627107685130526,0.004340611504748848
2016-03-04,0.0015006080049675408,0.0032534038390001907,-0.006412528923096961,-0.0015737798071993048,-0.0014065608880591274,0.014877194917347403,-0.0013354029569235815,0.0034121944091669576
2016-03-07,-0.0018316824873439996,0.0007980033030852152,-0.0003113487736564613,0.004977588099916774,0.0022533448250283694,-0.01106695672069613,0.026370315321246673,-0.002267100622270646
2016-03-08,-0.019352745011274264,-0.010917530578668067,0.011045313929703982,-0.0046227304062675945,-0.0048715386280399064,-0.008245834447316636,-0.021666682249386504,0.007043957288348945
2016-03-09,0.005784292437867045,0.004939640002080026,-0.006077666241344426,-0.00829324916913754,0.0058369535310136555,0.0008909202560458684,-0.0027835846468338143,0.011056239540888635
2016-03-10,-0.008626369834712544,0.0008022965398033488,-0.004102748504929754,0.016056181130168712,0.0028078357670904275,0.0004942465170583166,-0.002669941248898966,0.009373145012819828
2016-03-11,0.012455231291672808,0.01613683437621738,-0.010104069629855772,-0.01720161594971703,0.0053203747203325324,0.010774317243165132,0.0001218829008042821,0.007129798090091288
2016-03-14,-0.003707620419998947,-0.0012817538470245582,0.0031411640080667436,-0.012896749587957612,-0.0004642707979951588,0.002542270889798859,0.002676329230394403,0.0019912559507595518
2016-03-15,0.0013531577230010416,-0.001630101552877794,0.000938752796212805,0.0007635219800927739,0.0009285037127479967,0.02009378133961981,0.004975400019409326,-0.0011042867944834889
2016-03-16,-0.0047295244449515605,0.005787365503845843,0.0029717606296182364,0.02229567034444102,-0.0032472639939941095,0.013291173726297068,0.0006033430337071266,-0.00419981428587024
2016-03-17,-0.00288544458448714,0.006344113270112972,0.0041321795697077945,-0.003814570847019194,-0.0062383208423327785,-0.0016043557913710815,0.014842560159823881,0.015982275519921485
2016-03-18,0.02944667776037413,0.003929703861005551,0.0020960533237230905,-0.002746975852867317,0.007120290528145334,0.0011341516115708217,0.001189167925562673,-0.0037141911225943014
2016-03-21,-0.0003305366936539045,0.0014191607850668753,-0.007670452685001661,-0.007011719080860401,-0.0020465002984185743,-9.438566827624228e-05,-0.006888192043505104,0.00153528441578632
2016-03-22,-0.0036386053553985054,-0.0005374576012023846,-0.0002342394647699697,0.0029421526295791978,0.0009320750978687453,0.007648030157873631,0.005978974538341841,-0.0037225529573641225
2016-03-23,-0.004980226750650352,-0.006599697597850951,0.011324465300299513,-0.02263009809313099,0.010430686596393679,-0.00552835212675018,-0.004398184288813001,-0.000879167561302796
2016-03-24,-0.007674109413913555,-0.0004431391584556188,0.00038603935729830674,-0.0024011557999429334,-0.0017515691683602785,-0.004334419718162619,0.002746431039803321,0.002639939069619235
2016-03-28,-0.0013453061373803754,0.0005909368583170149,0.0013125304166761165,0.0023209545157449885,-0.0007388115887742019,-0.004542506627014942,0.0028575430178010564,0.004826703194398041
2016-03-29,-0.006228695038488108,0.009250150991502837,0.010484987901483889,0.01852490300494125,0.008408386881004759,0.023671541949404684,0.0036808578121680924,0.01484691438244612
2016-03-30,0.011519502274087712,0.004387933914739239,-0.010528701315924538,-0.013977800877817304,-0.0014662931681068692,0.017459093520877156,-0.00011842424946528762,0.0021516902650844383
2016-03-31,-0.008206415742524564,-0.002427314507574274,0.007094163197553405,0.004611451089358232,-0.007157018915806224,-0.005202624209190709,-0.011003309176655152,-0.0040791068205033865
2016-04-01,0.010975978485377569,0.006812001634179499,0.0026079199370916406,-0.006035354370591106,0.009149437671941874,0.009175178293454822,-0.007536671897289904,0.009484852451057346
2016-04-04,-0.003870144589268154,-0.0032376304113265197,0.0006122196332685181,-0.006670647201412416,-0.005495181099774538,0.010273599646973164,0.002410803146346563,0.0012809613322626312
2016-04-05,-0.014189021820032788,-0.009987931089875612,0.010935962834512702,0.013000448699038714,0.003315754929418935,-0.011788867419107008,-0.011423578132180867,-0.007677391611268791
2016-04-06,0.007710689951001548,0.010920984636440423,-0.007261870196213049,-0.00611933705841794,0.00431345509802572,0.010472446076582598,0.01337998293539755,0.0038686771927978203
2016-04-07,-0.025335830507293045,-0.011965809878204725,0.012344380764528484,0.014280811818710992,-0.0013706768767290933,-0.021809458990405983,-0.01128285365437165,-0.007493663074599088
2016-04-08,0.007327329118974157,0.0026965105694702896,-0.006322807712142553,-0.0015175811841288134,-0.0015556152802358447,0.0011055207305523673,0.010198258463667065,0.011001451089404757
2016-04-11,0.007966926608281133,-0.0023467398876748646,-0.001287541820475968,0.013510077429689682,-0.0011918174155349792,0.0033130548651256753,0.0013213330208030616,-0.009174573063533975
2016-04-12,0.018556476258235532,0.009312750322584051,-0.006902539864589996,0.0001666606070513943,0.0057817095689634,0.013025132861272715,0.012362367886960213,0.004522091098708492
2016-04-13,0.042341187023130944,0.010101087828965127,0.0035133274300553907,-0.010662277185778501,0.002463829044737631,0.014487526946917573,0.005690439313008389,-0.01307645426449855
2016-04-14,0.012947359418202131,4.778636585722751e-05,-0.004794953979362471,-0.01397656040779005,-0.0002737295825729902,0.0005356056636216522,0.007073046761646662,-0.004560924200061378
2016-04-15,-0.011503297754210329,-0.0011056128637519924,0.00856567526733909,0.006916553277877435,0.003095729495471211,-0.020071339765181384,-0.00538470423741555,0.005891420949166726
2016-04-18,0.0064649022822032,0.007026661832128189,-0.004322362312976447,-0.0015264612277039458,0.0068068421242284405,-0.021574863680413725,0.009532490125117254,0.0026032887184934683
2016-04-19,0.016862033875497007,0.0031542285491719113,-0.003122484379452173,0.015627688132066497,0.01577588946049202,-0.005303463321071122,0.005013263216356867,0.00822118715101583
2016-04-20,0.014529466483827358,0.0009529098020431004,-0.010999956992299276,-0.005101192515562736,0.007987110454994673,0.002057807850782467,0.006843502075254637,-0.047853912611448224
2016-04-21,-0.009962651439586634,-0.005378369194127375,-0.0059482473671514935,0.0037824404776412024,-8.787742486771055e-05,-0.010827906148180189,-0.000114985205829643,-0.01600182110873849
2016-04-22,0.005817691678613679,0.0,-0.0025639729815523093,-0.01281191427529893,-0.002201398423493428,-0.002736687820235839,0.008526233905436165,0.020155612851317395
2016-04-25,-0.005784041906147563,-0.0017230088373567654,-0.004129527283839529,0.0028840781155776707,0.0016768003628713224,-0.0056772766237399575,-0.002284797734724453,0.0038169964360705855
2016-04-26,0.005189030367163561,0.0014862820799212972,-0.004537133521176351,0.00397524805856353,-0.005285864033892418,-0.006947396404937911,0.00343514696665026,-0.004026157808187492
2016-04-27,0.0028153496186540394,0.0020581765848282085,0.00998008821748586,0.0028643974391455718,-0.0012401788233896704,-0.0625777108986546,0.009471736932964658,0.003368340547639237
2016-04-28,-0.00795519628957675,-0.009075823495579005,0.004124230749128932,0.018901209532051544,-0.002571498267497252,-0.03056653711694024,-0.004860908494951355,-0.0011187758614791266
2016-04-29,-0.0062892073152373,-0.005398900638007742,0.0025568990958368953,0.01945750344247421,-0.0035562088469530684,-0.011494294764317625,0.004203099611444161,0.0038089456852465897
2016-05-02,0.009335496086523287,0.00794857061870391,-0.010068302785505079,-0.0033158403319839547,0.005977762040183521,-0.0010666754911837772,0.008257842361040879,0.00401795329063348
2016-05-03,-0.019281767674333206,-0.0087031366236342,0.01259627171493971,-0.002271979748055264,-0.0005317732024475719,0.016445891682272284,-0.011444003196172559,-0.0031124259056033443
2016-05-04,-0.015825073375597132,-0.00557828149940276,0.00548532804425883,-0.006099544612754526,-0.004171104950157045,-0.01040122436945834,-0.0019291220816620713,0.003122143345432704
2016-05-05,-0.005359790253259722,-0.00019525077735804697,0.006685101752086364,-0.0011455641166617792,0.0058813626915346084,-0.004058826630119694,0.0011364309222907654,0.001778779313426071
2016-05-06,0.005878603670589788,0.003659009578644179,-0.004274511598015729,0.009093148301192455,-0.001239971711998633,-0.005577358304744706,0.005339114243448906,0.005769689628278174
2016-05-09,-0.006331396803190947,0.0008267113274593729,0.0031434390563556125,-0.020539038586043668,0.00869228059639493,0.0007550717489850367,0.0006777223805489729,-0.0017652030736854396
2016-05-10,0.013559967180321486,0.012433805124279829,7.633637480175537e-05,0.0027351995597273415,0.00835406822423912,0.006789796055099329,0.016032432489684778,0.011273228488519749
2016-05-11,-0.003707167531720623,-0.009354806441586927,0.005654195030051934,0.009423039824896229,-0.002616284217428655,-0.00974094286572702,-0.004818181236375119,-0.0063387903361259434
2016-05-12,-0.0006474332716639442,0.00029028330482083753,-0.0045590148693513965,-0.007861112535878512,-0.001224170652869172,-0.02345699898871867,0.009683481086181223,0.008139109272149003
2016-05-13,-0.009227611281896864,-0.0087141662124951,0.009693687224714864,0.0045394140453900444,-0.005865162030639581,0.001992406356298382,-0.011263604525481585,-0.010473357095680536
2016-05-16,0.00751634552919378,0.00986530151945142,-0.008617827862096972,0.0007394952589119264,0.007749074011142776,0.03711855750161863,0.010263817150741206,0.005953545344128175
2016-05-17,0.0,-0.00933326541070767,0.0016777485457450947,0.0034482607423815814,-0.005330478829434493,-0.00415414690010163,-0.0004466693258665666,-0.019070443943512427
2016-05-18,0.03859888794478339,0.00029253349565649955,-0.014235857115670325,-0.01734579222228738,-0.0021082425227059165,0.011445098630170847,-0.0020102854167300954,-0.006033956306546018
2016-05-19,-0.010150063769216677,-0.003464646971480967,0.004324608981508993,-0.0019150352244892144,-0.00651480746401345,-0.0038068918342991642,0.008505569568519888,-0.00359696004269916
2016-05-20,0.0018930205583720383,0.00631725085658541,0.0007688984476987848,-0.0013348098643799489,0.005265663516035524,0.010828109038885536,-0.004105968339500721,-0.008348049360523913
2016-05-23,-0.0007873141730720956,-0.0013625988607096629,0.0022286377733102825,-0.0028401665733093218,-0.004261545913070153,0.01270712150503539,-0.001560151554955258,0.0004547878657505944
2016-05-24,0.01701862940045995,0.012962088422849627,-0.004446819744455044,-0.01734103750687499,0.004725425738161038,0.015244364949325462,0.0007815904241437188,0.009097356333908069
2016-05-25,0.015184188698916135,0.006783413437133845,-0.003773192659068947,-0.0027280450681915758,0.005856970988233012,0.017568876503519126,0.006579694270027137,0.00022503430263820512
2016-05-26,-0.007478462496544158,0.00028677142269861733,0.005178618477448271,-0.003419400875365186,-0.003969991529410466,0.00793041773948322,-0.005096351945874766,0.006985618797415549
2016-05-27,0.006151062498885196,0.004299047895935271,-0.0014606296780862449,-0.008234680643287695,0.0014171846544248634,-0.0005977803524350733,0.002338367953711007,0.002013509506404665
2016-05-31,-0.0024455361209826387,-0.0019026517218077021,0.002387021438831294,0.003805525009163979,-0.003272806798466754,-0.0048831230680433935,-0.010999110570474535,-0.004020217088203992
2016-06-01,0.006435001900082504,0.0020491530725068596,0.004057225643673057,-0.0010339059082519197,0.000798613126237413,-0.014019247928777512,0.0024714964700467412,0.002242861705465282
2016-06-02,0.001826588071395685,0.003043723065131898,0.00720772147008919,-0.0023288275554191884,0.015162519540269148,-0.007515916564169722,-0.007955769872913687,0.0004476860097182289
2016-06-03,-0.01777818735255232,-0.0029871037507156473,0.014235315509109059,0.027751354156539065,0.002358346956310431,0.002046767330259769,-0.0018074662983054157,0.007155190264215072
2016-06-06,0.009900922707274384,0.005088529486565907,-0.007430432984240065,0.00033648146409448465,0.00880074854610835,0.007250617815715676,0.010976635821626557,0.007327210221150349
2016-06-07,-0.0033700705384973606,0.0015616674621259374,0.0024202738497307585,-0.0008408886281602301,-0.0003457079748417913,0.004055766448879394,0.015334660995915739,-0.0011024552928504683
2016-06-08,0.002920301385615609,0.003259246682314032,0.005355509281859794,0.014812339174809175,0.0006051548410264118,-0.0009086582696151702,0.0008816571753671454,0.005075292036165413
2016-06-09,-0.007662884570397321,-0.001365428592722484,0.006452886757806198,0.005556461757929565,0.01036248784597027,0.007175698637085448,-0.0013214180886155225,0.004610216412997747
2016-06-10,-0.01405415138788313,-0.009477419543818755,0.0048464381584532035,0.004041219495006354,8.573274274903397e-05,-0.008228527861403379,-0.007610025882789473,0.005026145967937934
2016-06-13,-0.00892848611939756,-0.007711738955647696,0.004451515634369851,0.007392817000753116,-0.001880300776114896,-0.015076694963569559,0.006779114464431579,-0.011393746778648906
2016-06-14,-0.01880806598224516,-0.0019669323853819254,-0.0007389801132490215,0.0010599906561068462,0.0028256785643765436,0.0012328374956123156,-0.0017659753466695571,-0.0017727040998157806
2016-06-15,-0.0017718120329714981,-0.0013941936180761338,0.0038443413571034313,0.007412264290884263,-0.006062116005820739,-0.003283289362140729,-0.002986002490711903,-0.000665901161936211
2016-06-16,0.004034235046411538,0.002984955870947603,0.004859947928330888,-0.010511020767707935,0.001975556250446431,0.004220873733024044,0.011757092105950662,0.006664954289250735
2016-06-17,0.0009641075255510945,-0.003724692171933164,-0.006229355876651854,0.012828891404313314,-0.009944732946425505,-0.022757915454992506,-0.00548137287212902,-0.011476383516737743
2016-06-20,0.0014451697677100306,0.006440098462458632,-0.010692154434751022,-0.005970132166106867,0.009178878910858446,-0.002412196436424874,0.004409422899092297,0.00424207723531822
2016-06-21,0.009299163825576162,0.002838549809240698,-0.004621757231839996,-0.019235474102691663,-0.003089178544983251,0.008516932107174302,0.004499526100404605,0.0033346420358653095
2016-06-22,-0.003812663245827852,-0.0016310526154765803,0.0016477789505522367,0.0004965672774475127,0.0024098615762802034,-0.003753481844266826,-0.003933553444388949,-0.005982545077561241
2016-06-23,0.021368337044664232,0.01302239421058582,-0.011437998624897916,-0.0065343333792947655,0.007899868392946985,0.005756439846089645,0.006910596172118977,0.004904146802550136
2016-06-24,-0.06947684144315147,-0.03590903633280018,0.026847215100943567,0.049038376152841456,-0.01490893895423362,-0.02809583921211667,-0.02625245304397461,-0.025510264844112895
2016-06-27,-0.03338939855578227,-0.017909690820982704,0.024966774919928048,0.005396827818855421,0.007956486945432939,-0.014561259571738039,-0.005929443436820558,-0.003414820344023517
2016-06-28,0.03315401353702896,0.018036073942805597,0.002083699063619049,-0.010735716822507735,0.014414645158303152,0.016840628845466776,0.02307002029086802,0.009136715461457001
2016-06-29,0.02822580577418643,0.01702733347638108,-0.007672239679893833,0.004149350816571085,0.009303726835704573,0.00865479630070265,0.017049861581960313,0.00588501792723628
2016-06-30,0.015359389235348075,0.013645871653152009,0.0036847414625669206,0.00500639622652943,0.0165086320339618,0.012711796336474235,0.013843593603107385,0.020027537556251307
2016-07-01,-0.006487181044786183,0.0021001181450071016,0.013884744792519221,0.015339625386899147,-8.211472626318272e-05,0.003033766426803197,0.001066967053034773,-0.004633440203151595
2016-07-05,-0.027913827281710768,-0.00719297073394809,0.012520390010652083,0.008254789567508913,0.00807974366854225,-0.009385876885290578,-0.008738273801128127,0.0068710911990121915
2016-07-06,0.010747160148615098,0.005997745817113875,0.0016158565452126794,0.005870043250717272,0.0030261183704753947,0.005684795546788246,0.011502956569360512,-0.0035222462336840232
2016-07-07,0.006479613733817224,-0.0006200364298102334,-6.987016903770016e-05,-0.003762499043616141,-0.0010599987077176687,0.004291833824684899,-0.012009679181405941,-0.0039759144626292375
2016-07-08,0.020633738247864297,0.014890277709620925,0.007366006793896096,0.0060120143847071095,0.002775214578657925,0.007713071403351757,0.006239027121184515,0.006431293396982785
2016-07-11,0.0071162238735194006,0.003526895314522882,-0.00877491225193272,-0.009423926954219786,0.0006511604741101795,0.003103090333752556,0.003741770795153254,0.004186925815305997
2016-07-12,0.014935204773184996,0.0072634511806162205,-0.016439617323045552,-0.016551874633622066,-8.12706950604758e-05,0.004537125822325683,0.01128969790374068,0.00021961427726147065
2016-07-13,-0.0006328557478247898,-0.00013958960323312564,0.011786363475975836,0.00920177573180525,0.0006507080264763765,-0.005645856113447367,-0.0007373032077900854,0.0035101979856873022
2016-07-14,0.015199255864692063,0.0055834468126036985,-0.014543624669389965,-0.007715129649756736,0.00146334485861499,0.01982032412027923,0.0007378472249157664,-0.001093306421175222
2016-07-15,0.0009358181193577231,-0.00134167441995392,-0.008595670857322268,-0.003848311365095225,-0.0014612066094357168,-0.00010100943280544339,0.0017903631804294662,-0.0013129701463284738
2016-07-18,-0.0034277127362914994,0.002687202848997705,-0.0009398419401197566,0.001576825791636871,0.0011385286207714618,0.01062919966238618,-0.00315371964547162,0.0
2016-07-19,-0.0015635723478375496,-0.0010164750911868525,0.005641652997825375,0.0013381467862105811,0.017134833771699,0.00040091974026568167,-0.0036910730452687224,0.0
2016-07-20,0.0010963234166510016,0.004162591036223295,-0.005466216682590175,-0.014307049036417885,-0.0008785396156897329,0.0009013513558862041,-0.005716238102544957,-0.0026297353027086023
2016-07-21,-0.0037541635541701313,-0.0037769035892798453,0.0020242959345466716,0.015232503958900523,8.015607349376452e-05,-0.005302321152690803,-0.0008519973106172474,-0.0013185063220041426
2016-07-22,0.00549539101137575,0.004485076388514919,0.001732511660715419,-0.007462722347700623,-0.0009589905504363561,-0.0077438426932888715,0.0017050084977521252,0.008360953165175378
2016-07-25,-0.0026550157502116534,-0.0027159386438811994,-0.0007206859427958401,-0.006964758718206121,-0.0011197224545228535,-0.013379599022204203,-0.019253274019839006,-0.005673368299561332
2016-07-26,0.004071033637545574,0.0004616200507314705,0.001586404915560946,0.0042241075487405855,0.002081964773335887,-0.0068829912151182615,-0.007266619478448422,-0.015141489357686555
2016-07-27,0.0031189327814558077,-0.0010612444932602827,0.012453344407950206,0.016111101422991103,-0.00303638930319583,0.06496345797363623,-0.0067737991594472025,-0.03297672244337402
2016-07-28,-0.0035755010428898393,0.0011547017383155556,-0.001848116976302383,-0.002889909558035031,-0.0024844886277808342,0.013501615016179525,-0.007810010554278435,0.005760249945714113
2016-07-29,-0.002028018904235096,0.0016146518061515014,0.008333399894035587,0.010339903082906332,0.006186717094863958,-0.001245845108570398,-0.013858133073483048,-0.0004580708993684457
2016-08-01,-0.0026576108739001514,-0.0008290843687606131,-0.010841582459132693,0.0018607962561190128,0.0013574283337192128,0.017656466990875197,-0.03473864778572222,-0.004125602635998593
2016-08-02,-0.002350929469783103,-0.0064072229248695045,-0.01030302553708895,0.00812570067976126,-0.004386004205547023,-0.014804280280574011,0.01374319663420942,0.001841257201323776
2016-08-03,0.01586783942710812,0.002923055648171635,0.0005779197760165111,-0.004759425467430023,-0.007608973007576569,0.012538388816836665,0.0051701635227410225,0.0025269334609312466
2016-08-04,-0.0015467222286672522,0.0010636280072910953,0.007514154608430301,0.0016968857004249216,-0.0003228615180724814,0.006177583610542214,-0.00011406976143202296,-0.0029789788555925067
2016-08-05,0.026951999310854013,0.00817881684120425,-0.010397899811522504,-0.01786395743940905,0.003067689110926697,0.01520718040807556,0.0009142102244683592,-0.0006894369749780305
2016-08-08,-0.003016699939037304,-0.0005958239123176057,0.0018841191806766577,-0.000862411663815732,-0.004748692004488797,0.00828065064215533,0.011763328567078846,-0.0009200833026039579
2016-08-09,-0.0034793831649133633,0.0005961791300992392,0.009836247308318447,0.004080325118523964,-0.001779247707493714,0.00406006893481714,0.001241978762542173,0.0006907279743688655
2016-08-10,-0.008957264401080134,-0.0024750050760389275,0.003867300607276025,0.004688953410549868,-0.0005670779322575203,-0.00744405908192991,-0.017510045577655897,0.003220252964204029
2016-08-11,0.002757262694230489,0.00464080052492144,-0.008917929451261242,-0.0069228329694296376,0.0033238173135619054,-0.0006482223576295132,0.0035877179541021764,0.003210573599813804
2016-08-12,-0.0021386745401781315,-0.0008689979986910012,0.008422885456931706,-0.002114801025603019,-0.004444008251502596,0.0023160741273431373,0.013030631027522777,0.006400121046984841
2016-08-15,0.006123616763334505,0.0028837910672092626,-0.009423099266224422,0.0034536484045673,-0.007385147047223484,0.012017496998649069,-0.0004558167742830799,0.0047694170131147295
2016-08-16,-0.00015210959016620507,-0.005157648365481493,-0.002665903920924473,0.0049280733796905896,-0.01618833922580243,-0.0009138612334521623,0.0012527879068566783,-0.009267810018613432
2016-08-17,0.0027394461598491127,0.0018809955345773233,0.005996447424047036,0.0002335080486637331,0.008144455169193154,-0.0014626316581815013,0.0021613316655706427,0.005247490064553828
2016-08-18,0.0009106791302082584,0.0022439005182777194,0.0015807861008449997,0.004747086461879935,-0.004863716145054986,-0.0012818108446995824,0.009079430589721493,0.0009080899624236416
2016-08-19,-0.0013648134351262886,-0.0014619732267867613,-0.005235226128084025,-0.008829675348611454,-8.309086052538106e-08,0.0025669883812089456,-0.01248483594918337,-0.004081633617919689
2016-08-22,-0.0009109433653561316,-4.5820152867026565e-05,0.008435100316934285,-0.00148474204574367,-0.006587859410584929,-0.007772535770268596,0.002164285989757486,-0.004098242948950004
2016-08-23,-0.00045584927147068743,0.002013474037431351,0.0010717361050787133,-0.00015649274735818341,0.0026021827856295143,0.003133261010572097,-0.003068601004174165,0.0025152779270689596
2016-08-24,0.0027367955761099516,-0.005114826099348324,-0.002356562571291021,-0.01111463505476229,-0.006111617546004422,-0.007533193278822736,0.0034197334653760514,0.0
2016-08-25,0.0018193249698796876,-0.0006888213836077073,-0.003793842757777166,-0.0008706109240564919,-0.0011795778667443857,-0.00425798027069213,-0.006362083046275724,-0.004105674507065449
2016-08-26,0.0022703078795789366,-0.00188307785681463,-0.0058202508472469106,-0.0014259708499477775,0.0039641898491629135,-0.005856779651234878,-0.002172298959548735,-0.008014480157787829
2016-08-29,0.011023979061137501,0.004924118046599979,0.013371193164066097,0.0019833398964483884,0.007392332428453496,-0.001121885796748101,0.006531552625171022,0.005078366892214747
2016-08-30,0.00821506817583284,-0.0016485065695386325,-0.0038518168834258404,-0.010055457179525717,-0.0037522173836563866,-0.007676507162326818,-0.0036431619415557837,-0.00689045821122114
2016-08-31,0.0,-0.002844106761318854,0.0014318771090910953,-0.001999520134694288,-0.00108825299780424,0.0009433132346319262,-0.004341819366999844,0.004394263288252542
2016-09-01,-0.004296396689063897,4.598226271279593e-05,0.0011038951957056398,0.0040872106204499214,-0.002178877165215365,0.005937767484251344,-0.00344269618598092,-0.001841985544599134
2016-09-02,0.004166124125697168,0.00450803218808149,-0.008157022723433105,0.010216288370529014,0.0020155279412152893,0.009369394466966163,0.0066790563793328594,0.007151399342094411
2016-09-06,-0.0007408957082886136,0.00302246525538985,0.007285961935170837,0.016907695537669243,0.0036036503985619195,-0.0002783953597779165,0.01315495368489028,0.0029777332599505435
2016-09-07,-0.004151768554976676,-9.15170858475367e-05,-0.0007162693331271841,-0.003418556588101307,-0.0011690840912619294,0.006128105729012789,-0.003726244703889048,-0.003425736973867277
2016-09-08,0.0013401503565670936,-0.0022827382651514627,-0.012541642213677706,-0.0053013792150961025,-0.0011701192237024705,-0.026208737363456525,0.009179922309076938,-0.00022914762577508352
2016-09-09,-0.008921960345186997,-0.0239345208148386,-0.01647354130003731,-0.00658355954228651,-0.010379271349229335,-0.022649627323600652,-0.02481771598026572,-0.031171219916435344
2016-09-12,0.006151481172933293,0.014346679921342309,0.000516193126936626,-0.0012623563085552014,0.007865802901256158,0.02239856298573173,0.005181547789919305,0.021764727099305547
2016-09-13,-0.007903526858142218,-0.01437519448037572,-0.011357516270438572,-0.0066355664917512325,-0.013007553301584318,0.023805137448403846,-0.02382840036437117,-0.013071870577818778
2016-09-14,-0.001953722576017558,-0.00037501751593904675,0.0014919761791400976,0.0034194855282367875,0.0021257812506618734,0.035386666419639834,-0.007158985887639524,-0.004020942357158441
2016-09-15,0.003614513552912868,0.00999295737954009,-0.00432058505701538,-0.006419381491794995,0.00653290194915046,0.03399853315510115,0.005674482130787917,0.005937405729764089
2016-09-16,-0.012304955885267255,-0.003865904535956144,0.008079878615828928,-0.00247272219188599,-0.003203042882338747,-0.005624270602406112,-0.012341727918761647,-0.005194026433262278
2016-09-19,0.00562146251338258,0.0001871957442667327,-0.0032655952753370965,0.00207901920123299,-0.004989542798687685,-0.011660375484075391,-0.0023801907876565,-0.0009491318222759615
2016-09-20,0.0040787694645290085,4.727039761509566e-05,0.0034995451797827926,0.0009575705942725943,0.0024647264398400814,-8.796989331316674e-05,-0.015388124276374815,0.005700385386209872
2016-09-21,0.00571811964105895,0.011245313165360926,0.008086968970602904,0.014588601451239303,0.008138841667672425,-0.0001763955204341361,0.009207347629625273,0.0044877527814382034
2016-09-22,0.008228289497318686,0.006301652662214385,0.007948976491769288,0.00235721740921524,0.0046253230255648425,0.009423340275912517,0.0028813442909265685,0.010110272385635888
2016-09-23,-0.002077277337763417,-0.005479519282132195,-0.0009495796713513416,0.0006271210413582029,-0.0054408888258673516,-0.016663900291854383,-0.0010771202139676639,-0.00512094595789947
2016-09-26,-0.02185869587749678,-0.008101961113095135,0.0063589615319537,-0.0007833801247612016,-0.00866943092785577,0.001508362870658253,-0.004673626537607722,-0.016144133734366073
2016-09-27,0.008817173078917273,0.006207945414738125,0.007335408549616229,-0.007291260548213163,0.012226392185139323,0.0018602266807061785,0.002166970754821307,0.012841873516419966
2016-09-28,0.005274209476008318,0.004963429925864293,-0.002163443622852257,-0.003159070582864243,0.0014259365497100163,0.007604898112934411,0.04396922331110309,-0.010331049164727601
2016-09-29,-0.015889615360216824,-0.009046890906659,0.0025293687574412527,-0.0011884132817953086,-0.017756971827923795,-0.015533348388598989,-0.0050630904441927305,-0.00284696548560337
2016-09-30,0.014318155025496937,0.007545830486354266,-0.008937275342132844,-0.003410805950794571,0.007333205993881542,0.007755432836663578,0.00948410816323686,0.0068997076019794434
2016-10-03,-0.0012010527781525226,-0.0024041228696637384,-0.0033000403831132674,-0.0025469571504198596,0.005756630348113134,-0.004688022558648419,-0.00263537192329244,-0.006852427853427212
2016-10-04,0.008632304138287639,-0.005097449392040709,-0.011695091721724116,-0.03471112739159021,8.420261631947312e-05,0.004265740257906936,-0.009189994308104077,-0.004520421732172264
2016-10-05,0.016366369553254545,0.004425015338404004,-0.004658802792829486,-0.0015706575141682944,0.0030300326450545256,0.00044247588561741047,0.008695552701824871,-0.0007169528835172523
2016-10-06,0.0026593316031815473,0.0006954736928850291,-0.005573131013372756,-0.009273018119780652,-0.003608383951649863,0.007430602000094266,0.00045973358536022246,-0.0023918048963864624
2016-10-07,0.003536032428797631,-0.003429274324847742,0.000672824085630852,0.0006685124453615909,0.004126335199956754,0.001492441756028251,-0.0034462497719491836,0.0004793963089644304
2016-10-10,0.0077815671127983155,0.0052083169293051235,-0.005899345161583525,0.0035076482865625813,0.004696420664117129,0.017447170953547975,0.01959854835040442,0.0
2016-10-11,-0.0048077719978602,-0.012629571407898887,-0.0022534575619200803,-0.005076569505331419,-0.018029981600226175,0.0021541618429785636,-0.007914901589020529,-0.004552857031616564
2016-10-12,-0.0026350506731362966,0.0013117553420960437,0.0009787113082266874,0.0015892497462293154,0.0028050515830664313,0.008942062107048177,-0.006952553838726061,0.005777542460954299
2016-10-13,-0.005724721902266361,-0.003275676030911945,0.003760489096327202,0.002421921836488483,0.00245824991424759,-0.0030677811534394195,-0.006541713600507371,-0.0004788405561801934
2016-10-14,-0.0032473309058694833,0.000516599762785841,-0.014012189428877053,-0.0055819226506638175,-0.005918984505184022,0.0055564800525216285,-0.00023140613591143833,-0.002155721939354871
2016-10-17,-0.005183171931987807,-0.003472076159706461,0.006383893500072402,0.0026809625769763645,0.00791063225726818,-0.0006798121576142568,0.0,-0.0016794056699280802
2016-10-18,0.007890094921941593,0.006262230525612811,0.003247036769781886,0.006183137214928136,-0.025993602322599396,-0.0006808417483881168,0.0026576376471794116,0.008894055189798022
2016-10-19,0.009601002812954507,0.0026672778170586664,0.0008271680776341661,0.0057299655530487215,-0.007105004144218774,-0.0029795415360901467,0.004610195583443444,0.0019061993238498331
2016-10-20,-0.0013166102003675517,-0.0018665027959280378,0.0010541492382449835,-0.0030550965627723636,0.0024436294375347334,-0.0005120793302453297,0.00045917181638732707,-0.002853428626722221
2016-10-21,0.0033692826909352824,0.0004674149528118843,0.001502152725779471,0.0007454362173064943,-0.012449115035995661,-0.003929590284686091,-0.006765391496607931,0.00476973431719796
2016-10-24,0.005548504903878371,0.004252746601955071,-0.004350997771291221,-0.0022345797266346556,0.0014987668090831185,0.009004745975326411,0.0033477063864020273,0.010206569830449652
2016-10-25,-0.0010163139449630432,-0.003350831196902271,0.0026369193998920792,0.007548139354159211,0.003080578114458943,0.005100133793160211,-0.0021858446207062565,-0.0004701255842707308
2016-10-26,0.004796160666084681,-0.00200752144377081,-0.006762989450014301,-0.00559809251948773,0.005264984856009791,-0.022494963906084853,0.004266415980337834,-0.002350578933596359
2016-10-27,0.0014464575931507628,-0.0026669030427894924,-0.010894021381376406,0.0018213529185830968,0.00995103545721765,-0.009603081568122063,-0.0019517308765902852,-0.007540415532063305
2016-10-28,-0.0017329290164300737,-0.0029554677365479787,-0.002218340634173699,0.0047103519110964776,-0.0031978633601523754,-0.006638104299735992,-0.024620555595817994,0.0026115980682324125
2016-10-31,0.002170313562667392,4.7044589297939865e-05,0.006132446078168208,0.0029610183001298473,0.005722643589012311,-0.001582900773203999,-0.017221288303998716,0.004026132674633587
2016-11-01,-0.004187293673632353,-0.007245280626641537,7.693377051110062e-05,0.006478603409139305,-0.0056040032963916575,-0.018055593068672104,0.003960756926594922,-0.006604338122748188
2016-11-02,-0.004204400941957176,-0.006018659491520251,0.004350671901638847,0.007414617516698918,-0.0041616801462899256,0.0008967132398958189,-0.0023907242550995633,-0.0016617698179982598
2016-11-03,-0.004368377092045184,-0.00457716676750719,-0.007675771111514407,0.005338107937297609,0.0014803247970018862,-0.010718508211872368,0.0025160838024858023,-0.0004755816838591942
2016-11-04,-0.009067018549857586,-0.0011012560550942574,0.008960230065129693,0.0007240252267184388,0.0006953236689666298,-0.00901381909073573,-0.0010752264967964775,-0.008089166019832006
2016-11-07,0.03128690256102962,0.022056923867256772,-0.00850134635225852,-0.018007861361529542,0.01346546758560696,0.014424908384170987,0.022495849690763237,0.01846954770222453
2016-11-08,0.00214639978843989,0.004503689036410519,-0.004057950007431588,-0.004175211869501427,0.0033429713129176086,0.005887010311260266,0.0072019384263368735,0.009891444762076818
2016-11-09,0.04598057010224155,0.01060231275511514,-0.04243180157318138,-0.0006576934516285826,0.027851312000260142,-0.001621044388547599,0.011018294838287757,-0.014225618145842556
2016-11-10,0.04641616786578573,0.002495405801005157,-0.0147709756145471,-0.014889746585601271,-0.006399950439600066,-0.027867417079595502,0.009275345049424288,-0.031464448953986035
2016-11-11,0.0005220891585631104,-0.002304897743374279,-0.005621762320595858,-0.02212944906788228,-0.008950992432867344,0.005937111384178184,-0.01585247013119917,0.002198268347480381
2016-11-14,0.036771477221720694,0.0007852549624449701,-0.005981819285900802,-0.008454294420749409,-0.01578468662007415,-0.02508536554221752,-0.00455254741564215,0.0034120839916016443
2016-11-15,-0.0018871156226896169,0.0078028565955086115,0.004945890323084345,0.008698666186558013,-0.002401249172565012,0.01324407170795805,0.018058346557559668,0.006558088949120355
2016-11-16,-0.02469724020649311,-0.0018779432426581089,0.009023141233070353,-0.002988440021410854,0.000344106042568848,0.026888168671697965,-0.012324697151529729,-0.004343428199813815
2016-11-17,0.008010371401343086,0.005140581041581216,-0.014714219307746634,-0.005138293152093798,0.001804543754341692,-0.00036354382794856477,-0.006063885024609861,-0.0033930007760263337
2016-11-18,-0.003973578581108472,-0.0022379396077788494,-0.0028879004311040957,-0.008780207102896287,-0.003541554671724456,0.001000467281861983,0.0005865617142837287,-0.005106985804610109
2016-11-21,0.004375926030738775,0.007551684845999107,0.002482358369070292,0.0037342622620732957,-0.0031205969434826564,0.015173402839050665,0.014188657244204705,0.010999526836843687
2016-11-22,0.006149596405719215,0.001953232998934906,-0.0003304374529993215,-0.00034608855246254233,-0.01965234166023655,0.0006267206341945553,0.002196650354096441,0.00024182035916164857
2016-11-23,0.004202034321986625,0.0005440388236706006,-0.0038805285732845807,-0.019819983532816443,0.0029269807569405337,-0.005098500587136345,0.002769052650454684,-0.00604286015383404
2016-11-25,-0.0003802343112749851,0.003715267638173536,0.0014919246709379497,-0.005651208738617575,0.009374868993651475,0.005034513519186268,0.002300761252511885,0.009970614164157787
2016-11-28,-0.006469628540716865,-0.004694379368771928,0.0073663397367507155,0.010567466787642088,-0.008761918965342286,-0.0019680005600822836,-0.007460807859072771,0.005297212454066891
2016-11-29,0.007660576377955808,0.0019500664007188195,0.004190479925674007,-0.00465734968785847,-0.005745782160626156,-0.0009860892310433744,-0.006592010176621921,-0.006038385686297776
2016-11-30,0.01583912487767858,-0.002399295621410502,-0.016200409348640088,-0.013419234467324848,-0.010490788953219088,-0.008433397079574356,0.016297783168963687,-0.019441193544735835
2016-12-01,0.020207031252879704,-0.003675129903735086,-0.010558030259687046,-0.0018791864382340373,0.0007189402433158687,-0.009319569062106181,-0.0006869988451471132,-0.004460846332779211
2016-12-02,-0.0023231867818928054,0.000500434643519565,0.007327192035953445,0.005379222424209074,0.005207639209481529,0.003744723074570855,-0.0022927202219330534,0.004729964893311012
2016-12-05,0.02034309361285258,0.006008864905282296,-0.001086979806107613,-0.005350441210868029,-0.00017889642648205584,-0.007188642591969829,0.005055322865308298,0.006441748203944275
2016-12-06,0.005164416342039457,0.003167461831984353,-0.0007536719833896033,-0.0009861987578327902,0.0010718909526656883,0.007699035293545542,0.0009144000981675671,-0.001230589656912917
2016-12-07,0.00454053613778771,0.0130807707789653,0.008544537281416575,0.0035897112517579988,-0.008566740639938009,0.00982242007365075,0.005825057409245771,0.017747126634325205
2016-12-08,0.012490027229515421,0.0024488350674389814,-0.011794042150101935,-0.0023249765892273677,-0.0009900327793038732,0.009817155919034315,0.0028382987133956927,-0.0075080841534203024
2016-12-09,0.004346444919822057,0.006040517683115532,-0.012439150705218172,-0.010486673587394413,0.011442443712816885,0.01632191220966006,0.0076991007570874626,0.024890060377185774
2016-12-12,-0.008889523396687693,-0.0011477993718774782,0.001872203799617278,0.003804331187865717,0.02761456549920749,-0.005704268863209183,0.022247476328664195,-0.0023808002328067346
2016-12-13,0.0003538920099228626,0.006673740830371422,0.0035679763727514135,-0.0033387723118654122,0.004594255058059771,0.01668126874057818,0.017586177594016483,-0.0033413684181095027
2016-12-14,-0.000353766814673806,-0.00825429811585554,-0.011173130879934767,-0.014667226454942117,-0.007765899617639627,0.0,-0.021602701733175356,-0.01317008519480023
2016-12-15,0.014988675223164716,0.004117390893007666,0.0050504747633037805,-0.013691128072175318,0.007826680835346211,0.005469261861613228,0.00342196204160361,0.008250005349512257
2016-12-16,-0.012325525269749393,-0.0019558370132155556,-0.002299663382606343,0.006614558767378487,-8.607334918064868e-05,0.0012952922800724131,0.0031907621149478427,0.00457311590246845
2016-12-19,0.005768535832626265,0.0021774546401673867,0.01075632790755332,0.004997623978540311,0.0012077779430694768,0.005777272738646255,-0.008335473205354105,-0.001677517870493861
2016-12-20,0.01287602393435927,0.0038573995636796976,-0.004983078680963815,-0.007367118973593101,-0.00310293083199642,0.002657596525968531,0.00011078359586136344,-0.00023954717095331368
2016-12-21,0.002542627285902821,-0.0027826557625899584,0.004413556767786542,0.0005566152526592649,-0.0030260022118983043,0.0009408684856979654,-0.0016586901927638786,-0.0021605022023131193
2016-12-22,0.0016136841689304848,-0.001727462988569961,-0.0017874360180115678,-0.0024107755207141146,0.001127413905423813,-0.0065780471504856,0.00653495690111594,-0.00048123334853378275
2016-12-23,0.0018417899486518063,0.001464488895891014,0.002037279201552611,0.0031601819765598727,0.00450474854502203,0.0019778975668216514,-0.001760511918274088,0.001203415835326016
2016-12-27,0.0009184098744676739,0.0024807621413764913,-0.0032194508779440634,0.005837091185366905,-0.00043147228481810185,0.006350675485918833,0.0004408882478752485,0.00024050479016168858
2016-12-28,-0.007229968042297585,-0.008264353437052785,0.007308663138475335,0.0027634769574849116,-0.0069881555152317976,-0.004263793979809916,-0.004958269260752046,-0.005287122503506936
2016-12-29,-0.007052242073644077,-0.00022259089964071777,0.0035436881675678933,0.01313614088883086,0.0033884126278576066,-0.0002569728105865643,0.0005535643346150643,0.005073499756726552
2016-12-30,0.004657280234589001,-0.0036552840186171442,0.001513084899075201,-0.006165566230220687,-0.002424313361845676,-0.007795898500687293,-0.0009961591541186587,-0.003365033585942312
2017-01-03,0.01089343893623873,0.007650260142613385,0.004280694727872403,0.00784600497730814,0.0054679396417935955,0.0028492851017407617,0.006979682657650921,0.008200258715383324
2017-01-04,0.0018444352722695179,0.005949150477045251,0.0038451225004449974,0.0035303646722089077,-0.0016401149267885051,-0.0011191592293983144,-0.011002033008582157,-0.0035883485409734517
2017-01-05,-0.00920497253150443,-0.0007946808154573048,0.01565352698043787,0.015515074970534615,0.010462416725765422,0.005085342267673543,-0.014907092925357746,0.002400683314013774
2017-01-06,0.00011604154970079605,0.003577733807651473,-0.009181635452526704,-0.007372551230725999,-0.0047917009450199055,0.011148225015533253,-0.0005645043605314592,-0.0002390881494797048
2017-01-09,0.0006966235258318854,-0.0033006121152210355,0.008025810243274867,0.008232645807116912,-0.00017222052327470205,0.00915945889124603,-0.016497637099586404,-0.010062466429683226
2017-01-10,0.002901183674299812,0.0,-0.0006564394729537959,0.0042602588509306205,-0.0010317990527941578,0.0010084185846395144,-0.012752628186810777,-0.006776354493872261
2017-01-11,0.00752044092112758,0.0028258118145161326,0.003367323029022762,0.0030932255360247574,-0.012310633651115621,0.005373348048897553,0.010240844502647395,0.00024341173685549222
2017-01-12,-0.009646335891972169,-0.002509973575447799,-0.0022101112425925162,0.003612367067042932,-0.000958622343939397,-0.004175480974768053,-0.00541408793436593,-0.002436335095083786
2017-01-13,0.005333727128410404,0.0022955567663782706,-0.004758399017299464,0.0026336178800692167,-0.0001745720976288334,-0.001760902309481116,0.00011554947394154524,-0.0017090676360606016
2017-01-17,-0.03633203351028269,-0.0035232431661319508,0.010469060516356876,0.01435950794847174,0.0023561849422977232,0.008064238104381616,0.011696826241443636,0.008317359032675276
2017-01-18,0.004667922201843755,0.0022097441604009838,-0.01280791402478243,-0.008459177733679102,-0.0014799440827693022,-8.325275779064167e-05,-0.012362518255328636,0.0016981826827155988
2017-01-19,-0.007624603997574808,-0.003704584978723724,-0.006858482449606629,-0.0008706024299161008,-0.004359532631873941,-0.0017499044759168303,-0.017964876302587807,-0.0036330420765859905
2017-01-20,0.004441902107862994,0.0036740452153136705,-0.001997185368968535,0.0024397178433506195,-0.00043751552187920595,0.0018363776507768215,0.013690599085535826,0.004375372571822522
2017-01-23,0.00047805355979546604,-0.0026018731611255896,0.010004745379829538,0.006431967354547874,-0.0021027102205241066,0.0006668511354328555,-0.010711580599550352,0.0026620528553045197
2017-01-24,0.012065230913121061,0.006411608950851466,-0.006851451790910956,-0.004490925540628465,-0.018874613864579004,-0.0009160676174999605,0.0014122875898896492,0.011344477423623545
2017-01-25,0.015462882790876709,0.008655526532788338,-0.012551269546644317,-0.008241493674922662,0.009305894181613539,0.01592059199002338,0.0029381786882991534,0.0052508354185787365
2017-01-26,0.008369024622320698,-0.0010456714043218795,0.0033675066486389404,-0.009272197003353577,-0.008510713334477282,0.0004923556312341759,0.0030466101723647387,-0.0073601324697256665
2017-01-27,0.0020749195706111223,-0.0015696081218158353,0.0036071725757746975,0.0020306880028342356,0.013769544548284385,8.213220647212971e-05,-0.0010510988302639968,-0.008610147336436058
2017-01-30,-0.010353003277002948,-0.006201554106874618,-0.003009302002304759,0.004229477187142061,-0.0022048824766742747,-0.0026241396372148618,-0.007601617991592091,-0.0016888214712609262
2017-01-31,-0.016273565246621713,-8.791282722897531e-05,0.006958706136605208,0.01386331327657886,0.0010604408417815847,-0.0023021548603012754,-0.011430576302324025,0.0045914065115368885
2017-02-01,0.0037813942715008153,0.0003952141936329756,-0.006182886340427407,-0.0030290445198761784,-0.0001762470835564578,0.0609807629781014,-0.011324345138088665,-0.00745745194835068
2017-02-02,-0.00423799959960991,0.0006593382812507542,-0.000419986436997144,0.005555550404536591,0.0030027589235024355,-0.0017085663484357472,0.006148831615242711,0.0033931359435079855
2017-02-03,0.03061856484358505,0.006892740956739196,-0.00042024656417272155,0.0025034610211953634,0.0006161285032668662,0.004279081132186002,0.001078664719175837,0.0033821568517575784
2017-02-06,-0.004703018109872836,-0.0017875675630156795,0.006050562612178512,0.013519329475210506,-0.0021117120951815727,0.009373571498443756,-0.002753363393954711,0.00048096361560223677
2017-02-07,-0.0005762461492327953,4.365274397000185e-05,0.007350637986258235,-0.0020390643159921007,0.0007054517967597373,0.009517447444623128,-0.006481961410667925,0.008181024306654239
2017-02-08,-0.008764014277997112,0.0013104538959687329,0.013598553566423144,0.006214910289660258,-0.0007049544853513501,0.0038774749434373756,-0.0065836091302463595,0.002864231090351499
2017-02-09,0.014425547438351005,0.0059328412603034675,-0.011534714346278063,-0.007614870186038569,0.0059964275376476195,0.007226259135798774,0.004418629381760075,-0.018324612120777295
2017-02-10,-0.0022939552106340244,0.0039458590609187105,-0.0005790021379554755,0.0026430007347089113,0.010168252394726629,-0.0022660246907546533,0.008308602014544197,-0.016242585137120735
2017-02-13,0.013218402258985407,0.00544254767959873,-0.0031470138381179957,-0.00680268225121905,0.00555384861374475,0.008855943264580723,0.0058167682895684525,0.0009854418651837893
2017-02-14,0.015995881838916315,0.003995701562632847,-0.007226603724612257,0.0011129901542927811,0.0041422095120262625,0.012979248944846367,-0.0021685784397649233,-0.0022156293469003385
2017-02-15,0.011500280295883014,0.005219890156897611,-0.004602500138348176,0.004447076385096116,0.007218900399959427,0.0036293117947616693,0.0041051444302657725,-0.0022204227664200937
2017-02-16,-0.0006624663603129743,-0.0008512464545540332,0.00546398903099532,0.0053640263872472005,0.0075084507539355805,-0.0011810085156029881,-0.010341542166305229,0.018793350290057242
2017-02-17,-0.0033133372347295964,0.0015763665498369495,0.0059362642064344495,-0.0033875467452244568,0.006605461653618194,0.0027335528795495723,-0.006561070161519078,0.0007278970867130585
2017-02-21,0.008644357314578466,0.0059552445804695875,-0.0017456099817070303,0.000594830851824435,0.00673071039079387,0.00722076138138017,0.001589800587932233,0.0055789514391484385
2017-02-22,0.0005493999226706681,-0.0008877774126468951,0.0016651558915130593,0.0013588421410561935,-0.001169955973863046,0.0029995565762617193,-0.011723176402951396,0.00337639526942346
2017-02-23,0.0007688881621130683,0.0006770171500263267,0.0029922151739079084,0.008735465586520386,0.018239556156145476,-0.004230422278205248,0.01050299801218979,0.001442535777013365
2017-02-24,-0.008778822037827538,0.0012687356775442638,0.011104852649830077,0.006389730042341002,0.015136703741909008,0.0009525256016196249,-0.008559630164178378,0.0028801773492215244
2017-02-27,0.0011069630873847824,0.0015628411300625533,-0.005901291714215606,-0.004845398633643638,-0.00268907770345983,0.001975180583538183,0.005673668677721899,-0.002632989305513367
2017-02-28,0.0021013050689366874,-0.0026990381864808732,0.0037097403863322054,0.0009234436519076628,-0.0015520493533062174,0.0004384589707482345,-0.0026980750308890356,0.006959601975212282
2017-03-01,0.03288445911155358,0.013997407102190218,-0.01675604089055882,-0.0014258642418292222,0.013501311325893273,0.020439515384050866,0.02090496657789065,0.004766566940382466
2017-03-02,-0.015598273445267097,-0.006297362399871553,-0.0035996679917870145,-0.012430671576410313,-0.0018569506673067337,-0.005937484978539742,0.003372615936219958,0.007352907645955087
2017-03-03,0.00716326696603109,0.0006297931654837274,0.002604113820058762,-0.0005953367386808406,0.0012942365125778732,0.00590071262406755,-0.010084114255282772,0.00023563838657958414
2017-03-06,-0.009482776002471938,-0.0029781340172941873,-0.004775565735536613,-0.006722839768239508,-0.0006462023994542321,-0.003147838319389029,0.004487188581115076,-0.007062055268683531
2017-03-07,-0.00554842092586294,-0.0029868807129097563,-0.0030309588827390765,-0.008053482107396648,0.0009697317038535047,0.0012922116345492896,-0.0037426390783996677,-0.004504688740247231
2017-03-08,-0.0021879828343658314,-0.001856889079418278,-0.005404314536361143,-0.0062187012290058075,0.002180516883961703,-0.003727501863750926,-0.018055851955203428,0.0
2017-03-09,0.003946811752212787,0.0012684671134828296,-0.007980825424392046,-0.005127727710842245,0.014907361329551616,-0.002301762637780258,0.007897971361733092,0.0009521071077762677
2017-03-10,-0.00316668984626578,0.003504343867809512,0.003508486229770069,0.002183978311645074,0.0020641995244052858,0.003316499244448101,-0.0007345142200576582,0.006186346928959807
2017-03-13,0.0008763965356257675,0.0005048253611379394,-0.006310932774923894,0.00017430825360542634,0.0037242004170057186,0.0004314355114853896,-0.0023282686668159025,0.0026242097457207514
2017-03-14,0.0016416705965967004,-0.003826526050508372,0.0048068181459433035,-0.005403478549159346,0.0029205330061978785,-0.001508542854821604,-0.005281414124197803,-0.0014274978083024248
2017-03-15,0.0024039799699737685,0.008653207882898695,0.012214985027200642,0.018664539100545552,0.015033537770092531,0.010576466669739215,0.012470649943122858,0.0035740278069813503
2017-03-16,-0.000981029583392412,-0.001966905854283052,-0.0050635882627166895,0.004129061134912737,-0.003877137285269283,0.0016375878842944669,0.0008538693814816867,0.003086403367902557
2017-03-17,-0.010475874252734996,-0.001755983655101545,0.00627664242463899,0.0022273151662723922,-0.0031139354465646862,-0.004975728055649831,-0.0008531409105801968,-0.005207184064051296
2017-03-20,-0.0071680827963204186,-0.0010970199893727273,0.004298624031404241,0.004444860945005624,7.822590104900051e-05,0.010500678958284437,0.0,0.003568986346574654
2017-03-21,-0.02932351436040026,-0.012839595402641346,0.008308814296506872,0.008765200923941618,-0.006402891752341877,-0.011452226330305182,-0.002073133318102105,0.007586085790456831
2017-03-22,0.0016020199508710586,0.0023531839576800273,0.003995888845925055,0.0024464392887426634,-0.007779754329077293,0.011299187563561963,-0.0008551527032369943,-0.002822825799649542
2017-03-23,-0.0015994575879046957,-0.0010669741857610715,-0.0014102322980857895,-0.0013464921286193698,-0.002851296331521702,-0.003535928939596089,0.0012229127388356797,-0.004955578050144682
2017-03-24,-0.0011440917793429373,-0.000726398822805896,0.003570712007270105,0.001601099219161739,-0.00333607643709799,-0.0019869966533868633,-0.007696285004503256,-0.0011855318476634569
2017-03-27,-0.0005728133406252001,-0.0010265691918799336,0.00454973286571958,0.005636868294673025,0.0025502319542942686,0.0017063966984933732,0.00024644673019702523,0.004748117970214238
2017-03-28,0.015589138292094074,0.007277040756684228,-0.006670193495865506,-0.004099371444605038,-0.0011127271795197125,0.020727238763160516,0.007261788275441772,0.002599466176978815
2017-03-29,-0.0037245156498763032,0.000935108437492449,0.005968535608386283,0.002436163586163831,-0.00588918272519956,0.0022251593524547086,0.0021987546696384808,-0.00023559352200464012
2017-03-30,0.008609564634106892,0.0031841730898276577,-0.008076024991559239,-0.007206910225050711,-0.002081377058200773,-0.0013184304525931667,0.020483119213009493,0.004242940622072755
2017-03-31,-0.013366167768116721,-0.0023277631127532894,0.0029077484289234956,0.0021102388572973307,-0.0008823767850603126,-0.001875929849354363,-0.02019091855360755,-0.003755349414986009
2017-04-03,-0.0036427619636899555,-0.0017393623645152179,0.010086134572989014,0.005306580584065079,0.0011239737523713877,0.0002785740685236071,0.0007315388698372338,-0.0007070928175175739
2017-04-04,0.0033324807740418017,0.0006373730932598409,-0.00542438627304942,0.00226228970182607,-8.018244067620195e-05,0.007445989604636161,0.00365543979344074,0.006366181433115292
2017-04-05,-0.012827911643651713,-0.002972438248953213,0.003058010967293301,0.0,0.0009625818387741791,-0.0051804779482999,0.0019425462177087294,-0.002576944573901674
2017-04-06,0.003364798695216553,0.0028111010010327675,-0.0014826220368093779,-0.003678334988324816,0.0020032665430775864,-0.0024998673088270085,0.005815784280755132,0.0023489030732477545
2017-04-07,-0.0034689629243676023,-0.0010195301544064783,-0.004043178970951078,0.0023493772325884343,-0.0010396851558195364,-0.0022272134686425193,-0.003011244812959779,-0.0014062654829144483
2017-04-10,-0.0034813775911267664,0.0005954954024438575,0.004638806543210361,0.0,-0.004643041631003819,-0.0011858914849397495,0.004470504777839501,0.001877442477644431
2017-04-11,-0.001746429703595842,-0.0011902070332037162,0.0094836159887286,0.014481863135711759,-0.0009648976954647059,-0.01075673045211023,-0.0034885252958093416,-0.0007027141694937455
2017-04-12,-0.0038493670415784553,-0.004381551565658448,0.005472426129175423,0.006848701913851896,0.009499382269492207,0.0012005595383808298,0.0015694203375886673,0.006563198271987369
2017-04-13,-0.011709633926949126,-0.006494997527409452,0.0030874114864540836,0.004753334264967268,-0.003269649628431792,-0.0052893309064515615,-0.015427434398362805,-0.0034931156094040183
2017-04-17,0.017298637653374582,0.008859891522154939,-0.0030779087157308815,-0.0029363834815019363,0.005840447616637157,0.005530136234296323,-0.0013464551817360393,0.006543734995478667
2017-04-18,-0.008152885722897851,-0.0029841950029061426,0.01307997362051938,0.004744779460001958,-0.03102112469552365,-0.004442056308884057,-0.006496807021719397,0.00951922464265742
2017-04-19,-0.00821944412895137,-0.0018387386592256805,-0.005452798063263931,-0.008874746300268521,-0.003694103145822303,-0.0036829186844106188,-0.006909393391668961,-0.005749359260266984
2017-04-20,0.012905104505617215,0.008139437779412617,-0.0038706969182162876,0.0018893922713916211,0.0041194359406975245,0.012510917199685778,0.00646046783017451,-0.003238799860719066
2017-04-21,-0.01203978246073134,-0.0031871790781440312,0.0,0.002869780885113693,-0.0009026579040283256,-0.001193848135330966,-0.003950103670489535,-0.0004640880198655273
2017-04-24,0.035258177704589944,0.010997970998362305,-0.004937089131305639,-0.0067859882121455994,0.009280666403294946,0.009629971836765394,0.005205040548162065,0.004875717694033943
2017-04-25,0.008685915118548326,0.005818756563618965,-0.012039533867311714,-0.010125150830952667,0.00439423161304453,0.006195916046981109,0.007643939029195135,-0.003927841658582287
2017-04-26,0.0019260161274605725,-0.000628843559430603,0.005516052110242198,0.0049064144523129904,0.0006483261517007399,-0.005880980147365489,-0.004037599505154477,0.003015585061342696
2017-04-27,-0.009272971742583125,0.0008389610026326988,-0.00032696075317462103,-0.003723907331012466,0.0018619738737835068,0.000765052564327906,-0.0017202557918002404,-0.005319143934920723
2017-04-28,-0.006962843893744797,-0.0021796032084044903,0.0022115464077359093,0.0031563855415273068,-0.0021817849005737466,-0.0009733242335114856,0.004799809294803614,0.0032551309460875366
2017-05-01,0.0006894443803788786,0.0025204145949739853,-0.008313268124139794,-0.00910820985920957,-0.001052750591585161,0.020397085296599116,0.005021147124302239,0.0016221080620997252
2017-05-02,-0.00643198446898785,0.0003772632375675933,0.00512083839390165,-0.00016709821486071696,0.0029184797570716015,0.006344103497924136,-0.00012159267112055172,0.003933411847927504
2017-05-03,0.005780193207611362,-0.0012147816935849098,0.0006567624652684678,-0.013957360197643709,-0.0029911290536643875,-0.0030505958376871867,0.007921957086125975,-0.0016134873298612185
2017-05-04,0.0011497084024214566,0.001174018200463145,-0.004926468771175863,-0.010086475737808298,0.005027406018714542,-0.003603860703559447,-0.012817366738680946,0.007848665196664717
2017-05-05,-0.0011483880909840538,0.003937031146599601,0.0009075158882676515,0.0018837333588366256,-0.003549881835840485,0.01658390693893863,0.004654124319063868,0.0006873347428448806
2017-05-08,0.0011497084024214566,-0.00016692635441817316,-0.005441382567742625,-0.002222050521183405,-0.002105296839292836,0.02718787455064997,0.010607704136762042,0.0045778435211754065
2017-05-09,-0.0040184077586258304,-0.0009181010031830139,-8.255681238134027e-05,-0.005995691205500697,-0.00032447697828663635,0.006405417478619446,-0.006997528436539113,-0.008658104396765287
2017-05-10,0.007838726563147436,0.0017961124631507008,-0.0011613074992886663,-8.61881599950598e-05,-0.003246461290967839,-0.004740572248053687,0.0045378638355206835,0.0013789410956448478
2017-05-11,-0.003088242519283968,-0.002043030737323037,0.0,0.003964142371969848,0.0031755452119750505,0.008648241158393022,0.008545645773002652,0.0022953425506284653
2017-05-12,-0.0027534965181494897,-0.0016707583171816642,0.007553331067725377,0.0028326337429585013,0.003571413467253759,0.01396561798417606,-0.0007261713174294693,-0.0018321619126541178
2017-05-15,0.004831895576010714,0.005523541639798513,-0.0027185722374371,0.0026534071191921527,0.027094794609426875,-0.002562257398694645,0.0030286695840604505,0.003211702217331247
2017-05-16,0.003091313697355824,-0.0009158758992929839,0.0037174800226642546,0.0043537829852127174,0.006142425780150562,-0.0014774575522675804,-0.0030195244422239753,0.0027441242701422563
2017-05-17,-0.03812370218680239,-0.01774379084160449,0.01456603655530131,0.018189539837597968,-0.008609297000511051,-0.033575569328618715,-0.006783556480169817,0.0018245256673663501
2017-05-18,-0.003678298294352844,0.004028457753337378,0.0011359298315603006,-0.008181011348556977,0.0023684154565630777,0.015241225382395696,-0.0029274113399897495,-0.002959295543981777
2017-05-19,0.009766312920169717,0.006504032934075976,0.002349812069576851,0.0049659454541624015,0.00023591802812483742,0.00340880196321125,0.0022023347541877403,0.0022831733673245314
2017-05-22,-0.0009437132600674802,0.005077717054266628,-0.002748330836135904,0.004187604636601616,0.002047520813094561,0.006076111941483386,0.004393742203929518,0.006378276307235531
2017-05-23,0.012515264726788544,0.002212699485269809,-0.006727874584618432,-0.006338633249028169,0.0020430280383911814,-0.001233658219442768,0.003524234731388187,0.004752986202766429
2017-05-24,-0.0005834496560293001,0.002332752980707342,0.005630979426724858,0.003944948993712671,-7.855715105986594e-05,-0.002991312781247424,-0.0035118581190333176,0.014417728072141811
2017-05-25,-0.004200289724529904,0.004779295769866687,0.0003246255338831272,-0.0010868426783263718,0.006789366797350871,0.00345642650855571,-0.006562403827554575,0.00843902618495207
2017-05-26,0.00011709076691368558,-0.000206515181821465,0.001703389673977762,0.00887175702052101,-0.004783171714340506,-0.0016891882866846286,-0.002446173855959244,-0.00044048948946862065
2017-05-30,-0.01710363453517616,-0.0008688567198775754,0.004940417002814446,-0.003318413164433487,0.0014969957361590236,0.00039025818800952905,-0.005518328075742707,0.0008813672119305505
2017-05-31,-0.02085859385630029,-0.00024845021780117715,0.002498032519177462,0.003995366733579031,0.008968779032727525,-0.005921778301057334,-0.007398178382970744,0.0008801436329974877
2017-06-01,0.011077549486270044,0.007952163530076994,0.00010440558130597744,0.0008290372396291268,0.004132660920848519,0.0027494843573228067,0.002484651495677781,0.00703763965916937
2017-06-02,-0.005056446729176267,0.0033285518852841367,0.011840839486014998,0.0073724269437449585,0.01009449976369714,0.014819063803551025,-0.014869974309099532,0.002183837449776904
2017-06-05,0.0018153714651705233,-0.0007372002229447672,-0.006209097438902633,0.0009867835373715828,0.002152542279989289,-0.009777947668597298,0.00779866874061419,0.0021793001809644608
2017-06-06,0.0020532692300452293,-0.0031968187416355764,0.005446944437938361,0.011254375087548674,0.003605560870434843,0.003377806413655815,0.013604295664962462,-0.00021768816932221657
2017-06-07,0.011451241201784423,0.0018503840223267343,-0.004780118334253958,-0.0052802724121523426,-0.0006115823074231974,0.005957024430208513,-0.0036938695308437186,-0.010221855964716697
2017-06-08,0.012394076613432725,0.0004922782047391827,-0.002641542438098554,-0.0065332416684456,-0.0015296299989431272,-0.002445718717055234,-0.0035844146069318183,-0.008349796788185815
2017-06-09,0.023660964236233983,-0.0015178647997429184,-0.0015251853001820859,-0.00912454251071615,0.007506661940856585,-0.03877711077845425,0.018730005947129813,0.004210051468321208
2017-06-12,0.00022984578938078926,-0.0002054051711219973,-0.0003218454185905939,-0.0014932827593217013,0.002204918253710053,-0.023895444751158013,0.0097408056742192,0.00022068220629734014
2017-06-13,0.0033339018432374523,0.004889995401719416,0.00016125253982690602,0.0009970317877492363,0.0015171396102571233,0.008045753609310813,0.0003617529888120252,0.0015574394359316734
2017-06-14,-0.0020621575999146824,-0.0012675175506453584,0.015435892633924642,-0.00547811789275976,0.005680988074859172,-0.009755173445308185,-0.010728215705125721,0.005995750230504582
2017-06-15,-0.005970984239921151,-0.001924420032084262,-0.0015832205217666262,-0.004172926066378535,0.0020335351617839503,-0.005993812838360424,0.0023150876837902956,-0.001103788989371024
2017-06-16,-0.004504885130379832,0.00021849058540057698,0.0019829080719369063,0.00016758836001962152,0.00984673364805344,-0.013999017968621685,0.014952817305305288,0.0013262332069590155
2017-06-19,0.021931028667848018,0.008324923150659469,-0.0014248965747908349,-0.007625239321596311,-0.0020840558532783104,0.028607383752563997,-0.008743589991330292,0.0015447406897002303
2017-06-20,-0.006245406691341326,-0.006744092810336277,0.0089561865608343,-0.0021109516115493943,0.001118649631024704,-0.009088497546899998,-0.005437440976840735,0.0050683670297009265
2017-06-21,-0.004570173939057232,-0.00024686416763353147,0.0020425145036688797,0.0028769363429739236,0.0051408969873500965,0.005930621760013022,-0.010569789855478073,-0.008551036123530253
2017-06-22,-0.0011482363000986373,-0.00045251540246948885,0.0021950937698831385,0.0033749707830617037,0.008450019074617066,-0.0016455538541567671,-0.004420458018099982,-0.0033173372307763183
2017-06-23,-0.00183850648575834,0.0011940478924832298,-0.00046973885718626374,0.004288615406013552,0.0027932150830169977,0.0044637201928467984,0.006536605304995335,0.003994143771505643
2017-06-26,0.004375126227129655,0.0006579794413195117,0.003756739193054859,-0.008959220397639522,-0.0006600661483491255,-0.0031446413634145243,-0.004533831769663932,0.0039779198768450375
2017-06-27,0.009284570978394191,-0.00805603060681126,-0.010681353334954014,0.0038019343183650633,-0.009754816253838894,-0.014333144091976946,-0.001600183373574482,-0.008364569640173736
2017-06-28,0.02010237367042378,0.008950357094738903,-0.00331022095335598,0.0007575454013519778,-0.008814120648059753,0.014611122779418118,0.005178254594470966,0.005993202221708627
2017-06-29,0.014807055845528883,-0.008788760918894911,-0.008381459184987117,-0.00487806411784153,-0.008817915603787307,-0.01474346550419181,-0.010180107012919382,-0.010811804576279171
2017-06-30,0.0027429266090810422,0.001864542500395805,-0.0023123627438313976,-0.00253552275635216,-0.0026386918308639595,0.0023666294829325363,0.0003717493577275466,0.00044591959954942695
2017-07-03,0.02035198596353016,0.0016953097953749108,-0.003219593673840504,-0.016353163532217163,0.004611139672455744,-0.0036108035955968454,0.016970128045781685,-0.002006193339451623
2017-07-05,0.010026810715513035,0.0023124005104937506,0.0002413445274316306,0.003704025486608087,0.005568197299982147,0.004111878570624006,-0.015225307777271824,0.0013400757536941033
2017-07-06,-0.0032022023193760685,-0.009144663834963485,-0.008273894707634288,-0.00042907160833882685,-0.00838073131148731,-0.00943889264688813,-0.009029235298825267,-0.00937067553456794
2017-07-07,0.005032903455705728,0.006484908991371441,-0.005993691305135163,-0.010217244173899132,0.0001509273223776475,0.010159305410439634,0.0012481115780411667,-0.00022545966355191904
2017-07-10,-0.007032249940132629,0.0010743014901137826,0.001466590031573789,0.0016481821948142183,-0.007469554012959456,0.006103431850446928,-0.0007480184203872975,-0.00022505630665792253
2017-07-11,-0.0038631173900989246,-0.0007429100298721458,0.0017086898050207022,0.0012990519121258703,-0.002432643510228538,0.003240003255305046,0.005488936907450892,-0.001126784174321438
2017-07-12,-0.003447117895126084,0.007514943006172947,0.006904617844544436,0.0035460648934031447,0.0076204002098034795,0.0014428703663846854,0.004466528523702662,0.004060248451866144
2017-07-13,0.006377545811384611,0.0016801712807703595,-0.006292551765930576,-0.0018098688846157618,-0.0027982052844404137,0.01392900488928217,0.00012356531616308786,-0.0017969555713266416
2017-07-14,-0.009129758947851507,0.0046640068352565844,0.0012174211591351458,0.008202356680584888,0.0056121884809527955,0.008594308685002883,0.0038285080408912986,0.005626672859406545
2017-07-17,-0.009322354623310769,-0.00012211455217236988,0.0027572090176897213,0.004453235312239068,-0.0033937419748562014,0.003489073904447748,-0.005167214592328051,0.0011189929852823965
2017-07-18,-0.0035016440290265294,0.0005295613728810711,0.008733061240237427,0.006991215691223296,0.017480025767910412,0.0034767227229801634,-0.0032155470329077174,-0.0013415385988432282
2017-07-19,0.0014274917682548516,0.005414018087462669,0.00040064713600096447,-0.0002539901713815018,0.005577824841512147,0.006263259579078806,0.003102084831056562,0.00358216675389067
2017-07-20,0.0,0.0004452556918486117,0.0028844520090174353,0.001354979930841882,0.010058586971493533,-0.004502338322080357,0.00012345234012456352,-0.00022318467097970363
2017-07-21,-0.003398896917263472,-0.0008901861049543935,0.004234839434714921,0.008626558617128577,-0.009226376124335633,-0.00046556895052096703,-0.009151557857716486,0.004685787610092085
2017-07-24,0.004290635592163472,-0.00024327879223351445,-0.003898860530362702,0.00041921366315400554,-0.01699789911660121,0.012111087452844282,-0.003120314396775292,-0.0042197705957277565
2017-07-25,0.016652086756110185,0.002430819208266044,-0.013018881874721555,-0.0032687905257637873,-0.008495393702730114,0.0042743404869276524,0.00500778857356754,0.008920675591838734
2017-07-26,-0.009374936062662598,4.065903397965087e-05,0.0016186102927466806,0.008072646310579357,-0.00705195649971635,0.004713540489277301,0.0012460627509756073,0.011052529486132112
2017-07-27,-0.004133770669248471,-0.0009295852478845568,-0.0049281902293855095,-0.0007507202198242524,-0.0009161973625597675,-0.018897493701924728,0.0057235395060999394,0.008307325532664445
2017-07-28,-0.0029491080723090812,-0.0011732010177921692,0.005926884310734071,0.00751316068954333,0.0077963494366171116,-0.007040602361311765,-0.01521700277516791,-0.0023850518245761565
2017-07-31,0.0056967246300800856,-0.0005669180124066031,0.001210603274151012,0.0004971211979458712,0.006598255619779447,-0.005150035886490878,0.005527837192395024,-0.0036947516800625024
2017-08-01,0.01339888240991205,0.0022285479669623687,0.00702109961913755,-0.0008281447132181263,-0.001582201753461021,0.008875125736106826,0.001623889573237891,-0.0030540916746505387
2017-08-02,0.0008599005605909316,0.0004854791751864873,0.0005616042181875169,-0.002072109381170417,-0.0026412800723091268,0.04725053536522439,0.005363469058795367,-0.002407081301420977
2017-08-03,-0.006551394582474224,-0.0019400520166379387,0.010343855766711929,0.0015780299800982611,0.009004119908224473,-0.009990664651297054,-0.0013645846548541174,0.0017548285979569478
2017-08-04,0.012540628465122605,0.0018221875648920527,-0.008491619239446857,-0.007794965092940864,-0.001274677701716187,0.005270912672606931,-0.003478831257804571,-0.0037223680914020285
2017-08-07,0.0038436273946522714,0.001859321026371763,0.0011203645889517055,-0.0011700742821816323,-0.002402576455997285,0.01547392970549355,-0.000623320236596836,0.0030771350927334407
2017-08-08,-0.0036165595793700156,-0.002460965419487149,-0.0035982372648553085,0.0029286123995053703,-0.004440960895860324,0.007996858406635221,-0.002494906896141069,-0.0008767841602353998
2017-08-09,-0.0016011528631516558,-4.0259312575452455e-05,0.005456945479247244,0.012097421498903138,0.007257982167105048,0.006122103324834427,0.0031264160200723534,-0.0002191949565042428
2017-08-10,-0.014326806039700712,-0.014115469067212394,0.008539291511925784,0.0074190218777654415,-0.0010511541144400116,-0.03185203454843866,-0.005916265874799986,0.0032906353050021764
2017-08-11,-0.008352560892290417,0.001476915613063845,0.00047475171668409644,0.004745944156777204,7.51404774708142e-05,0.013906915571436862,-0.009624100519142975,-0.003279842539347211
2017-08-14,0.01170417218691111,0.009913161935546588,-0.005141286569618098,-0.007085289845225495,0.0028551236085381237,0.015049323931167535,0.0002560260540858117,0.00460664619219231
2017-08-15,0.002595078515343241,-0.0001217715582657597,-0.004213429324485984,-0.007709931316675189,-0.0007491360681032289,0.010948009174381435,-0.00242885606431531,0.008514680802920838
2017-08-16,-0.00690167057283575,0.0017444653784088882,0.0036730166942884335,0.007356582616572016,0.0059228241175823815,-0.004022265155121385,-0.007304093025911618,0.00021661338450296164
2017-08-17,-0.015636940969971924,-0.015591016071128116,0.0074769793732616385,0.005087348020141658,-0.00842208944916134,-0.019198385247597538,-0.015618759941879778,-0.007359114235487296
2017-08-18,0.0009928670872521028,-0.0015629584974969912,-0.0002364238974852384,-0.0015511047050799087,-0.0030814031589943003,-0.002280593510402995,0.0049829788860278335,-0.004143070290410611
2017-08-21,-0.001212336150196447,0.0007827387479768522,0.0024483117990916625,0.0037612352656934966,0.006182076007349435,-0.0018412690291937928,-0.003392629345003173,0.00021885895351658746
2017-08-22,0.010261570427300803,0.010456976281855157,-0.0038605355848926326,-0.004480311519932001,0.0093671490054279,0.01634738093328192,0.004713285216367602,-0.0017513712656603841
2017-08-23,0.0012012670330703301,-0.003585613853701042,0.006801238696466871,0.003764005301683415,-0.014105609291428678,0.0012514415563262826,-0.0016939578017185486,-0.001315611887197865
2017-08-24,-0.0016359434562314146,-0.002330668993746232,-0.0036919906621124543,-0.003097719565420043,0.0006775939165095668,-0.004437581783586997,-0.003654817115936071,-0.0028547271290612075
2017-08-25,0.004042842808090086,0.002336113701516318,0.0038634261445980034,0.003679752595251218,-0.002802239881169788,0.003704133684448996,0.005109538118982293,0.0035234581415770627
2017-08-28,-0.003156206332548095,4.099094423182237e-05,-0.0006285109405328448,0.015887278895027057,0.0004560328473355302,0.010071271581021835,-0.0032588487151462564,-0.0032914159050260183
2017-08-29,-0.005458756811680732,0.0011451151313770502,0.003222844780534473,-0.0021654043401577727,0.0035675596995916603,0.008918630504880953,-0.00026133661612937065,0.0006601906795813406
2017-08-30,0.00230567217899158,0.004737270020877871,-0.00031355852008396745,-0.0004822179671816196,-0.00862232662109308,0.0027008966562707126,-0.004578339569420886,-0.0013199538382132614
2017-08-31,-0.004599675658999325,0.00601620110962342,0.0029776975242381543,0.011740101940391323,0.009918077040514728,0.003978971986276614,0.0030224229761224297,0.0035250103275039635
2017-09-01,0.008911566032430818,0.0014144345819215864,-0.007649136096304354,0.0019074699121892635,-0.010123307360062839,0.00030458518543596824,0.0031440760020946534,0.005049230243858949
2017-09-05,-0.023882387528854188,-0.0071824666576650875,0.015858033974608388,0.011105834943620163,-0.008623767054602882,-0.012008283392413222,0.007966823614110607,0.003058204986935209
2017-09-06,0.006703199598704135,0.003414043678553469,-0.006135643783638067,-0.005099651110526904,0.005927484240739078,-0.0010487666911941362,0.020730488414995918,0.0008712185907970849
2017-09-07,-0.017534288045273683,-0.00012159399920086411,0.010236990106592847,0.010409331674411604,0.011632644452438834,-0.004014866669627026,0.0031734205974600638,0.0069628044677849665
2017-09-08,-0.0012426004489162201,-0.0011746982039732012,-0.002165440472141844,-0.0012487602904230899,-0.009153443398903227,-0.0163091454712605,-0.0026570699003807263,0.00043162162630183687
2017-09-11,0.01549464078120466,0.010666170355983606,-0.011938203903801181,-0.013909500369754801,0.01702532097144327,0.018092903880977174,0.00545506990936695,0.004751885992186233
2017-09-12,0.01225109022349935,0.003370395804877857,-0.005256462311755916,0.0029320477853174154,-0.004353725340782599,-0.0039631987671806534,0.0031549559750885248,0.00429915058241348
2017-09-13,0.0028602105658965815,0.0004799680732767708,-0.003943958624204158,-0.007506297144185492,-0.0013575665126374092,-0.007522277019307633,0.0033961266689854774,0.0032107220855710494
2017-09-14,-0.0019745228209946397,-0.0003198719950596729,0.004117678196616348,0.004378656548724491,0.013061755726689883,-0.008580725707093229,0.0040117919033886285,-0.008387513828541415
2017-09-15,0.007144771634058689,0.0013460965516622903,0.00039433376288933175,-0.004993697404288455,0.0020120313981042415,0.010108268882642601,-0.00024980535765051215,0.0015179959027016299
2017-09-18,0.014189229338758658,0.002127023099372627,-0.005754353546385982,-0.009320466663927607,0.006917176207079212,-0.007568181084822823,0.0002498677759597001,-0.001515695083774693
2017-09-19,0.010977287715967288,0.001001090846231012,-0.0024579100129890064,0.0020907215740946228,-0.0011820384349581214,0.0003781930423627511,0.0016230323349712972,-0.0028193056716890874
2017-09-20,0.007026026533165197,0.00036013012207880557,0.0007153701995921136,-0.008024393981386213,-0.014790382680850866,-0.01675781208889382,0.004113566472371266,-0.004349346809482069
2017-09-21,0.004545386122809525,-0.0026793592508524977,-0.0005562005406232196,-0.00760396716163525,-0.01103431858249515,-0.017171761902923022,-0.00819370812230269,-0.008300851920915564
2017-09-22,-0.0021050174339276584,0.0002005531428002083,0.002861260572540658,0.004564701313993336,-0.0027325318456560277,-0.009779316997066023,0.00037557578486224763,0.001982325503421034
2017-09-25,-0.007486889949122721,-0.0020447696416002747,0.006259560819530385,0.01046738833080263,-0.001674751512667938,-0.008822220276560877,0.013263203364706655,0.00439685566062864
2017-09-26,-0.0044624542273460355,0.0006026309574900246,-0.0018107150360929802,-0.01116196421162674,-0.0017530974952589817,0.017203493720938656,-0.0011114225221711127,-0.002626433432110553
2017-09-27,0.015795240926506082,0.003894297089334753,-0.015068417618286145,-0.009420139990778287,-0.009088449220633676,0.0071181083229827635,0.006675885385465152,-0.020408268522883577
2017-09-28,0.00210119142489984,0.0011997935346268473,-0.0029628115337514416,0.001885519931214219,-0.0021579137853161567,-0.006159661449052778,0.009333010899417848,0.006048671896713209
2017-09-29,0.00136298686281755,0.003514818670624198,0.002249412746656354,-0.005155038524978006,0.004171129880824909,0.0054798179733670516,-0.002555117700320131,0.002226429246205308
2017-10-02,0.013925228838992165,0.00433882921148232,-0.0018321421065597976,-0.006662322551317601,0.00930670312823989,-0.002011294790547735,-0.004269095270929557,-0.004665614827575881
2017-10-03,0.005266417905520848,0.0021404486003622214,0.000966034525624826,0.0004968550936175209,0.006706355166741451,0.00435599310818402,0.0015923441762715207,0.008705568154660837
2017-10-04,-0.010169079998427755,0.0011863909926586036,8.04842474135814e-05,0.002813840376879595,0.005980172757607871,-0.006473262514553602,0.0003674674084277463,0.006859995971998822
2017-10-05,0.013465307596354892,0.005924994691650198,-0.003777730478057517,-0.0053643767904710815,0.0022578686199272724,0.012444618024432197,0.002811537622579241,0.00043907216961658335
2017-10-06,-0.0017510926846127095,-0.0011388346526783888,-0.0028240832775746627,0.004729503075844965,0.0002252126386912412,-0.000578947801105012,-0.0037794329074002375,-0.0006590332765115114
2017-10-09,-0.00526199632115365,-0.001651307732843943,0.0031552562859991085,0.008175782666649978,0.0017261928956642247,0.0034768590977249936,0.003916404140847707,-0.0017585443909062803
2017-10-10,0.007468138290821269,0.0026384550873430612,0.0016134000228522627,0.002621229439913275,0.0033717543310431974,0.0003848507121839706,0.0028036554998274177,0.010130131594031422
2017-10-11,-0.002985735557153757,0.0015708522279855863,0.001932835161506219,0.0031862694835504968,0.02053810555500868,0.004169748209903457,0.004133434550065873,0.005014325085688887
2017-10-12,-0.008777171953745166,-0.0014898834658898519,0.0042597821448198125,0.000814386133850542,0.001317061593401725,-0.00351343671943094,-0.0020580735709364584,0.00021640760127628056
2017-10-13,-0.0013544807577948736,0.001217477699871461,0.007202444983174461,0.0075677460313676725,-0.0029230011123491106,0.006346358082835124,-0.00024285048314143243,0.0015179959027016299
2017-10-16,0.02065521405257842,0.0013333074775745413,-0.0007149228149587739,-0.006864791440930884,-0.002272190884519687,0.018408554166365,0.00485409319531227,0.009528293642667718
2017-10-17,-0.002248546093423065,0.0007051823753538855,0.0012725756366889218,-0.006830966568647567,0.03430755869470392,0.003690513933797712,0.0018112540027768187,-0.002144979918903278
2017-10-18,0.003789894522248316,0.0009786272084759684,-0.006591773283953328,-0.003766470931118926,-0.0007812953953475477,-0.004424539414958795,-0.002410752088596202,-0.0025795733948666966
2017-10-19,0.0012245221695124098,0.00027360562410216893,0.0017585370575619041,0.005917656213846101,0.009667700516713396,-0.023661034185467167,-0.0002419501110971778,0.004094752887903397
2017-10-20,0.014270092195574069,0.00516061413500557,-0.01061369451166605,-0.006373059753138954,0.0025340971721155015,0.0017313243712702153,0.004471958376413676,-0.0045072835890996865
2017-10-23,-0.001708701067805074,-0.0038893357892889613,0.0017745977918119937,0.0015623915833617996,0.008567819432947932,-0.0005120323944081129,0.001564055957784527,-0.0012936260506400954
2017-10-24,0.01590517661350166,0.0017567312602260188,-0.006200010727481109,-0.003858794818776823,-0.013786332522161993,0.00595520310518749,0.002763307003184945,-0.0030228744145744946
2017-10-25,0.0009906656412324022,-0.004949973907008687,-0.004779540917070557,0.00016481202311591225,0.005082986578172299,-0.004392058516022201,-0.0035940001228107477,-0.0028145993153870785
2017-10-26,0.007127239709743272,0.0012927317081816714,-0.0033381716099498693,-0.008405411255806072,-0.0038633944618794436,0.006393280631376452,0.0036069635502533615,0.003908905857114675
2017-10-27,0.0002949653410990738,0.008176320443254559,0.006616685243061138,0.004736970715121691,-0.00021138615186000465,0.03583002817534475,0.0028752675026020302,-0.003461222314034451
2017-10-30,-0.0035372154757388197,-0.003725112561076438,0.009574766775635624,0.0019023633137822404,-0.012554844367321905,0.022508513038526745,-0.0020310523363453736,-0.004558049295576683
2017-10-31,-0.007889025423443052,0.0015580244348145644,0.00032141276737829294,-0.003797565383496626,-0.004214104659242324,0.013915247182701096,-0.002274203569101463,0.0026162610333473335
2017-11-01,0.003081474566611009,0.001321764721667451,0.004452364096395156,0.003646328400454646,0.00408854194039332,-0.012718685055734036,0.0062390196312303026,-0.00391464052062962
2017-11-02,0.006638633593327725,0.00038855645273372375,0.004408883876326097,0.0006605716344769696,-0.0003569623110472042,0.007310249697843441,-0.004054555815799832,0.0017467506376436237
2017-11-03,-0.0017715519864760498,0.0033386463575404424,0.0027134870817366874,-0.004703355749990812,0.0010717547949308237,0.02611361725111072,-0.004189743383185229,0.001961586176272734
2017-11-06,-0.006212433014416097,0.0015477764620903667,0.0037412466018553747,0.008539203746005919,-0.0022842718189940436,0.010145250755914104,0.006852881886591611,-0.010876329789403893
2017-11-07,-0.020143104023632397,-0.0006953488095856608,0.00420210996199355,-0.003616953850285376,7.144928309088527e-05,0.0032137882069114276,-0.0020298804093026313,0.010336387347609
2017-11-08,-0.011240169569531111,0.0017009167661090618,-0.002210642068124047,0.0034650455582678763,0.011089538996197579,0.00818022905353355,-0.0013162225966467656,0.005223737138769335
2017-11-09,-0.0001026805239014994,-0.0036276524406233523,-0.0028488606800903815,0.004110828013571766,-0.006863896451273055,-0.0020424729171844014,0.005990157481509106,0.0010833045379783357
2017-11-10,-0.0012289388362725084,-0.0003100533688326079,-0.01507949408376874,-0.008187996581421442,-0.005628787263827206,-0.0033098997336435954,-0.0031251536881194975,0.006705672032365273
2017-11-13,0.0035892269067965277,0.0009299070857795577,0.0020951069531773836,0.0014860093226884974,0.001433328528452904,-0.00400730568113028,-0.0006026321704220017,0.003867320145490849
2017-11-14,-0.006029081742566222,-0.0023226755306949842,0.006754534414763258,0.0020608359165059653,-0.0019321858120193713,-0.01511759373969035,-0.007841766864405741,0.015197113894866554
2017-11-15,0.009458484462249395,-0.0050049105562967044,0.010862693899988063,-0.0012339083538734918,-0.0027956037558655167,-0.013190471795666014,-0.012524522965534413,-0.013072137301038289
2017-11-16,0.002851692193009514,0.008500740578050392,-0.008691734891850933,-8.23831309511025e-05,-0.0016536423350855811,0.011947411929749352,-0.008004061030785214,-0.005554076557587884
2017-11-17,-0.003351582446111445,-0.0029388962619675274,0.007412579653147233,0.012026351450757033,-0.006265011240304985,-0.005552571840219067,-0.003971869602714118,-0.018045373028377054
2017-11-20,0.00886482993979687,0.0017066668473308955,-0.00039586704900296255,-0.012616010451388493,-0.0005072973393189795,-0.0009988036223944619,0.0038633485647328047,-0.0054691516196256895
2017-11-21,-0.0008077435997700944,0.006542608079068701,0.003166565623073936,0.0016487064682373376,0.0029728612956241296,0.01859023469526866,0.003972707678877141,0.0070392578990623456
2017-11-22,-0.002931313743734787,-0.0008845420630190226,0.0032349386642855915,0.009217308019892734,-0.007590265004440044,0.010511798781812631,0.00284391905501602,0.0013102526422699157
2017-11-24,-0.0032445573772892367,0.0023097544554271376,-0.002752429644433785,-0.002527909692056185,0.005244324462331695,5.736285334601021e-05,0.003945835021423649,0.0008727223854818611
2017-11-27,-0.003966462804211757,-0.0004990788378829158,-0.0014200655516876104,0.004169409233999888,0.006780233318780526,-0.005029640903953303,-0.0038075638041322746,0.0004360896977977369
2017-11-28,0.035025344817463555,0.010144723902406394,0.001343333352120446,-0.00016286145211019676,0.013902795323787354,-0.005858972214993874,0.006904429073929741,-0.0015250494104895873
2017-11-29,0.0233816311101116,-0.000608886675104503,-0.009859124956783427,-0.0062698205225437675,-0.001500037438939561,-0.020743377270975638,0.007346769327947866,-0.007200328302410908
2017-11-30,0.007616209376263061,0.008755102832010753,-0.0033455228459916553,-0.007702412605330111,-0.0034329307056580882,0.01398422422518042,0.012397985862604433,0.014180877071662268
2017-12-01,0.0025831569395460274,-0.0020754623447688525,0.013494596863832697,0.004046225185331043,0.004665211166379857,-0.0046551736744809835,0.0020411156019315424,0.004369641169688077
2017-12-04,0.020612470987476206,-0.001209923433170279,0.0004738890378062077,-0.00337195530112111,-0.006929801744319231,-0.007308025748292701,0.0013179844563062648,0.005656186468786073
2017-12-05,-0.011500575015243264,-0.0035966669470930412,0.004975828234908608,-0.007096885692240984,0.004748042880731829,-0.0009420446482263367,-0.008136773628739213,0.000648570077326216
2017-12-06,-0.007472846014606627,0.000190037457225678,0.0034577221848730577,-0.002077792558461522,0.009951739848753194,-0.003714012924203147,-0.007359155209011425,0.004107092559102021
2017-12-07,-0.002953967071123831,0.0031533056717560903,-0.007831540539433468,-0.013159005872162122,-0.007443387912799193,0.001834382791214395,0.0032811700312622705,-0.014423609807478033
2017-12-08,0.0125211325237653,0.0054528931228317035,7.893896785571286e-05,-8.434894941444782e-05,0.004142137874145746,0.00029521141638344517,0.0013325812225915001,-0.010266659689251445
2017-12-11,-0.002926171914350073,0.0030129118779038677,-0.002052405176755423,-0.00396692443776514,0.0039124424630219146,0.01948417707920047,0.004476108314119376,0.00044148781283448457
2017-12-12,0.011645665605922284,0.001765082692946729,-0.00039524386283973367,0.0011863349471581408,0.010344637417294411,-0.005617576126336399,-0.003251666906469053,-0.0008824765541900481
2017-12-13,-0.012540850037716766,-0.00011223923695147242,0.007516694115145883,0.008633065001213858,0.0020333508224141816,0.0033196916891469197,0.004349654743544651,0.013468750588654821
2017-12-14,-0.008056386398388793,-0.0040863204830521305,0.004241404539626847,-0.002013911785324507,-0.008678037264103988,-0.000290250821611604,-0.00264655088579413,0.002831973430649448
2017-12-15,0.0141408780059753,0.008327106421760266,0.0037536547167160705,0.0021020768465358497,0.0057182490710177,0.010161349178832157,0.0015680299947098408,0.003476118669275552
2017-12-18,0.007726105267322314,0.006341160045161276,-0.009116068231334595,0.004614893860962033,-0.004632516498710548,0.014082844999028676,-0.0010838442086913425,-0.005628709219724137
2017-12-19,-0.0042074683102757415,-0.0038400710686952166,-0.012973420218117981,0.0007516606979649509,-0.00014107384814643353,-0.010656581587299208,-0.006028203669509735,0.00435420225874239
2017-12-20,-0.003474018734382911,-0.0005242186341705146,-0.01107311507720632,0.002670670135530351,-0.004373158008811884,-0.001088496688088525,0.005215920936822327,-0.0010835087749480055
2017-12-21,0.01592277451637436,0.0020598317129338906,0.0058278747762954275,0.0014150005810635857,-0.0007086357698918855,0.003785529233254259,0.011825829599803273,-0.01041725083563294
2017-12-22,-0.003524199958914953,-0.0002617077178833638,0.0013646109081362212,0.005236513137701904,-0.006663479384869331,0.0,0.0014309925705928705,-0.0002191769736042959
2017-12-26,-0.004001759637718316,-0.00119641286652572,0.0029655153310492732,0.006862859144246336,-0.00021421678022270907,-0.025369705230753214,0.00011916749785156888,0.0048257792089598794
2017-12-27,0.0018687577026861302,0.0004867753613997383,0.013025448671933892,0.0037776687734956127,0.0034266193012117974,0.0001758478944415831,-0.0009529608665385103,0.0026196901738611
2017-12-28,0.005316016107484778,0.002057401923280411,-0.0008673401211235499,0.005072364396301321,-7.149720148835748e-05,0.002813262951699258,0.0014304061368728416,-0.00457234433618936
2017-12-29,-0.00788570983361181,-0.0037707666632924575,0.0015786165329989554,0.006512031434223742,-0.005976001435535894,-0.010813220784010036,-0.0045226850490773796,0.0034994705826196792
2018-01-02,0.009444351283865782,0.00715760193403403,-0.010798912472917532,0.012131014811884722,-0.003507073480655154,0.017904258038709875,0.01661884047558071,-0.00741053695825189
2018-01-03,0.0010192925084007154,0.00632495836486191,0.004780469617136296,-0.002636850395774437,0.009552503542762159,-0.0001740280104571834,0.019639772616191653,-0.0021956370440641138
2018-01-04,0.014325616879586667,0.004215005847516551,-0.00015805037336391603,0.00512737855482448,-7.102197186503734e-05,0.004644997339854795,0.0013844682110486506,0.014084570075790115
2018-01-05,-0.006419606295310465,0.006664086500084654,-0.0028553954123395897,-0.0010361649479245783,0.008253064798598997,0.011385124792534507,-0.0008065969122785788,-0.00021743194998891102
2018-01-08,0.001476672631546938,0.0018285507814899127,-0.0006365128358903904,-0.00015961279955833962,0.0012704034519581686,-0.003714305377056526,0.004495964145386333,-0.0015192324317957473
2018-01-09,0.005069162553259288,0.0022636071189221507,-0.013372803304318559,-0.0046284750854692636,0.015857413522320396,-0.00011484631513192234,-0.004246048165893024,0.0050001444879155255
2018-01-10,0.011004344682668421,-0.001529931734884138,-0.0012102020789273027,0.002405158456580736,-0.0011794602346715255,-0.00022934457252832274,-0.007951954577367415,-0.003461293509449681
2018-01-11,0.005351253692250424,0.007295906300744726,0.004119892893794219,0.003279242310744168,0.005695642742189033,0.0056802487901406185,0.009874602131124677,-0.0006512534178961804
2018-01-12,0.01651011324608942,0.006519044998053669,0.0016893601091414467,0.012117319941670202,0.006699723958556225,0.01032620191806366,0.006786732272194174,0.0023894135373598857
2018-01-16,-0.0035501484295212826,-0.0034181491612851334,0.0041758171478394335,0.0016540570729914883,0.007546608221617568,-0.00508222457146057,-0.006284284625907688,0.008233977722088337
2018-01-17,0.006412846652439574,0.009531427240330181,-0.001359496986893416,-0.008099385028916495,0.0008168193997004636,0.016516228776985553,0.011843360076528642,0.006232714368480385
2018-01-18,0.0023898544133997834,-0.0016807182369550366,-0.009289769582091711,-0.002219746160232239,-0.0004080435636704127,0.0008937657085543727,-0.00647704581082198,0.0012816419254757516
2018-01-19,-0.0022071044043876498,0.004549838071069345,-0.005254225056891437,0.004449368789751107,0.0029948101904953006,-0.004463017312865913,-0.003202728778478714,0.005972564082597165
2018-01-22,0.01168035010614421,0.00813105742238518,0.0009752901444668449,0.0018193589642852004,0.005292850116399572,-0.00818100649469411,0.012622310455694175,0.004665017950143513
2018-01-23,-0.0010496894633755804,0.0021223061458894854,0.004302491434811095,0.004974316982453653,-0.04259477266274081,0.00022643810555034172,0.0005663083247828826,0.0014771223479188578
2018-01-24,0.012783495226343922,-0.00038836974345690667,-0.0054158668845710745,0.012177899643490031,0.0016924604751962224,-0.015928932229310466,0.002604806546442795,0.008008599203864986
2018-01-25,0.00025934088980839043,0.00042350590339612637,0.008208628273752794,-0.006675468432262743,0.016400405335844637,-0.01785117646987211,-0.0018075259701589852,0.0002092692159278986
2018-01-26,0.005358874147858295,0.011577983113684853,-0.0037079649004121418,0.0007814808358339587,0.0064400814263014805,0.002337748593221445,0.007129015819841822,0.014422765385819325
2018-01-29,-0.001031896031532531,-0.006629959171979283,-0.006958370221846422,-0.005621994291566623,-0.011353709066116435,-0.020698368210893325,-0.01112330574487097,-0.01710266175862163
2018-01-30,-0.009380346513877091,-0.010256812588414155,-0.005866521640354172,-0.004318770545372774,-0.008699602931629191,-0.00589461341794284,-0.01397589225885243,-0.006079523570657663
2018-01-31,0.0048649698284475296,0.0004965185407943551,0.0059011408106224295,0.006703457836465088,-0.029769008035168687,0.0027550896442585238,0.005992266410430602,0.0037964489058111006
2018-02-01,0.010374298232746382,-0.0011354020772278428,-0.014493297398283755,0.003290292152912322,0.01324267618885444,0.0020905869686711487,0.020275055604409342,-0.0029419385339438664
2018-02-02,-0.022161455321011103,-0.02176968637219978,-0.009278768654106484,-0.013117887393550687,-0.016711888451110046,-0.04339016463664358,-0.05097126055143153,-0.015173626794510398
2018-02-05,-0.04795230180975063,-0.041822510830978654,0.009449677790775102,0.002531843471552664,-0.052948835202126454,-0.024984489293596313,-0.056902833798502916,-0.03937510169765157
2018-02-06,0.030422781531834087,0.019702492579370734,-0.00621291028817994,-0.010496423649786646,0.011043636767660292,0.041791908912909514,-0.01718518986776152,-0.0049012501624248195
2018-02-07,0.00677913695711152,-0.005425137443187289,-0.009503320448486341,-0.004705665583148111,-0.003109926302955479,-0.021407130364870408,-0.017996332471628573,-0.0024622512182452816
2018-02-08,-0.04421031508657358,-0.0375087693597983,-0.0010947458413722577,0.0015225774502147793,-0.03850244639730882,-0.027516707471066604,-0.011307540108641212,-0.03276449159493666
2018-02-09,0.020022309375621772,0.015021485142015623,-0.006318406050268122,-0.0016803225174144565,0.02508699322396679,0.012231334164904517,0.0063743890016634275,0.0006957853887599175
2018-02-12,0.01544880720448627,0.014684325778821616,0.004408938770588122,0.004808897328354433,0.005713066214246165,0.04027893956413364,0.008445836840477616,0.019476265156246786
2018-02-13,0.006175145047614183,0.002487332271943865,0.004473894789865707,0.005663229392343538,-0.0023797370583426014,0.01001786196245047,-0.0015701872245176274,0.005003123003705756
2018-02-14,0.023125606266043652,0.013496424853243871,-0.01109323931863293,0.0170526163171012,-0.002231487327457149,0.018437208531387528,0.002096779022836781,-0.002036543062435947
2018-02-15,0.0041725407571509,0.012760241686404772,0.0033990642067200927,0.001169844500285011,0.012030432227062793,0.03357837594073443,-0.0032695786073730915,0.015419402229495116
2018-02-16,-0.007185093823017241,0.00029302424061028454,0.00542062260677012,-0.003271582663696204,0.014630842116821752,-0.0032373064880950597,0.00433000393682792,0.0044663556252730885
2018-02-20,0.0002614125719480054,-0.006261295836539116,-0.004380341976521596,-0.013441710167313214,-0.017123510942356868,-0.0033633800183008322,-0.010321395667366895,-0.022010061433608175
2018-02-21,0.004184431366188068,-0.004974442222053677,-0.012268496864793477,-0.004594377467322497,-0.007335249119658771,-0.004538952493407078,-0.011353403730055556,-0.014775804550986149
2018-02-22,-0.0018231174351626134,0.0012961844138505985,0.002998135423744719,0.00509310338211777,0.0,0.008358959762073237,0.012952534440445973,0.004153197481393089
2018-02-23,0.020264490295472726,0.015939225880102326,0.008882141551212586,-0.0012668539845069882,0.01624199111546143,0.017391595197659537,0.022014402660850863,0.011948298955019698
2018-02-26,0.012445518595671334,0.011612533075241682,0.0003388378027846528,0.0024575674654649937,0.006784412581592347,0.019771790791803356,0.016896588980725546,-0.00022705331202754753
2018-02-27,-0.011871686052561614,-0.012486998703466479,-0.0014385040938624805,-0.010438906498072442,-0.003028646309174876,-0.0032405647068139976,-0.016996318106009767,-0.009311525257081343
2018-02-28,-0.015848575220973937,-0.01012993869583001,0.0063555130389163494,-0.0010388975966704184,-0.013594612232705194,-0.0015136693526234257,-0.022710006036577468,-0.009170260093528837
2018-03-01,-0.017922270521466666,-0.014540352206239615,0.006826378345264006,-0.0022399902343750444,-0.020018512525101673,-0.01751634652488465,-0.007129610619234339,0.004858812355600151
2018-03-02,-0.0009695827719525818,0.005154674985444974,-0.008129629426484208,0.005372018620811936,0.012099362552206783,0.0069145786887172545,0.004654532496862762,0.006677371719245873
2018-03-05,0.01535488839103416,0.011558113245157875,-0.0027034138925932094,-0.0016747674096407872,0.0075295521922571496,0.003461587310723102,0.00952968616552452,0.0038883847297683793
2018-03-06,0.0008691636427466953,0.0025350779437491866,0.0009321128271360113,0.010784458146907872,-0.012096353475363641,-0.0008483022511308613,-0.0011797580548187359,0.0009115431353943215
2018-03-07,-0.0037342911843607496,-0.00036637017349339107,-0.001100964926203707,-0.006401624645603676,0.006395017870202135,-0.009282854290484144,-0.025203525171580532,-0.0025040655216552743
2018-03-08,8.760063530077744e-05,0.00483878901628465,0.005762137662450151,-0.0023862794212922145,0.023403897713449195,0.010912560048330189,-0.0018851572236283642,0.014376850886269166
2018-03-09,0.02876038506834755,0.01740268026500935,-0.006571343801127227,0.0009568071147663115,0.013176075043784818,0.017180866083046364,0.005936257246202059,0.008324375702508657
2018-03-12,-0.003219407873750635,-0.0012553133141368633,0.005766776051490785,0.0,-0.008744405009781908,0.00966767884501496,0.009120090079641763,-0.00647039535169136
2018-03-13,-0.011983521345105497,-0.006462558267957719,0.005059286637395521,0.0019117242474055995,0.012968349169551585,-0.009630203891219824,-0.009436350709572716,0.0008979963275936864
2018-03-14,-0.011182805482596092,-0.005131745064663407,0.008810098582516357,-0.0006360457292979849,-0.015109876979499948,-0.00850116362132336,-0.012478229383134254,-0.009054035872268607
2018-03-15,0.002522803625976122,-0.0010896385031615718,0.0,-0.00636432332367276,0.005592293890000599,0.0011766950798588471,0.011141259729052333,-0.0025124462783799872
2018-03-16,0.0017355292815590673,0.001084253959012127,-0.003576383387137949,-0.0024019459414951205,0.004659633819752429,-0.00352648214051432,0.009406336597601594,-0.004808774324351561
2018-03-19,-0.007883039339837361,-0.013530066808114194,-0.0031717237585845437,0.0021669685053569143,-0.025732983606294058,-0.01527917247280286,-0.012912944634735246,-0.004601564475356645
2018-03-20,0.0009606050699337843,0.0017004388538981452,-0.004018896216129275,-0.004484705499084418,0.007447605748804875,-0.00034220745596880153,-0.0021577252988118634,-0.0023120434700086845
2018-03-21,0.0008725988175743993,-0.0019190026885204103,0.0010925713786402724,0.017456406089276788,-0.00015214733354673715,-0.022654821425457605,0.01419098088833759,-0.0037067258637056844
2018-03-22,-0.04174693933991136,-0.024997176935834586,0.009909613563583664,-0.003953194075975608,-0.029041989264930956,-0.014129480875499367,-0.02052243388317987,-0.005581632751067156
2018-03-23,-0.026739182737238854,-0.021314655434189866,-0.0007487452852710241,0.012938539529958382,-0.017898962083507497,-0.023156605721762813,-0.008299106588487426,-0.010056097427484256
2018-03-26,0.030838021218839273,0.02735909465829467,-0.003827376346706046,0.005250357853935794,0.018305231057566873,0.04747159338092488,0.015228671191976684,0.008504505576014676
2018-03-27,-0.019399888895335393,-0.017011671988044985,0.010692660779692442,-0.0061584106879088996,-0.0014130202951456727,-0.02564093639351095,-0.004054325833450667,0.0046843324495144945
2018-03-28,-0.001571552725624925,-0.0029547285288773484,0.002644744105000374,-0.013804961458361409,0.0018865674304524571,-0.011049062328115644,-0.012075920547191976,0.01002631184668168
2018-03-29,0.01824062652336056,0.012777517304761954,0.004863521907268353,0.0004771936450476133,0.0054922586659973405,0.007808610979072039,0.024721722412626157,0.0025392379970696766
2018-04-02,-0.01927769520420841,-0.02158478927124674,0.0019724692636333696,0.011686153191860615,-0.02801421123544956,-0.006556226366257523,-0.01862993512372435,-0.01749949395943795
2018-04-03,0.013722658421274181,0.012816913899441618,-0.007712406523110005,-0.007543604183229635,0.030427098110204387,0.010259292516988205,0.024583439158263998,0.01663957737478383
2018-04-04,0.015183351279179469,0.010699306321258595,-0.0020666054463572836,0.0011876001018220617,0.016050168687013144,0.019122072578708016,-0.0019995642503450872,0.019824402172656352
2018-04-05,0.01313062699691292,0.007891763790947248,-0.007457286841441868,-0.005140323544257974,0.002300545754947647,0.006934490281342853,0.015359847426748896,0.0036166809420152823
2018-04-06,-0.02493755833270994,-0.022285779753018486,0.010935882522028484,0.004689954877408864,-0.019967723746948884,-0.025578828512133334,-0.015127491465883436,-0.010810389419407818
2018-04-09,0.012008609323084896,0.004928658989228563,0.0016517064490852995,0.0034021703240154633,0.010772412162637135,0.009918263179435005,0.0,-0.0020494913885091837
2018-04-10,0.019112106432284115,0.01590013241708821,-0.0018138491904159393,0.0023655815524346036,0.005947003167836806,0.01881794167813422,0.029384177718709825,0.0036503997918031494
2018-04-11,-0.016798613123961026,-0.005242054163910326,0.0035515076887673303,0.007787899955785216,-0.004760085915827439,-0.004675356010658049,0.004671263776580004,0.0
2018-04-12,0.024859938576603735,0.008227009192352419,-0.007324710602986784,-0.011630613197024076,0.006171382302247341,0.009858542293342376,-0.002712145223774609,0.0009092248263196101
2018-04-13,-0.027079531856811223,-0.0029331996300855367,0.002321061792926127,0.006555000660688037,0.0014564313852623023,0.0033878442851604795,0.00802864672603798,0.010902126636053167
2018-04-16,-0.0008158465047026775,0.008221816148574534,0.00033074382710229777,0.0014123209845886553,0.00872793409226258,0.006238336894934804,0.008992774772080825,0.0038190870179430902
2018-04-17,0.0,0.010698504337320669,0.002728834373889155,0.0009402393572395251,-0.009259119845720809,0.013764011681065336,-0.00267318342512457,0.004476467349793678
2018-04-18,-0.008075431238044217,0.0007402228972412939,-0.007998599046458166,0.0007827669207129961,-0.021602593450650187,-0.0022441478994773556,0.011361980827339746,-0.008244119899612268
2018-04-19,0.02195386972847313,-0.00554778938030287,-0.008146411997429825,-0.001955416527053,-0.0013311043956835134,-0.028339990321815667,0.0025245058242582274,-0.004493452906892514
2018-04-20,-0.0022377576074884553,-0.008479006059799121,-0.007207302171369445,-0.007601890535287592,-0.006977644622662482,-0.040972212751368864,-0.005288376390211846,-0.012864128571380973
2018-04-23,-0.004844297818402676,-0.00015025326180739818,0.00025277926514166715,-0.00797594984397465,0.001342092967385966,-0.002896605739055147,0.007215179271995664,0.005487091032430724
2018-04-24,-0.004687762500220183,-0.01346702731136773,-0.004556878884172222,0.004855919415812426,-0.005045995583081941,-0.013918918307500805,-0.015332292012046667,-0.02069110076410119
2018-04-25,-0.0038038932361187383,0.0024712691347104077,-0.006697469832881331,-0.006496075996334616,0.00451686180900035,0.00435744516162484,0.01467762216027313,-0.014859935400022728
2018-04-26,0.000999975212956139,0.010165924845886076,0.0069987904558732605,-0.0035085115107064135,0.009860915605036658,0.003483047813325202,0.017106833321116843,0.00754192607994697
2018-04-27,-0.0063576726363968605,0.0009388732597805927,0.0077131289417582405,0.004241008034887361,0.0020313276057064567,-0.011569926978345468,-0.03796681300714355,0.013099172085216715
2018-04-30,-0.00566745965675286,-0.0076906561051414135,0.0017660659964424674,-0.007251025196090666,-0.013876957069508977,0.01811234395310346,-0.0005142962657196382,-0.0023088081405184813
2018-05-01,0.0,0.0017765145483543687,-0.0036011282181172,-0.007063145351023148,-0.00379483968478711,0.023236167493794868,-0.010289372727548263,-0.014348351079178645
2018-05-02,-0.007905724054432794,-0.006717276534983441,-0.0010983473345713701,-0.0004849855228984401,-0.019918846075186014,0.04417494474924122,-0.0019490546557836552,-0.012444306941408523
2018-05-03,-0.006301222218227709,-0.0022035450226106645,0.004480817327198183,0.005095004008440096,-0.0038056973480014022,0.0018125008341773885,-0.0033855863791923957,-0.004041667694374418
2018-05-04,0.011096997279951726,0.012946121077922479,0.0015153006034145378,0.002092067418605348,0.00942824992901481,0.03923349130064957,0.004703177144498527,0.011219754034653695
2018-05-07,0.008669198204883655,0.0033835123712662174,-0.001596816038711757,0.0002408766587147504,-0.004831073335279545,0.007234836492306274,0.010923569671617672,-0.005193569148253974
2018-05-08,0.014811847525652677,0.0,-0.0009262076291293164,0.00016052535213439967,-0.007929374332863226,0.004806749550275269,0.004502170057893107,-0.00783090801687425
2018-05-09,0.021803908001829297,0.00966587755322812,-0.005981684137341348,-0.0020868008225222168,0.007340224887306457,0.007040884723475527,0.023562571888276818,-0.0007176799147580182
2018-05-10,0.007759483334320638,0.009350443995777669,0.00805226674565529,0.0068366320405603975,0.014897596049800343,0.014304015256228375,0.02239460287171191,0.009573662859827303
2018-05-11,-0.0037624996142414657,0.00305132631760352,0.002522410900451577,-0.0014379318160805399,0.015077868462653354,-0.0038034591782601934,0.004696835463552151,-0.0009480079477405257
2018-05-14,0.000351382170180381,0.00047655263939794246,-0.005283856591052238,-0.004080017089843846,-0.009273944835977432,-0.0023330435057327126,0.006767134387495322,-0.002372910504591763
2018-05-15,-0.007638224751530864,-0.006887157687316292,-0.011382961811760017,-0.01614583132241254,-0.007377530141064126,-0.00908818834109737,-0.0004887391065120372,-0.007611421506236282
2018-05-16,0.0027424705613270373,0.004205230094489698,-0.003837788948778398,-0.0015512935679184991,0.0017583110777581457,0.009332628081788474,0.0028119078754860194,-0.004075192366639113
2018-05-17,-0.003352815165382661,-0.0008448495432081815,-0.005051276051595721,0.0005724073456552237,-0.011966371736086168,-0.006323505764397996,-0.0017069241590311757,0.018050247612416692
2018-05-18,-0.016200210534381476,-0.0025001605400408744,0.008604805791884829,0.0004086552101045804,0.00314887146480336,-0.0036370452881665516,-0.007083491204230907,-0.0028370014354706097
2018-05-21,0.00917834432275666,0.007518770607887859,0.0005118029721637996,0.0005718461950008358,-0.004185470543761727,0.007085044430669818,0.01205408396070995,0.005453289539787853
2018-05-22,0.0076684191146594305,-0.002780101336501861,-0.001534458850119047,-0.0005715193738216051,-0.006546824622734926,-0.002504873151373599,-0.00777838675292053,-0.00377285607198663
2018-05-23,-0.004601481860877499,0.0027512740319739493,0.007259399297466773,0.001061982268841355,0.004393337983234602,0.006411948254932298,0.006247282041200286,0.0035504478963916952
2018-05-24,-0.011201094729284877,-0.0020488804239239267,0.00796995075883511,0.00856859323093273,-0.009720527648966026,-0.0011152557270638352,-0.02288531236521596,-0.0018866410507117903
2018-05-25,-0.005124368763264497,-0.0023826926667234183,0.006224916018935156,-0.003074660285441455,0.0009888067979859638,0.002285664524132258,-0.01943419106052513,0.001890207193196769
2018-05-29,-0.04274384848918955,-0.01150065121249566,0.02190187602508531,-0.00016229724222882602,-0.017041379763511277,-0.0036057793433719176,-0.0036845603263468973,0.006603359635761086
2018-05-30,0.022845609255842225,0.013344571517522219,-0.006707324489003796,0.001461160009810225,0.013149360996908666,-0.002128783197829387,0.03927553774451864,0.01054391919212394
2018-05-31,-0.012367320957800909,-0.0061259585006907535,-0.0016470688320686655,-0.002188573125150861,-0.011160100771990145,-0.003360249581534025,-0.003189969803505055,-0.003013930150552846
2018-06-01,0.012989241181488032,0.009817272401004162,-0.005283759473667549,-0.004955325896935814,0.013710038830357485,0.01803385354620124,0.007262483543030829,0.002790244674375053
2018-06-04,0.0004611533688467784,0.004751831938777151,-0.007232175796641815,-0.0009796319640802409,0.005690350951655265,0.0083579725925087,-0.010509659890721612,0.00858095984016849
2018-06-05,-0.005624286482269203,0.0007276033530210224,0.0023444167663499993,0.003922495029546447,-0.0038537793381541174,0.007715033203566257,-0.003581516420191777,-0.008737675072308049
2018-06-06,0.023367712843548327,0.008360662597928448,-0.008102632758261397,0.0005697980927446,0.010783398243494613,0.003466043966931842,0.017104447340479778,0.008118656978474137
2018-06-07,0.003987095558222409,-0.00010840027221770132,0.00968523159541168,-0.00048810250152542256,0.004397952699365826,-0.0026806116004370883,0.009992569298514553,-0.00046021301255683156
2018-06-08,0.002797838609450043,0.0029566461751089346,-0.0030030852680359432,0.0012209142530825723,0.005918817529314335,-0.009097502206023123,0.008687238264476926,0.01174083510529389
2018-06-11,-0.0025200377014730213,0.0013299663090136082,-0.0018405407750851088,0.0017884823744613865,-0.011284954003017322,-0.0024518603556958896,-0.005980776514235675,0.004095401178491942
2018-06-12,-0.005774785929098414,0.0012923411865251033,0.0002515410319043898,-0.0033271415316106223,-0.000977936514399702,0.005490728168105141,-0.008183034818014745,0.0063448258958116455
2018-06-13,-0.00199640721101213,-0.0031908395781039545,-0.0005029555498505811,0.003012561044629436,0.0007345003045602372,-0.008217009133967612,-0.011040699700988088,-0.005179455902497243
2018-06-14,-0.017641096001556167,0.002517630856687436,0.008299954984143598,0.0015422908372948463,-0.0017941360215298907,0.0005243393290494947,0.004661953420141973,-0.004795219136807138
2018-06-15,-0.0012035108739091305,-0.0012755910881533383,0.0009149283961420451,-0.01653429211330948,0.00163392190997258,-0.010272802068561293,-0.015020068919032181,0.012390615131655514
2018-06-18,0.0025950085157413483,-0.0020568731808801033,-0.000914092067353045,-0.0018954650937899054,-0.010521232405644065,-0.0005290753527279479,0.001983449177890728,-0.012919032131291863
2018-06-19,-0.005823546574053373,-0.0038328905342615016,0.005819905574584672,-0.0025596363391254817,0.01030321289171554,-0.016160137606675118,-0.0014849463387479611,0.0011478665381909892
2018-06-20,-9.306594040958682e-05,0.0017059048768173213,-0.00876202857151731,-0.004470206141434896,-0.004323962006570037,0.004361774235765337,-0.0030977819943198703,-0.0077978396163918
2018-06-21,-0.0002789578800194148,-0.006269062340343745,0.005253760259085638,-0.001746208886931444,-0.004834542859007085,-0.005575902240535058,-0.009446827448540529,-0.003929787201206292
2018-06-22,-0.016370361529920885,0.0018234052588101957,-8.309796235006495e-05,0.0024156041546103957,0.011445065315775382,-0.0029116588747151173,0.021207226236051424,0.003713335141332763
2018-06-25,-0.00907819976366342,-0.013612540813158214,0.0022400757404985594,-0.0037393797734436296,-0.0020352530927829626,-0.014871608944748593,-0.020152198582464753,0.007629954636722003
2018-06-26,0.0006680742559441732,0.002214181714001784,0.001407153464639821,-0.0052547940330738285,-0.0019577655615317102,0.012406313637204347,0.011286668879940454,-0.0057362757885282
2018-06-27,-0.015449357253284335,-0.00828466279282103,0.009423892103107345,-0.005701830395735241,-0.006048103510091218,-0.0014639159981192362,0.013268410510647088,-0.006000829112231321
2018-06-28,0.01636952042111184,0.005717713086243803,0.0002455365857794156,-0.003035930214138949,0.003207201504297874,0.007276067704010902,0.00318223989494415,0.00928708287612623
2018-06-29,-0.006957000307245775,0.001439290420852224,-0.0034389551745903635,0.003637288959023266,-0.005410046159166515,-0.002102387346016088,0.009271717463000817,0.00897181015322368
2018-07-02,0.008445694519982228,0.002138076341173356,-0.0007813033491358423,-0.010029518972628937,0.0019778551103333264,0.011182361655096562,-0.011724823163911435,-0.0025080576058821302
2018-07-03,-0.013989477116202242,-0.003531155464155944,0.00535619979849522,0.01013112932642235,0.009294400378467405,-0.017416335566806773,0.005870826450483202,0.005485641571556954
2018-07-05,0.006501699097571478,0.008157970442665308,0.0028688632088182953,0.003371272825408722,0.01866183001666455,0.008046753388971872,0.0008510461351101117,0.015230865814241046
2018-07-06,0.0032778862108480133,0.008458209458451105,0.0032688391014701335,-0.0015959885471286128,0.006000099395339742,0.013861954712276026,0.00024304409073327982,-0.0004480403092241847
2018-07-09,0.030943924262069933,0.00900481371387829,-0.006435585973701197,0.0024398528860691826,0.0023854830811285144,0.013885434015204812,0.006923348307236399,-0.005376273655473107
2018-07-10,-0.00615219037614767,0.0035980967092290594,-8.218127218817539e-05,-0.001846422307055895,0.010551540364438283,-0.0012065871178326137,0.009167769999897324,0.012837888266929998
2018-07-11,-0.0021573878506899735,-0.0073143724935399446,0.0038547208826065216,-0.010846724226159843,-0.00894969052531347,-0.012976252900927632,-0.012789833535877704,-0.004002615527625486
2018-07-12,0.004323837122724772,0.009065604951021156,-8.226491642304712e-05,0.004165231777556677,0.012040806668258242,0.016766063854970037,0.001210835769699825,-0.002679351498145466
2018-07-13,-0.004585883585177419,0.000787775598080076,0.002532366410763487,-0.004401901762097538,-0.014323912506214787,0.0015703854576325504,0.007497759267173443,0.001567135814655396
2018-07-16,0.039676523339026604,-0.000894287544142558,-0.004155657931797729,-0.0005101399394813466,-0.009846790187688526,-0.0021952109672882525,-0.00984276945454321,-0.0002231839184713147
2018-07-17,-0.0007232996456552065,0.004045294365375263,-0.0018819779498615574,-0.010803949293831439,0.035447765037293966,0.002828708332312191,-0.0021821599960158977,0.011624932452455328
2018-07-18,0.009321239868963715,0.002103535510257659,-0.004016847313715433,0.00025798744076199753,-0.010146283321367022,-0.005484671570870958,-0.0010932338237464867,-0.0028729981254487225
2018-07-19,-0.014704740977897868,-0.0037713397190123343,0.006337566894144553,-0.004298856594405098,-0.014554065678649253,0.007773063154224991,-0.002554290805250825,-0.0002214122972390431
2018-07-20,0.012648960060960501,-0.0011426894434762858,-0.012268885026667342,0.006476124823511453,-0.0007145200999285617,-0.002292871998104684,-0.007437963074167886,0.0037685156527249575
2018-07-23,0.018602125270702707,0.001858986896508652,-0.012338123207596863,-0.004804371742649138,0.006197691294227203,0.0008879989729659865,0.0,-0.00728799701320948
2018-07-24,0.007057492108155428,0.005032241255300107,0.0034373680410579865,0.0003448354786839136,0.02155913419080835,0.007254176187286854,0.01977887136183587,0.00689646050645587
2018-07-25,0.00902335637228524,0.008522000188737167,-0.0015877382350074631,0.005515334234738045,-0.005720577089421974,0.009430158824698998,0.006987130155338361,0.018338570853603686
2018-07-26,-0.0028653170122734384,-0.0023588802743105264,-0.0019244162574530987,-0.0077991400388178755,0.012906244519679477,-0.003131361617085715,0.007775819659435523,0.0032545647805992672
2018-07-27,0.010274497599182864,-0.006775926556255141,0.0016764848385126818,0.0005183138095206097,0.009748322295900946,-0.016631258719991937,-0.02754044610687567,-0.0006492018716405257
2018-07-30,0.006033070965740794,-0.005223417548341214,-0.0034320634443852915,-0.0015540041641224356,0.004712916014997681,-0.005602697541735813,-0.002197277216762772,0.00043322301683934583
2018-07-31,-0.01524901276238988,0.004929308067256555,0.005459601996410823,0.002939873181190933,0.00264821591280362,0.0020010509950862954,-0.002813495421537082,0.008652169889027839
2018-08-01,0.00617668806888072,-0.0016707370705332236,-0.008146580649470603,-0.007328204929526794,0.0009054611157464088,0.05890979799048912,-0.01374096696259397,-0.005146833899751901
2018-08-02,0.0042363232068931556,0.005447435241331622,0.0014349087030434138,-0.005384772884042377,-0.010479516919882248,0.02923099581517885,-0.005970470566314057,-0.004526883287130912
2018-08-03,0.008093087897582452,0.004284964054967144,0.004974168158615289,0.003492853105171223,0.005333339711799168,0.002892932608652199,0.003628887759540067,0.009527915021326994
2018-08-06,0.00025644042391759214,0.0036671911877539376,0.0005867751686012834,-0.005133974480431958,0.0005306415961583433,0.005192444664131379,-0.0002492340259823145,0.0006434922352878125
2018-08-07,0.0036711688337762727,0.0033025566977751275,-0.005197422146774988,0.0022740706959853974,-0.004242016602290843,-0.009374630950910401,0.01359423742287591,-0.0032151831692296406
2018-08-08,0.0020418016441525744,-0.0004203846863866101,0.001010932076627613,0.002792628802213759,-0.0022061014753127495,0.0006761152383663038,-0.006644484998133637,-0.007526991141307171
2018-08-09,-0.007725569857366832,-0.0013660097813447125,0.008418616555746272,-0.0014794690881723138,0.00022882201483920284,0.007864635832300904,-0.005078698064690745,0.004333954058587608
2018-08-10,-0.009839143541710449,-0.006700463607127838,0.007262811432720673,-0.0004357279352805721,-0.0034297322546521514,-0.0029785635352608253,-0.0010060568129640624,-0.005825164322960763
2018-08-13,-0.015899193906805498,-0.0037432487530668634,-0.0020718760526553526,-0.015084168803792819,-0.0040535179917381425,0.006457078402527294,-0.010828861759696884,-0.005425591048150213
2018-08-14,0.006673058430864298,0.006380749105711958,-0.002242762363381834,0.0009738014451408095,-0.005529087817764844,0.004213144122913404,-0.0031820280115099076,0.001308956055974031
2018-08-15,-0.00828605055103615,-0.007467467327705646,0.005826651840393771,-0.016626844065553148,0.0071810626579895676,0.0023360289584517524,-0.017494464321187286,0.0041408124734316765
2018-08-16,0.009410710695610947,0.00809153835252907,-8.283730792402189e-05,-0.0008094609704911715,0.01571754272104431,0.01464999215336582,0.01377666406620004,0.0030379418055308527
2018-08-17,0.0,0.003520373927488496,0.0012413929152206293,0.00927091623261167,0.015021133926858665,0.01997009522786697,0.0033332566175028333,0.008221123584132961
2018-08-20,-0.0013070471086313873,0.002139493423482186,0.006695242057196404,0.0049942495470025605,0.017922314657776495,-0.009743427524248505,0.007028305849761329,0.002790081990554194
2018-08-21,0.00610737057571531,0.0023455346098324448,-0.0033659801788601396,0.002928336094692563,-0.011177891807765516,-0.0019497381204728326,0.00025344175481034625,-0.010913719638386277
2018-08-22,-0.003035066295677624,-0.0005934528428588326,0.003954629546248034,0.002211997942183075,-0.005466988927626981,4.68917309695005e-05,0.014334693619982408,-0.006274256758680097
2018-08-23,-0.0020876206937926467,-0.0013278713690182409,0.0015591605679667886,-0.009446452957846962,0.003714024101862279,0.0020458840706205628,-0.011005461785589699,-0.005007765548550758
2018-08-24,-0.00043550371748291017,0.006018493224454025,0.0019663421612905463,0.017468866017628537,0.00621750319176706,0.0031091296495908693,0.006828454199005574,-0.0015318150467424907
2018-08-27,0.01770122506750349,0.007895027880971295,-0.005724210026007759,0.00376657902932398,-0.0009626697967721753,0.008234737757088828,0.009796647094696631,0.0013150139174886721
2018-08-28,-0.004884170034723523,0.0004831620637608669,-0.006003749948447434,-0.007941321771505638,-0.004447033276366419,0.008075389350583606,-0.0014926630851270772,-0.007003734756357738
2018-08-29,-0.0032718499189160477,0.00538093411161511,0.0013235906147872623,0.00457421394854407,0.004020411982647243,0.014929415369087984,0.007224795621423974,-0.0008816282023066391
2018-08-30,-0.004923844139914757,-0.004048630871694381,0.002148506669814587,-0.004903656511020427,0.0006671168771250624,0.009193737630883048,-0.004328739166282625,-0.008382965991993618
2018-08-31,-0.005295631538156931,3.45515341475533e-05,-0.0023084206162302667,-0.0011439392301668683,-0.0019262762867173766,0.011554100094524067,-0.004222976149476421,-0.008453834196565424
2018-09-04,0.004974799979048594,-0.0017218179937935618,-0.005781829042175057,-0.005109698001402596,-0.007202027226898999,0.0032069051302969775,0.0014971480469530007,0.004263010085956864
2018-09-05,-0.004863308475837824,-0.00269160611613406,-0.002666030326274438,0.0034534613352918964,0.016003414906150093,-0.006524858811985945,0.013326706649009035,0.013851687023686887
2018-09-06,-0.0042761292995858735,-0.0030101868017592404,0.0036753711692540936,0.0019414156485668688,0.007434105903281196,-0.016617334510421022,-0.01106198042605877,0.008593979875645585
2018-09-07,0.0019282092906034443,-0.0019435131212554024,-0.00848933677355046,-0.0027302937827557994,0.0032879819220374973,-0.008068250913065067,0.017026987341483002,-0.0010924041921064331
2018-09-10,-0.005335932173392788,0.0017385816330681703,0.0036934262665864193,-0.000706542689065337,-0.0008011331619440787,-0.013420616490273152,-0.0014667766628022605,0.007436472139663364
2018-09-11,0.006331843285127592,0.0032975301305506743,-0.007610497062964572,0.0006186451072049959,0.0094746707200144,0.025282841349764107,0.014074224901858834,-0.0008684210860426811
2018-09-12,-0.011797630481599097,0.00024231037215982631,0.00235981075398084,0.008390716640166218,0.006136761688769532,-0.012419062753204702,0.00325860434424885,0.00478067921945291
2018-09-13,0.0038909527111781195,0.005914302755696044,0.0015130935435578863,-0.003591101333891067,0.003802656271636229,0.024155165458015437,-0.009743540643963322,-0.0004362088549870746
2018-09-14,-0.0001759747892516872,0.0001719687398520353,-0.004784759315234477,-0.006504970809317556,-0.0028593606127568227,-0.011351064004144429,0.007288520967010381,0.0034910882936096677
2018-09-17,0.0029955228377707144,-0.005294446720245483,0.0,0.005220350246058381,0.0033697183604326497,-0.026626246745985682,0.0059091182966111155,0.007175484100628404
2018-09-18,0.00404103952516599,0.005426149085259846,-0.010459697478405583,-0.0014963310274803687,0.004144153195720923,0.0016524734823768483,0.0026378071253529978,-0.008419815938907615
2018-09-19,0.029046217602139324,0.001065652436639919,-0.005967172559030898,0.0038786565809445506,-0.0005694152338209246,0.0005957749435938631,0.011957189229393927,0.0006533315490335756
2018-09-20,0.008586744742296482,0.008103782577932872,0.004630390773773474,0.0034246522572405347,0.010821689318437633,0.007601858857704924,0.0022453150619219375,0.014795499855015048
2018-09-21,-0.006574983891817099,-0.0009134283596261561,-0.00042651730694232004,-0.006825928084458588,0.006339154131143054,-0.010771403452298656,0.004126068953066886,-0.0012864607286547924
2018-09-24,-0.009588249595374299,-0.003322019812488808,-0.0025619114298713885,-0.0001761974045536574,-0.01686750765212175,0.014380062042976816,0.01679007342062233,-0.01094905352333475
2018-09-25,-0.002827349330962403,-0.0009275686441474473,-0.0010272656215509768,0.0015863250483771907,-0.013027862170780669,0.006341043299175286,-0.0011545925930874779,-0.008465192470689997
2018-09-26,-0.011771081776768666,-0.0029925251190602298,0.007028124056855711,-0.005279352979018492,-0.0034623594008674763,-0.007966453643614924,-0.008323713629345808,0.0037217325038743088
2018-09-27,-0.004346777793210466,0.002794123025929185,0.0006804921037510958,-0.008845643281780058,0.0004346919320150633,0.020551840109933828,-0.00011667642016821578,0.003489248544776391
2018-09-28,-0.014670022192635024,0.00010363924853784567,-0.002636883366423426,0.006336448595585686,-0.00036182378880644794,0.0035121310134100803,-0.008744628932938037,0.003912123107634891
2018-10-01,0.00584905238679978,0.0034741516507619252,-0.007341104597667569,-0.001685016298392017,0.011000839089362335,0.006733379141161677,0.009292268261698267,0.0008664146022978603
2018-10-02,0.0041409385977124735,-0.0005829211855506999,0.006112630183079615,0.011548397044346848,0.00565539878324528,0.008888188114182682,0.007574763223668013,0.0060564118130082
2018-10-03,0.00938841610076424,0.0005485432534182433,-0.017371188604276777,-0.003951915050342092,-0.010321932404380063,0.012168644203581103,-0.0035853331170334624,-0.013760396062028724
2018-10-04,0.009016100461964216,-0.007815837563069694,-0.0070538893773453015,0.0005290529796948551,0.0023015835792277173,-0.01758083632181251,-0.0066161562400519625,-0.0004358079718621566
2018-10-05,-0.005638884180993009,-0.005596564612559751,-0.008594820587954799,0.002819877382429281,-0.0017936356046975854,-0.016228791763045813,-0.002804629591135699,0.0006541550597265466
2018-10-08,0.006107037398098258,0.0,-0.003361893056622267,-0.011072074713894264,0.002084785252715937,-0.0023183145337584143,0.009256851607285066,0.013077708042406044
2018-10-09,-0.006937024501697531,-0.0014596350727532625,0.01011936161303817,0.0005331220730910857,-0.0013630778317781367,0.013853310685371989,0.004412361190481828,-0.001936489345566006
2018-10-10,-0.026633083862956264,-0.031663019657079294,-0.002724194323177609,0.00248666770063255,-0.010560366087259743,-0.04632614464896512,-0.02300336550162696,-0.015305001101004079
2018-10-11,-0.02996312319353478,-0.022026399128992513,0.012159892288869045,0.02569101343410174,-0.02824368760014806,-0.008827855293118914,-0.03454786206035332,-0.02276685207099738
2018-10-12,-0.010912804316430713,0.013888179732603367,-0.003482587684802141,-0.004750349180877911,0.0002241141137664382,0.03571951173363064,-0.0026962504558909473,0.0008956320240516291
2018-10-15,-0.0057040265705484705,-0.005616801487020595,-0.00043653210887539817,0.006682258271583086,0.0005975743212325302,-0.021385884335717642,-0.006881369414373006,0.005147817382316733
2018-10-16,0.02144104900150956,0.021865772459139343,0.0022722930906038386,-0.0017241116227776354,0.01948466872634369,0.02203709278897792,0.004702125881669517,0.012914725369220337
2018-10-17,0.011139824267163645,0.00017823468729694092,-0.005929875927315531,-8.637423114732368e-05,0.021236388811150864,-0.004321289991595756,0.0036943264032165413,0.008133781003587082
2018-10-18,-0.015842888363833962,-0.014440737984011687,-0.0003506655150862237,0.001122698440194414,0.00028677692082768047,-0.023373701391132373,0.004294747284037115,-0.005451474104391618
2018-10-19,-0.0016648341267564426,-0.0005430627535112365,-0.0021936846841691393,0.0007764317521294917,-0.003225518646773784,0.015230199534419953,0.0014659557200911166,0.015786045543837446
2018-10-22,-0.014364326590939447,-0.004488586566609443,-0.0013190205653211828,-0.002586010225269497,-0.0026612551239542093,0.006110242583060144,-0.010003657050944637,-0.007770411671617072
2018-10-23,-0.01043607871908514,-0.005090628788728568,0.003169981728034621,0.005876763551604158,0.001802573253048223,0.00942652686958656,-0.01614307950844951,0.008483921690725982
2018-10-24,-0.01862242070536657,-0.030298747405136717,0.0075487068008073255,0.0023198236435848507,-0.010508788194350194,-0.034301665189085395,-0.027805555882888133,0.007980931649996137
2018-10-25,0.015200161668356138,0.017940524243219347,-0.0041813870395961406,-0.002228717024418514,0.007274445144649144,0.02189769524119134,0.008889637201821898,-0.004707938049495541
2018-10-26,-0.01373251583274393,-0.01758736351406276,0.006036943028140396,0.0031786521678458524,-0.010832659892193619,-0.01592345934741235,-0.009960389748797649,-0.012685504727766084
2018-10-29,0.013827041177784771,-0.0055399736544595735,-0.0022611120846350863,-0.003939360261169922,0.004234411068639643,-0.018770052977341467,-0.00619111529065719,0.011759687064975655
2018-10-30,0.017644190619864775,0.014818240236927238,-0.004968264871182515,-0.0043847864976442885,0.02326429980614919,0.004994286976594653,0.022452532800368186,0.025183123705383004
2018-10-31,0.02174309929478091,0.010680984096256063,-0.0050806988628211425,-0.005613139108367471,-0.005399628579142446,0.026066410397428186,0.011424533718239482,0.0052485846778254075
2018-11-01,-0.00036686469126845367,0.01064183449388123,0.000926295704650304,0.012852763420992508,0.005928902450970108,0.015352352184404117,0.012424541460310357,-0.002923901654690919
2018-11-02,-0.005505853889860246,-0.005923086563778157,-0.012432294461055093,0.00017151910256396619,-0.0009940928216808365,-0.06633076823443795,0.015867134507188574,0.005445911042292195
2018-11-05,0.006551345586824242,0.00551692369822554,0.003928341541006741,-0.0024003324100664303,0.010804496241823669,-0.02838811588870116,-0.0037827783164696704,0.014375482583699029
2018-11-06,0.004674954432420719,0.006328070922991591,-0.000621857788923541,-0.002835798085983887,0.0026020386191365485,0.010813912178570417,0.0042871172424900905,0.008625777554062797
2018-11-07,0.01715328253959081,0.021408694558972652,0.0013343984567855127,-8.619558903444346e-05,0.015290927119425257,0.030328323532099022,0.012684379165855075,0.005294185654652006
2018-11-08,0.008073151076113172,-0.0018149265759722644,-8.911215352658264e-05,-0.0021546152083956605,0.003799532842289066,-0.003488948435767414,-0.015897974139140958,-0.0008105094327305329
2018-11-09,-0.009699170715458005,-0.009768280861837009,0.007466198897602139,-0.011228151978489587,0.00027525060032229653,-0.01928169462436158,-0.0002469615033204864,0.007095285906697724
2018-11-12,-0.02102611253079656,-0.01868497966181304,0.006528371685725176,-0.007162820324765118,0.0019264190751835386,-0.05037424763020282,-0.012860195652152462,0.0038244622409249196
2018-11-13,0.005874470165187384,-0.0018713134322853042,-0.0006135319559928964,0.0003518677181439944,-0.006455343875395925,-0.009991134392817513,-0.022923639588017575,-0.00020028091651358437
2018-11-14,-0.020622358994977996,-0.006836572734919777,0.0006139086085423795,0.008267391966898074,-0.0029716902656778954,-0.028247347182382976,-0.007820464351308343,-0.0020057301314142517
2018-11-15,0.02552855310479063,0.010436408540528186,-0.00043826095781773766,0.0011339606953078007,0.0017331004363607683,0.024678513581100736,0.010337042032158239,-0.0004020299209311906
2018-11-16,-0.0007268155505167906,0.002600691490097118,0.005787313917316572,0.00740616997802257,0.010311418359250535,0.011075955082001432,0.009848252191273055,0.008644885303014993
2018-11-19,0.007636985653505901,-0.016914422113507133,0.0027900034079102465,0.0004324115306661991,0.011918428253996805,-0.039632050704142,0.003292157245301741,0.00677701937127817
2018-11-20,-0.021474510688748172,-0.018506240907303684,0.0003477904667168463,0.0,-0.008664481307218752,-0.04777812869615883,-0.028401490545640784,-0.022371481507949098
2018-11-21,-0.007468665186517343,0.003407469410431796,-0.0003476695505615357,0.0016426250921930396,-0.030454096035263167,-0.0011295605188347269,0.007665159783322606,-0.013163484114016799
2018-11-23,-0.009197184654553214,-0.006678571331466321,0.0010433714001494288,-0.0007768338236752159,0.0016903357150359621,-0.025399106006909977,-0.02668899445449302,0.005951261846795175
2018-11-26,0.0244725195301585,0.016144550564093585,-0.0022581577551241683,-0.0011228924348919422,0.0002827865075487601,0.013523559006557884,0.01973791691555249,-0.0030598545038740266
2018-11-27,0.004210451754303124,0.003364349148583523,0.0011316757305164238,-0.005966814640678719,0.01308680293751796,-0.002175943837391725,0.0009093806177877806,0.010231017587379432
2018-11-28,0.01111883979771311,0.02302511368605531,-0.004869406625880202,0.0037407596049729985,0.022482846598503636,0.03845248505614962,0.01816949006533486,0.006886344966556379
2018-11-29,-0.007932274010772011,-0.0021852132052784246,0.00393194250889195,0.0031201301691909933,-0.004028948613639227,-0.007682249159108423,0.007775948850942127,-0.006893294304317621
2018-11-30,0.010267192521665303,0.006095276501988156,0.003742590338265961,-0.0017279847238080848,0.007198696435039675,-0.005402112114891611,0.005565209266614746,0.028991506365943165
2018-12-03,0.009443269466804294,0.013241692331985355,0.007100342653023395,0.007529883500850154,-0.004696558650505556,0.034942479477534594,0.021635414293247557,-0.014087482661391482
2018-12-04,-0.044636434762498345,-0.032402092840175034,0.01674131756026087,0.006099124320393612,-0.001231350312548618,-0.043988677963070266,-0.022038814047366406,-0.0022135025585723334
2018-12-06,-0.019024709891042102,-0.0015175202358250761,0.0031406551479209455,0.0001707363609755319,-0.0008217622237211009,-0.011149532638846216,-0.013093541382630192,-0.004033794682403502
2018-12-07,-0.018062532440407453,-0.023235976859266705,0.0018613723322602471,0.00810992789134457,-0.003289752289041048,-0.03565720402121697,-0.009567401008902743,-0.00587306045654179
2018-12-10,-0.018685383589075788,0.0018973937572759336,0.004138165198943611,-0.003471894702593792,-0.0011688639742460927,0.0065879364996968,-0.014168003147158048,0.0030556421218821406
2018-12-11,-0.00976692743202734,0.00022706894404356248,-0.00016851029231146342,-0.001189661703648759,0.008536318107562835,-0.005719228185269709,0.0018292170355240778,0.006092861961693563
2018-12-12,0.006476168499137458,0.005035304290349485,-0.004458004257340109,0.0021269354947484054,0.004095821900141461,0.0027871558006078434,-0.008607297505020872,-0.00645961085947
2018-12-13,0.0009899800633934586,-0.0003390462343764167,-0.002365692695788235,-0.002207336227265433,0.005030618575273316,0.010940031297708153,0.01262847868826289,0.0050793178926171745
2018-12-14,-0.008208186659920624,-0.018464956033817703,0.003472106278379128,-0.003998989411934772,-0.10037877909689197,-0.03199778571278744,-0.018186708398878926,-0.0026280485600730374
2018-12-17,-0.012762892586857588,-0.019618478823751673,0.005823991850757437,0.0069195729103175285,-0.029022818768063674,-0.009305864382190498,-0.020375759490129708,-0.020470258896484683
2018-12-18,-0.004747136370171878,-0.0010964037834967355,0.0059886913048941,0.0023754880187696337,0.009911932793445377,0.01299275328704863,-0.027552544753021824,-0.00020712448717330467
2018-12-19,-0.01268523728459392,-0.014975588849887478,0.013211007633034066,-0.006093958623821227,-0.02154571783214243,-0.03119201839050212,-0.016944635159151455,-0.008691704156226665
2018-12-20,-0.008633802552476255,-0.01627788928232976,-0.0036311351123736735,0.015413416962360094,0.0051717597486531375,-0.025234596991822067,-0.03037575971162232,-0.007515910995311459
2018-12-21,-0.023639409995312444,-0.020489701008207906,-0.00016547113509901568,-0.004360924625816276,-0.0014032760433881908,-0.0388954630417393,-0.007431000691974332,0.0006311950320039283
2018-12-24,-0.021556681357458363,-0.026422875996700568,0.00497013725228812,0.010950096100037499,-0.04098671751795424,-0.025874324435602114,-0.03831474948202551,-0.033844837473305245
2018-12-26,0.04145877502005857,0.05052482434281225,-0.010715217591702908,-0.002999441684935489,0.03150431007001919,0.07042174096191522,0.04777872043766429,0.021323001634894867
2018-12-27,0.011254623443815781,0.007677700510301699,0.00016646373305650997,0.007604847107346435,0.0055245769005616285,-0.006489881674715203,0.004370609261137304,0.012569039429523032
2018-12-28,-0.0021641081904678616,-0.001290322758086604,0.008413625425929716,0.00406401148718416,-0.0010991395417090377,0.0005124463614762931,-0.01116901670911219,-0.0069426890750540204
2018-12-31,0.008158603239191153,0.008758969608152478,0.0037999262454304628,0.0015694898830167503,0.013986525318098186,0.009665219852647011,0.0002934351559344961,0.0031777935147252467
2019-01-02,0.017312045035351664,0.001040123586337982,0.005267294732869132,0.0006598089159148834,-0.010073762244104612,0.0011410507982156926,0.02199717734918072,-0.008869959971576913
2019-01-03,-0.014211662886762344,-0.023862669078828058,0.011379442810773632,0.009066170423806641,-0.015890511774654836,-0.09960704830942813,-0.01535326787212199,-0.00617966635195577
2019-01-04,0.03686522665020697,0.03349567025110756,-0.011575309902796427,-0.008086235900529481,0.016783268076729252,0.04268938983626547,0.036869129221406505,0.019939998268983183
2019-01-07,0.0006952774835184972,0.007884685669550473,-0.0029480909203876138,0.003458482876331992,-0.006414640542849459,-0.0022261027683465606,0.0052004711081385935,-0.013033277331927717
2019-01-08,-0.0018856586777976636,0.00939539604874251,-0.0026283774463354836,-0.00270804061547536,0.023226636914993826,0.019062883485424287,0.007270759565577656,0.011288516987916664
2019-01-09,-0.0016903997127165615,0.00467353540989901,-0.001564448340735769,0.006418158373500793,-0.0079257559393493,0.016981632329625462,0.005274723413057902,-0.019165761776679502
2019-01-10,-9.971855553947417e-05,0.003527625595624251,-0.006434107193948657,-0.005886691481276629,0.006049855681993899,0.0031962357449857315,-0.005108976242347629,0.010736285370856358
2019-01-11,-0.004781200135749786,0.00038616612087727376,0.0039022539554802727,0.001727170986037141,0.00030848171972519545,-0.009817929410928405,-0.004580242617422403,0.005736051394173103
2019-01-14,0.010309232093731469,-0.006100926763653702,-0.0037211690709406664,0.002380897199235621,-0.011329678869034132,-0.015037133592992746,-0.0012549862660541367,-0.00401371425793684
2019-01-15,0.007331184569760563,0.01146048526122323,-0.003651996455933282,-0.0017200351443330542,0.008419365866478179,0.020466858748234174,0.000558746554445877,0.008907993909766265
2019-01-16,0.008064249467637286,0.0024202053240325316,0.00099956361863196,0.003199863787636481,-0.010204389039328632,0.01221689614813748,-0.00041876988307365526,-0.013664275772824475
2019-01-17,0.004097817698410333,0.007586996051506922,0.00024995687474871353,-0.001308546962521917,0.008200603565595932,0.0059374409825485586,0.006839635470494709,0.002984022950124343
2019-01-18,0.016226010618430875,0.013309673133653943,-0.005242262735940861,-0.008926410300850951,0.012394750860692083,0.006159353650569743,0.011922986814169922,0.011687152964264591
2019-01-22,-0.015775930055962673,-0.013510481540631947,0.00677517505719627,0.0035531343340227117,-0.014461986717850595,-0.022446282818509022,-0.015070684097924225,0.0023105088224784076
2019-01-23,-0.002525443370180458,0.0020925018586066546,-0.00041573673786021725,-0.0013997379433263735,0.0,0.004044480475554613,-0.008206660903583018,0.011525310594356464
2019-01-24,0.0005844800624172919,0.0005314386738417554,0.006566094777773701,-0.0015666428373899421,-0.013742294073923578,-0.007926331070637005,0.001402467790762918,-0.012015442012153543
2019-01-25,0.006326350606996156,0.008461288393718291,-0.004789480266029544,0.01461726258147622,0.009446814569255668,0.03313682509496285,0.004481671590033098,-0.006709993896898303
2019-01-28,0.004739301387988615,-0.0075998929529269565,-0.0009955792225031512,0.0034999210730881636,0.005926896170311169,-0.009254642072819674,-0.006692588371296493,-0.004222392566321842
2019-01-29,0.002791904322569927,-0.0013271890616805004,0.005066448981031257,0.005596580714432919,0.010388288821438385,-0.010364382764376456,0.0037903258891318625,0.004876442915461965
2019-01-30,0.0023038520600096035,0.015830552459219716,-0.0007436020852498171,0.005726722578225596,0.01005149134985106,0.06833461441116429,0.010907285973312808,0.009704444653250155
2019-01-31,-0.008715766405402725,0.00878262168304289,0.0085999916453956,0.0004811737703025454,0.010939027797801204,0.007201039010670707,0.01369481218161428,0.005641369306992106
2019-02-01,0.0036714778113271507,0.0004815094677272924,-0.0060399426163103564,-0.002004008016032066,0.008415653578550897,0.0004807649117539725,0.036026030698342204,0.011842903058687071
2019-02-04,0.0035619391175338855,0.007035370881333325,-0.004464003368504499,-0.004337356751223598,-0.0098359451261113,0.02840518169433337,-0.01448884615910695,0.01129377923168473
2019-02-05,-0.004412634346108835,0.004192108449920795,0.004567102538240775,0.002581475453272253,0.0,0.017109347487552995,0.010291330011086286,0.00020286595865415258
2019-02-06,-0.00048185780614595775,-0.0013183367222356912,0.0004963849495771555,-0.006758902044908699,0.0009032263079766789,0.00034457397069953544,-0.004365530465982537,0.0
2019-02-07,-0.013109699940996866,-0.009532909868032236,0.006609660984146837,0.002430293392984062,-0.0071431062800506595,-0.018939319491822815,-0.007706533102786239,0.0032480194166801812
2019-02-08,-0.009962725755206847,0.0012216539874077004,0.004268038101944427,0.0037982966608791635,0.0026506192541502216,0.001175115320065201,0.0016246239840544963,0.0016188004753474594
2019-02-11,-0.004735536481137559,0.0005544591869290905,-0.00392327535409287,-0.004911042708701019,-0.003021220247573342,-0.005751062365460524,0.001621988862047452,0.0022223864416799355
2019-02-12,0.01704979941957019,0.012859388044071274,-0.0025430522197855687,0.002103577179937588,0.016363900618588945,0.008616871061766007,0.017543924826611157,0.0010077423565766352
2019-02-13,0.00477579366415859,0.003246978725437888,-0.0037844745294961513,-0.003956062177901898,0.0021616616019310975,-0.004154527280596398,0.011273218302385146,0.002617897840680783
2019-02-14,-0.006499017419736575,-0.0022182888528053946,0.005697847299441339,0.005592889654295163,-0.0010417264707761609,0.0036431805319752097,0.00026237614894575323,-0.08435453984178598
2019-02-15,0.030560488233943417,0.010897529504157122,0.0015598785266921489,0.005964900110646321,0.015412374604645285,-0.002224575874027579,0.01888015803686649,-0.007676744095560295
2019-02-19,-0.0035054052540288705,0.0017301069980226735,0.002541146037559505,0.01522430969570121,-0.005059456654608496,0.0029925978364466754,0.006691638337198436,-0.009062701977847865
2019-02-20,0.004849018901672775,0.002015892882531567,-0.00286203059261092,-0.0017363346220006237,0.0048642794946471835,0.006435254141026636,0.003834542239719685,0.006022661041509503
2019-02-21,-0.002082059034618111,-0.0035559122025849987,-0.008938613337738155,-0.01130613747012843,-0.006820910516725509,-0.005638650814692503,-0.009040860125168027,0.01685151331957857
2019-02-22,-0.004456075911705493,0.006200000700919528,0.005958073995048663,0.0035985360836492397,0.008713621300240337,0.011165962471038293,0.007709966008474067,-0.012647490636328196
2019-02-25,0.010476129738889783,0.0013613039187074794,-0.002961587262669929,-0.0010358346885892544,0.0036846593221422363,0.007284244640592297,0.0010201933061089186,-0.007508859456775263
2019-02-26,-0.0076341186161478225,-0.0007153636284307208,0.004950276449987578,0.001675034536747333,-0.0006609531547226988,0.0005741848371649816,0.00203823970489303,-0.005562744038137835
2019-02-27,-0.0012346270351299982,-0.000429842986704676,-0.011329349580734172,-0.0070871108191714605,-0.001763204863007739,0.0030973862537724273,0.01029740182770289,0.005593861256492527
2019-02-28,-0.007607329032478072,-0.0018625782804605473,-0.0034042158913921705,-0.005613959130088775,0.005667106838970426,-0.009836007343247188,-0.005536660423556494,0.008900881190971655
2019-03-01,0.0006706476564515285,0.006243887032981732,-0.009242965133003489,-0.017017506627186707,0.012514805638803805,0.0105112968148795,0.012273897091948038,0.0008824997943370771
2019-03-04,-0.00229820564138028,-0.003637661118448876,0.007837312308927036,-0.0026255308667166855,0.0009394091229895096,0.005029425004666521,0.0038747750115162294,0.005949666855843416
2019-03-05,-0.0007676539110684777,-0.001359976508553129,0.002091015018932385,0.0013162525939689473,0.0020943066507119745,-0.0018195723790972451,-0.0014938151793140175,-0.0010955809293723417
2019-03-06,-0.0037463988578609886,-0.006056674002254514,0.003671011075711661,-0.0009037184460104486,0.0023057862462203538,-0.005754044293281302,-0.011348022188360507,-0.0032896116756875315
2019-03-07,-0.00723094413682579,-0.008365419513051031,0.006485207735647869,-0.0008222882461902392,-0.006110965048773065,-0.0115747815962981,0.011099922338940083,-0.0037402290761091583
2019-03-08,0.00038819322989191996,-0.00200011623101648,0.004212625169975448,0.010945553273622899,-0.0013021291998829287,0.0023768488187354553,-0.014346346858034043,-0.009716973840382614
2019-03-11,0.01300858399177418,0.014501005697971303,-0.0029612440298719678,-0.004884390198699795,0.003621809100436524,0.034642242307561855,0.009745362756342413,0.029883771256426828
2019-03-12,-0.0029705908729085184,0.0037711615944673316,0.0070125619027372466,0.006053709964792153,0.004474146863912898,0.011235470425592586,0.0027576395979977963,-0.002815071616871223
2019-03-13,0.0033640912433896553,0.006619121577223108,-0.0018841865400338609,0.006992949727453013,0.001653064170901386,0.004422008116085063,0.008874798503824444,0.003691495578336257
2019-03-14,0.00910034933625048,-0.0006399231534442995,-0.007223104826688642,-0.011547098821608426,-0.009970872368189831,0.011116521546685076,-0.0033451972094735716,-0.002618668055766049
2019-03-15,0.01148653956192991,0.004940664404096351,0.006613900886903945,0.004574769560006908,-0.003042806657446495,0.013008476064182872,-0.0036052003232761587,-0.008752712928134065
2019-03-18,0.006006699588149811,0.0036258260085253458,-0.000574631974727402,0.0005692420438265788,-0.0031253129194223073,0.010208442912050808,0.011603496273793867,0.0024282970414224447
2019-03-19,-0.00363848957375823,0.00024793813456325253,-0.0022188863272104564,0.002763299214570303,0.00925870763699721,-0.007924886297145717,-0.00259014919295919,0.003303045387123671
2019-03-20,-0.0213482016137424,-0.0030094585818940534,0.010460398200082377,0.006484057947534705,-0.008306803560183651,0.008738820071761966,0.005564536797579622,-0.0006584551028444574
2019-03-21,-0.015786225890196737,0.011294338107671331,0.002200799493567107,-0.004026413261163153,0.005899855744762483,0.03683038278134809,0.005779501632318551,-0.0004392593010912327
2019-03-22,-0.03023241963581136,-0.01924630048245768,0.015534859703582926,0.002344768069306058,-0.008616775235652185,-0.020708541313195217,-0.01601669289846286,0.009228812324716174
2019-03-25,-0.008320000599153832,-0.0007520181982809682,0.0016017532373455712,0.007663119616744485,-0.002191501813441521,-0.01209108560844585,-0.006958231468961795,0.0021773759443111107
2019-03-26,0.010007025488305343,0.007454027764549398,-0.000719990915226898,-0.004963137418150021,0.014347646699955252,-0.01033179859371236,0.013012996104454277,0.013252186274647526
2019-03-27,-0.003402698661100434,-0.0052289903294487905,0.009202619598603246,-0.005229296137734041,0.0009380523276205643,0.00899405835574707,-0.007658182227647359,-0.0006433096257483228
2019-03-28,0.01134776077856725,0.0037907842236477585,0.00348859211821817,-0.014152850613865509,0.0012978106977372672,0.001326452474378348,0.004979193833448692,-0.0006436217714649306
2019-03-29,0.0051632821440927845,0.006305185039633843,-0.0009483367125456832,0.0009023839948698598,0.00655238130038982,0.006517524770810246,0.0007429622668146951,0.0060113114484796615
2019-04-01,0.03368536346416762,0.011858997789581105,-0.014203775394083795,-0.003934131206699387,-0.005794476595199494,0.006791456226366899,0.011509822608990028,-0.002987746466516672
2019-04-02,0.0047784550307654605,0.0004901607216212245,0.0018490612175989796,0.0037028271386223555,-0.009137791118751015,0.014536760416896666,-0.004282389489386973,-0.0032108370302089684
2019-04-03,0.001997284013520284,0.001573565524413345,-0.008667308633552806,-0.0014756542074284562,-0.003921556938717319,0.006854938888662954,-0.005897997124381771,-0.00837427122122969
2019-04-04,0.009660581796202994,0.002653510069570597,0.002833002200236079,0.002545135885276162,-0.011664158523361667,0.0017402969797619683,0.014215120224451816,0.006496250512528778
2019-04-05,-0.0023684621116742965,0.004840362761695305,0.0012916778563178966,-0.0010645913747292512,0.004499403513192668,0.006694344477403025,0.005362369149133794,-0.00021524289879937264
2019-04-08,0.0032285796361855024,0.0007617446919447879,-0.003547171243665992,0.004344964459018996,-0.0002937392506539016,0.015736030667710788,0.006182392913108403,0.0017215979800244696
2019-04-09,-0.0073825181885077695,-0.005124808341576914,0.003155944252425602,0.0052240582686200465,-0.004186740121228993,-0.0029985066270521443,-0.01289124806153541,0.0025780098111396477
2019-04-10,0.004481386021480072,0.003411086320166845,0.0024195271232871907,0.003085645543724258,7.369641467280807e-05,0.005613821437338018,-0.004516314794649645,-0.0006427942731429548
2019-04-11,0.008449071660582952,-0.0002774493089509056,-0.005873717016073865,-0.012790430232882621,-0.0027289746068163145,-0.00832392984799113,0.004781838865615784,0.0015006142165008285
2019-04-12,0.04687914020606487,0.006765867493031097,-0.007122890882402588,-0.0009839698252592788,0.005694976446118716,-0.00040233716047166634,-0.012568552023761281,0.0006425492119945808
2019-04-15,-0.011419933453589493,-0.0006549148756979095,0.0025269578243203306,-0.0018879040751598186,0.00397110563580072,0.001810360455654747,-0.003336776771642458,0.005562235086872924
2019-04-16,0.010551418003547086,0.0006553440702781188,-0.006261199169818377,-0.008963785785923162,0.010987240363990791,0.00010044293728261877,0.006819697406615255,-0.0010635998963298698
2019-04-17,0.028802841617198593,-0.002446654286297867,0.0004092621131992491,-0.0019085831288393473,0.003622588427534268,0.019472804672489463,0.002832312089732225,0.0070285697105614275
2019-04-18,-0.007349032243625375,0.001969094105237712,0.005234902523102436,0.0007482870651696061,-0.007219025297567461,0.0035938088131541868,-0.003684115161902035,0.004230209356259618
2019-04-22,0.0012339884162255732,0.0008619302506367443,-0.004800753374214151,0.0,0.002254161261054932,0.0032867685538220393,0.021817222231140354,-0.0016846757469655138
2019-04-23,0.0012321412137288323,0.008991808651522604,0.0021253910676455323,-0.002076929420084306,0.015018421500583301,0.014423202610030383,0.0057897258325787515,0.017088457763352993
2019-04-24,-0.0016701687297414614,-0.0022195985448989486,0.008158975068462526,0.002913740144174559,-0.00500341740710486,-0.0015422587223110629,-0.019428906308532556,-0.004770866502688875
2019-04-25,0.0005281880692349361,-0.0006161058507275774,-0.0014567316117922724,0.0008300695036758121,0.0032328723608512355,-0.009075190661305355,0.005626019382950265,-0.002917707089349686
2019-04-26,0.0075700438309063145,0.004656961368758594,0.003403948268654977,0.006635175033447238,0.005298813523487489,-0.004773844442110042,-0.021041016528203116,0.008779132430692727
2019-04-29,0.014414220675124545,0.0015680447618553472,-0.0063809804104981716,-0.004449212353194731,-0.003917663026757778,0.001517132485606254,-0.006460585567438892,0.0033153866835005097
2019-04-30,-0.0006030998662660547,0.0005100360249783442,0.005121203317075773,0.003062112981714993,0.009725276044807663,-0.019255944948006976,0.003876494233055361,0.01321772486499806
2019-05-01,-0.007669006007404167,-0.007516337264488526,0.004125370886270074,-0.0066006224629273635,0.005311670340553354,0.049085559776772314,-0.020054647071764298,-0.009579951358658745
2019-05-02,0.002170860823217824,-0.0021589501280075973,-0.004762117460255455,-0.0038205903541770336,-0.004719941237483982,-0.006507780241467254,-0.01754126468706174,-0.004116062375643215
2019-05-03,0.00615218537619433,0.009787793881975704,0.0028385125468852745,0.005919618726200504,0.005167292386858868,0.0124312183341031,0.0023285142893856303,0.006819214213980684
2019-05-06,-0.008870660380784656,-0.004115263891037113,0.0027494814804345236,0.001326117121354109,0.0005630975726829135,-0.015442729896024465,-0.00438858058802738,-0.005131424340463653
2019-05-07,-0.01633465051007177,-0.01669969876167654,0.007661390325366391,0.003310996887363471,-0.014919859231300125,-0.026956901945498712,-0.005315867095909699,-0.009696761820266464
2019-05-08,-0.0052999545708825035,-0.001389216883685651,-0.004321898657590029,-0.0024750055657883907,-0.001286234795067176,0.0001969755260275985,0.001563991687693056,-0.003124819916150323
2019-05-09,-0.0007993484059448663,-0.003025634974043956,0.004099284275448145,0.002398422606480377,-0.007582803023831852,-0.01074394034899917,-0.0009109555111705969,-0.00940414304746462
2019-05-10,-8.863127609948229e-05,0.005023431741553175,-0.0013609498698996525,0.0018977175142322888,0.002306518340118968,-0.013853300272109959,0.00869582727176943,0.01666632742494567
2019-05-13,-0.02719779739994077,-0.025130313252841652,0.007855671357875904,0.010211626950944686,-0.01330429911966824,-0.05811961719663106,-0.011102521393546949,-0.0029047955311141127
2019-05-14,0.007949054916054799,0.009043654775927612,-0.002942756371338784,-0.001711902564663359,-0.0027695724932692567,0.01583028448469137,0.0013206444175102305,0.013319502784721715
2019-05-15,-0.0038073327322991624,0.005857817708231572,0.006142428612780471,-0.0005716127335255727,0.0006576852112394338,0.011979367383299078,0.007387249291650022,0.010063694727597827
2019-05-16,0.01282993561123269,0.009260996830550816,-0.0033298057957199534,-0.007190107507201948,0.009495213248464252,-0.004400034982433243,-0.00013097107478798886,0.008133268829752849
2019-05-17,-0.0048513551703573965,-0.006465369673324672,0.0022269630778566363,-0.007077611679961904,0.0028941808666291813,-0.005681746200010829,-0.005893236572489746,-0.007664370474161464
2019-05-20,0.005236386687351491,-0.006611887828541718,-0.0020635391060425112,-8.290208125960596e-05,-0.0013706660241599167,-0.03126991865720341,-0.00013169580062755148,-0.00711392333408023
2019-05-21,0.003412615314875911,0.009015751549264817,-0.0015905740923249923,-0.002320944800343727,-0.002167662391367675,0.019170983463081104,0.004611408289377339,-0.005117767415071195
2019-05-22,-0.00814503450532178,-0.003071376640348511,0.005735757835600763,-0.0009970317877493473,0.0046338158874073,-0.020471619413763076,-0.009049235791591337,0.021604958796007212
2019-05-23,-0.019671543236949418,-0.012218774889348305,0.011247422912121552,0.007734533613594108,0.0074228810179644,-0.017069881613757887,-0.02342519536408727,0.004027996003305834
2019-05-24,0.009849545572277352,0.002268638289156355,0.0008619493095500808,0.0010729131367255285,7.220573161337285e-05,-0.003840611131798344,0.004201068812282882,-0.004814127338597207
2019-05-28,-0.010847166784038631,-0.009300775624140556,0.007199372801300674,-0.0038747008151563955,-0.012819662456570957,-0.004134592388001512,-0.020108062932312154,-0.010280393618873118
2019-05-29,-0.0027646321809334795,-0.006710716153831342,0.003030277367441103,0.0003310511869667465,-0.041876510670663336,-0.004769153295440143,-0.00619745498870794,-0.009979469378786576
2019-05-30,-0.010718690263303965,0.002731165618742537,0.008598629893602272,0.0067841455794737104,0.0059390840167719006,0.005186875690480486,-0.0026328358836861243,0.013165864491265111
2019-05-31,-0.010274358618748036,-0.013475244079760751,0.012519602810666441,0.013476862164072179,-0.007266566521194284,-0.018115842216454237,-0.01667374890702855,-0.0024365810046658165
2019-06-03,0.004718429348992581,-0.0025427856992503717,0.006688830676251367,0.014432812396575123,0.0022113065507687324,-0.010110005266975142,0.015684833623214045,0.01730097312411405
2019-06-04,0.03080987701139848,0.02170653687420776,-0.011401757044298133,0.0003197259638094696,0.017422254641649815,0.03658382390778847,0.023789566904579784,0.00040024473030131347
2019-06-05,0.003553896955822422,0.008661959476548908,-0.00565143387060385,0.00255692921232642,0.004860796159584346,0.016143243454624256,-0.008289479795295374,0.015600067488729996
2019-06-06,0.0021790355604767164,0.006502497207153679,0.00322612799963351,0.003267681746440987,0.017115410550597288,0.01468201760804222,0.018224569184383643,0.012209492126458832
2019-06-07,-0.010963021907653192,0.010007417760647286,0.008651513553612045,0.0056402851919619135,0.013681352504648636,0.026616582435740277,0.003633262947359883,0.0017510194091583386
2019-06-10,0.010809699683205443,0.0045887478089712275,-0.00941248198900091,-0.00995334973762707,0.003392815776957603,0.012779623722494637,0.00442486757329319,-0.002136465758027173
2019-06-11,0.003081484582581284,-0.00024212340818574596,0.0006130409150204574,-0.0011968524989020013,0.005466466449721263,0.011579512133802039,-0.000934316671585611,-0.0009727459092593316
2019-06-12,-0.01273943381913123,-0.0017653425265322653,0.0007656162338216532,0.00519253494403471,0.013592695201483318,-0.0031823949013571884,-0.010823507492853213,0.006039193275480859
2019-06-13,0.0024710058440831073,0.004126377844164475,0.0034442158792409305,0.006119340633088832,-0.006845970471001661,-0.00020613023094473437,0.008780445038967244,-0.002146826119233114
2019-06-14,0.0025562113074890647,-0.001105087849323394,0.0025161783949601,-0.00031596300165448454,-0.0044066581013290085,-0.0072624549274378225,-0.004418942369422196,0.0035203784978736774
2019-06-17,-0.005463641524080853,0.0003803162225475276,0.0017497286711563032,-0.0006320654488251032,-0.004639590462060195,0.005966650402458473,0.0099529252583761,-0.008575498355542721
2019-06-18,0.013642239023718084,0.010470976201889304,0.00501152806677152,0.005060083591572395,0.005665421394246861,0.02351809987781639,0.008656147178410345,-0.004521325487877315
2019-06-19,-0.007226013985217605,0.00225692808971778,0.0014358684283444223,0.006057242183996836,0.0015688158730549073,-0.00292231840420909,-0.005545091069591446,0.00947885614880084
2019-06-20,0.0025475216939894185,0.009554756882355964,0.0026404538498925323,0.025177896911959374,0.01253113223367186,0.008035851155452356,0.017127047789372796,0.010563386453466661
2019-06-21,-0.006806493577060868,-0.0014538074049583738,-0.01098678254265173,0.006635612181659978,-0.0008438509573657216,-0.0034095487353031917,0.014097284930149945,-0.0021291899027614525
2019-06-24,-0.007127024486120237,-0.001224383370643456,0.007456756533856357,0.014850786310930397,0.006826672091905683,-0.0010062109578796719,-0.009525169132992284,0.007177334859135964
2019-06-25,-0.00828286726105154,-0.009807995436257322,0.003096620025928365,0.0019411266395166216,0.00824854398409558,-0.01515735452525413,-0.008836866898833007,-0.0030817837595836783
2019-06-26,0.006681396093720204,-0.0009973963074014769,-0.006400031175584298,-0.009165393111099984,-0.016569732504621904,0.021629086654563867,0.004326340719215782,-0.012364604262325773
2019-06-27,0.003318781978648211,0.003546037395718571,0.007047325705942242,-0.000977700846950591,-0.008177948950311542,-0.0003001944758947994,-0.010182274723056661,-0.000782295400462818
2019-06-28,0.027195626926976413,0.005145929660081094,-0.0006773222150892044,0.0027100317696175935,-0.010021715385021612,-0.009112093270430832,0.010683197655655396,-0.0031327393512297075
2019-07-01,0.016815834196891144,0.00907843785068807,-0.002338769068688351,-0.019369383559800002,0.0005740913823097937,0.018340850125823316,-0.0009134137954375232,0.013354316001238375
2019-07-02,0.0010557390944123668,0.0026042113229463038,0.0077128330550393365,0.021359735486276676,0.004808165371103623,0.005854594601052865,-0.01097173861383105,0.007364685263939519
2019-07-03,-0.0015928928213945204,0.00799507420055523,0.007129633069407504,0.001649060899963084,0.015068019108870123,0.008286796277392039,0.00950858519642983,0.0023083292007861633
2019-07-05,0.00593854242021119,-0.0011377483126077115,-0.013263281777379787,-0.011150231525253074,-0.011045406110593348,-0.0008805070210019528,-0.004055358734845305,0.00019225719450588485
2019-07-08,-0.005462906430677594,-0.005494999552672075,0.0013590525357332073,-0.006432617734537516,0.0028453012454783266,-0.02061402608038576,0.004597201239670667,-0.00211116465645389
2019-07-09,0.004252470510629935,0.0012469128941949847,-0.0003767748342357047,0.0035037454291328984,0.003121424545286189,0.00609950026067696,-0.0006536399037478935,-0.007884643690557414
2019-07-10,-0.0029110972938503066,0.004777747019722778,-0.005506840557184645,0.015787490178783115,-0.0014141999195405042,0.009888388323460173,0.014130623106912932,0.004458315816627589
2019-07-11,0.009555746427822198,0.002344292873274645,-0.013350607982267837,-0.008443584154164463,-0.007789967899230366,-0.007281996223836185,0.0007741336712221436,0.004245595485901532
2019-07-12,0.010517177505419806,0.0044770634908268825,0.0011534043631653557,0.006254723814186791,-0.0414674457419113,0.0076824256953422765,0.0007733999015941961,0.0015371118445968168
2019-07-15,-0.012142363912845178,0.00033220895684804574,0.005759299788729688,0.0,0.003052785454584761,0.009395191140013859,-0.007085076610711449,0.00019191195611489853
2019-07-16,0.010711064350661381,-0.0032248968555598223,-0.0029777722456536537,-0.008462554430785363,-0.01640550046429623,-0.003459881699882872,-0.014919410750059092,0.0001917846685166591
2019-07-17,-0.009815693821919269,-0.006805299740767712,0.010797907198213164,0.01646531748539748,-0.0048300480130812895,-0.005622985106751299,-0.005926473403317867,0.0007672629182002844
2019-07-18,0.005965269592481226,0.0036611810819640045,7.607760596473057e-05,0.014117951186161548,0.0015925812485206858,0.011359127859397855,-0.008478904949917876,-0.002874736311540116
2019-07-19,-0.009854293979989603,-0.005555268388515167,-0.0023483717794963166,-0.014727392803034478,-0.013326595706917077,-0.01492742282740911,0.002004029459477863,-0.012300710087929212
2019-07-22,0.0064292965432986016,0.0024566534145309404,0.001897744508799537,-0.00014876383044060137,-0.012815410801676363,0.02285395048432748,0.0010667711195939678,-0.0033080218152512497
2019-07-23,0.018290338444310716,0.007149939508541259,-0.005456541902915557,-0.005652618252780628,0.0015548026707141727,0.00781779458508658,0.0039964773548173405,0.060718349036317676
2019-07-24,0.004038793423910336,0.004699854382133495,0.004343753840018394,0.005086339018351538,0.007295588330050284,-0.000814102599836386,-0.00013277822959256724,-0.010123112864149797
2019-07-25,-0.009586241035842158,-0.004777438764923314,-0.004780634326635891,-0.007070008058076338,0.010325253296289194,-0.007907073430576395,-0.005705985377592038,-0.013202012672283603
2019-07-26,0.004407308757859774,0.00670048908432741,0.0023638408410906475,0.001648937368628589,-0.002974263025305457,0.003478085901865713,-0.0016015776601709941,0.02072753556528939
2019-07-29,-0.003183360621544007,-0.0018213272791044455,0.00030401917477629326,0.006659678193005059,0.017516947620954237,0.009338323598764076,0.00708460867017302,-0.0033229029578093483
2019-07-30,-0.0022442072443168426,-0.0024548804301125493,0.00243347785806991,0.003344956160896251,-0.007066333965042748,-0.004292187912251499,0.0001328311316155517,-0.005001015855912283
2019-07-31,0.00354689605193248,-0.010940339592582893,0.008040648192607636,-0.013112972808538625,-0.01408263475389393,0.02040454980465012,-0.013138741194854586,-0.020290451768994022
2019-08-01,-0.026379251716602048,-0.00870810215215545,0.019860506111466725,0.02402219643390402,0.0005376885369599016,-0.021639420641184848,-0.025551593262495342,-0.011400269549869946
2019-08-02,-8.865876001107331e-05,-0.007529312663481003,0.009240920674081998,-0.0038120684590625675,0.0059868461193948175,-0.021158264479377187,-0.009798200949583058,0.0057658672153790835
2019-08-05,-0.029752785562140227,-0.030073250392610884,0.01728860422149814,0.013981852270352535,-0.006943063051599863,-0.052347817114770656,-0.020487697839648322,-0.012994399211353036
2019-08-06,0.007848914073684377,0.014023104008528797,0.007993013528050597,0.008128386897085838,0.004686459714818847,0.018930477472366425,0.00967546236551442,0.01200398346244036
2019-08-07,-0.021733235036597076,0.0005903821382566843,0.00035716237330096767,0.015189695160357397,-0.004282282932927206,0.010355324294912593,-0.0064825166556776725,0.017409537853246837
2019-08-08,0.016939642863714743,0.019620530922430435,0.0021418756328812627,0.005034686098196239,0.011289265676865279,0.022055882562202145,0.026666611232797788,0.00959002688282884
2019-08-09,-0.0010922245308033762,-0.006811660852433232,-0.00199526830099106,-0.0033161732510501585,0.0027339224007911778,-0.008239937316583679,-0.02127678191331095,-0.005028872118662209
2019-08-12,-0.018771697712559154,-0.012173380087396102,0.020850322252623288,0.009698502260031328,-0.0008330622419310263,-0.0025378911086862965,-0.00485922636434899,-0.004118345924107869
2019-08-13,0.015415932315194114,0.015551792061117897,-0.0034275515883487317,-0.005959518154781018,0.011294061926669263,0.04234861733323547,0.0123510137435765,0.005639150231518508
2019-08-14,-0.041521629836465346,-0.029567469025252202,0.022529290240502098,0.0068415942238304606,-0.02368468238363075,-0.029765132711889186,-0.040289125579646146,-0.009532754436704094
2019-08-15,0.003816795569029141,0.0026417237339633193,0.011119856718487808,0.0066549698650941735,0.0021494534111894392,-0.004981573178521659,-0.005912866717103449,0.01660715040593419
2019-08-16,0.023954216883490975,0.014754746379827433,-0.008010512033679085,-0.006402214255277094,0.0062816458234291606,0.02359473244282806,0.01561338484290764,0.010023872825336344
2019-08-19,0.009004680988526026,0.0120480165431609,-0.014302327327879283,-0.011696303286335752,0.0067753142358975005,0.01864382394961628,0.01683746573989331,0.005146074121738398
2019-08-20,-0.012696724590864905,-0.007662522492877355,0.010344449718199922,0.007795380191040424,-0.012476159830423716,4.765789036409451e-05,-0.006047695687551702,-0.014810415812631539
2019-08-21,0.0027958768877636153,0.008135202282484322,-0.006665141384363915,-0.003164420123660472,0.007120934429143855,0.010838670171079201,0.009995631573188613,0.004082834441312633
2019-08-22,0.010314961727591276,-0.00030789152325150226,-0.006641056056482797,-0.0025395077899371676,-0.0019771067841946044,-0.0008465114166221754,-0.0021514001711837594,0.007209070452600441
2019-08-23,-0.024834685432509773,-0.02568749512990809,0.01643533047114265,0.019589847185487175,-0.02696710295484961,-0.046220545346022934,-0.029897852336096098,-0.013764075794199138
2019-08-26,0.008017720357316849,0.011058619213379473,-0.004042586492614908,0.00013875475282665306,0.008045416967427776,0.01899927761129727,0.005334150813623539,0.014886452168415554
2019-08-27,-0.010573860073796348,-0.0039234850584006775,0.015408659948168424,0.00957073902105865,0.014397442168952113,-0.011283857188141622,-0.009727236742902656,0.00330036056756966
2019-08-28,0.010024687898055884,0.007041335829609308,0.001287036872996028,-0.002816539407023644,-0.0074050575263185925,0.006710513711403188,0.007292531708574801,0.007127129432231483
2019-08-29,0.022659092552246296,0.012773263171294236,-0.0037882165284104374,-0.007164566813753437,-0.0034192691151465615,0.01693175638671507,0.011081617843639036,-0.0010885705906922283
2019-08-30,0.005859922546861629,-0.0004445345014457702,0.0002713621064700522,-0.0025672712303844714,0.0009356296550211418,-0.001291895975161772,0.0007308537140460203,-0.00018178319894912587
2019-09-03,-0.011833186368622295,-0.0058470495693793145,0.001292773992020324,0.013913043478260834,0.0029605234169864936,-0.014563590058256137,0.0011681042686122467,0.004723795240286988
2019-09-04,0.012066784154294297,0.011350173283357856,0.00149358022700663,0.006243592878966586,0.0009320673085748687,0.01696650159764279,0.010647636860431797,0.008499046925122489
2019-09-05,0.022754454402216684,0.012855426654523328,-0.018110421952348466,-0.024001119491110168,-0.0021729174708861043,0.01955155645621187,0.014143402098407254,-0.011655078278067
2019-09-06,0.002135818848359783,0.0007726464981114844,0.007115836081113214,-0.008523132778435305,-0.0028772836279704617,-9.39318532970912e-05,0.009392318155664103,0.001995792980989508
2019-09-09,0.02477558891182219,0.0005031706441378514,-0.01776589675571727,-0.0037344897557421985,-0.009827878354200958,0.004267409848424775,0.007895464162360755,-0.01285532326457961
2019-09-10,0.012738348076456019,-0.00023508025315677195,-0.01752718667780684,-0.008557937047107611,0.020480432721663666,0.011813007801998898,0.00811253121546307,-0.0022008745197913404
2019-09-11,0.002738212778315763,0.007111205840521606,-0.0017773733958593718,0.006063676329913781,0.012504875039273777,0.031795039477943154,-0.0019421595824645754,0.006801315774074945
2019-09-12,0.006143762085184745,0.003463853946716444,-0.006550635499604884,0.002056360685188219,-0.005641782365738979,-0.002236318615822963,0.0006951475938059559,0.006207749336978097
2019-09-13,0.01967584877626094,-0.0006637918433141099,-0.021359061886036312,-0.008279177519783909,0.002683682074982263,-0.019453852460703303,0.009168970724106051,-0.008225249994287975
2019-09-16,-0.008899499314177772,-0.0030885644422521397,0.012743429277036755,0.008348294532203537,-0.009481594409321725,0.005257198634897486,0.01500541672484812,-0.0055289772160064254
2019-09-17,-0.004951257833582967,0.0025316116452334114,0.005424243742054857,0.0019813102518067005,0.001003622112456748,0.003637732134718963,-0.007595202445475624,0.00518915574121892
2019-09-18,0.010036316184592886,0.0005980012784467803,0.004243573515262167,-0.006285306153149484,0.005706903404198771,0.009379579858918241,-0.00478328774372605,-0.00018445349631313057
2019-09-19,-0.003173179669425763,-6.623025791074877e-05,0.0030079843199652956,0.004050828215713009,-0.0023008220253832867,-0.008125180743212557,-0.006729001554408365,0.005347807330793541
2019-09-20,-0.004020807733987719,-0.004724887667726607,0.013210525359203418,0.011820485442912032,0.01183626724339093,-0.014617882009779426,-0.0034565886177090333,-0.011188552375039573
2019-09-23,-0.00016811969193231135,-0.00023483930145118403,-0.00021157830052942472,0.005596383832365381,0.0006839479900548895,0.004546825008128641,0.0006937729911369317,0.004266141211228147
2019-09-24,-0.013038202179342928,-0.00784662587415541,0.012054168672266385,0.005286918308423871,-0.0014424922446145683,-0.004755197576589043,-0.013725146166137514,0.0029553238157540296
2019-09-25,0.005710194341763231,0.005914710542612722,-0.014626851036210087,-0.018545379403875573,-0.004256899364069255,0.015389835446666833,0.002951940867873759,-0.0023939527474112765
2019-09-26,-0.008220362301794903,-0.0020829706466862774,0.006432425037089962,-0.0002820880237280887,-0.01633710460450788,-0.005157613965802277,-0.00532590973754965,0.004061146221574052
2019-09-27,0.005896032597216161,-0.0053875382125638804,0.0024581722736110034,-0.005148429100112373,-0.0019401967746658366,-0.0048661605356844495,0.007186171978467382,-0.0014708698816411347
2019-09-30,-0.0002547854755551304,0.004637908618815301,0.0024524710842588338,-0.015525325955691782,0.00606539039626397,0.023535185922654245,-0.012171154266749529,0.0023937705588721325
2019-10-01,-0.01818336936480691,-0.011894898804592269,0.0030097883608570797,0.005472814807717441,0.004714760541271179,0.002768293624972884,-0.023509584933189553,0.0038574009467937653
2019-10-02,-0.019904794499436163,-0.017664402511566868,0.0024430278499327773,0.011673634369571584,0.015462634966342037,-0.02506784025119624,-0.026105784597754478,-0.028728232848182822
2019-10-03,-0.0014242464012910183,0.008192482159863568,0.00912238829494183,0.004530648552570016,-0.006136283643070173,0.00849475774710573,0.012360552967122684,0.014318119155723563
2019-10-04,0.021659874499600384,0.01353241079112788,0.0073835903331747055,0.0,0.018827934641014954,0.02803163889089344,0.014562722493642877,0.013001148334045975
2019-10-07,-0.0021812025473144647,-0.004314520263226096,-0.00828853683529951,-0.008527071931805796,-0.0037410932045005563,0.0002204517497255143,-0.013773903146579558,-0.012284486070100242
2019-10-08,-0.02229621350425781,-0.015524592696980699,0.0026935402282848298,0.00874259511120079,-0.009912971436945806,-0.011715022770445338,-0.01940623235765948,-0.005383024249767998
2019-10-09,0.00724398470434906,0.009496089365410798,-0.005648093012902811,0.0009160434363713055,-0.019872450470763248,0.011720223497227567,0.011094847400796803,0.004665867396186574
2019-10-10,0.01402831343364519,0.006763207348079003,-0.014894542579198866,-0.008729359144837523,-0.0012386143944443928,0.013478349316306426,0.012010581767225803,-0.003158287848619157
2019-10-11,0.016898392524273165,0.010367223607058218,-0.012377006820388115,-0.005539370732339566,0.017589058857338635,0.026598405961315352,0.010695923172056032,-0.006708959448207041
2019-10-14,0.002669457318831059,-0.0011137616447879362,0.0072629246174349404,0.003999125640758994,-0.00464468564464493,-0.0014395416388579552,0.002899280849442576,0.0
2019-10-15,0.030141628222778882,0.009900317005224313,-0.012088647007757247,-0.006970593591764218,0.01621776053160029,-0.002331993670707022,0.0034693033721031608,0.003939992930920511
2019-10-16,-0.0023341265466783057,-0.001606128774875426,0.0012170639356483548,0.0057302703836425994,0.017539716840995645,-0.004036888712874331,-0.017142145627139227,-0.0003734148243235147
2019-10-17,0.005598211330932745,0.0029493063864580726,-0.002430171239437229,0.0014243781997433924,0.007398265430912154,0.003882902701092039,-0.001318923148915907,0.005608303618785504
2019-10-18,0.0017449221369938428,-0.004377337313534846,0.0,-0.0010667370445437419,-0.06220174410390389,0.004802628926824815,-0.00777816833846956,0.01840513437667246
2019-10-21,0.02480098340906145,0.006779259890899558,-0.0075223113896190075,-0.004770136663166058,0.0025061393211818217,0.01734295047489276,0.016713614607047678,-0.010040490826278448
2019-10-22,0.010036160505557001,-0.0032669901431778836,0.005846927388564183,0.002932997222985456,0.009216993398320383,-0.002286937649720877,0.0050913993346086706,-0.0070069864398647486
2019-10-23,0.002644502354334888,0.002909758989591227,0.0010050362690050552,0.0023537934253772264,0.005417749453751508,0.013418993848237415,0.009552807309118228,0.014670229556346781
2019-10-24,-0.0007191266453169254,0.001633757775271194,-0.002007520561972176,0.007115918371069618,-0.0184755231477306,0.0016448412859146888,-0.00946241468495379,-0.0005490525031454085
2019-10-25,0.007998090880067421,0.00409509399674457,-0.004885682269184732,0.0023316740895991117,0.006666761876240157,0.012316149529791653,0.0023158819593096514,-0.015748151652258957
2019-10-28,0.003808517599072081,0.005636682151767047,-0.009096322656108713,-0.008600036764796815,0.006466698398411408,0.010016912951454904,-0.008808386354235198,-0.0033486018661759154
2019-10-29,-0.0006323446374981723,-0.00029662184984879936,0.0006564234502852706,-0.0027730332148816483,-0.0004646598657035428,-0.023127790749738475,-0.002914168869503131,-0.002986856154958195
2019-10-30,-0.005536697101289345,0.003067074515119561,0.014634040898961587,0.005490226541611021,0.028810623585367567,-0.0001231587811200141,-0.010519690777819446,0.009923135712988973
2019-10-31,-0.006442336236258894,-0.0026635509676529168,0.013490409115312296,0.009998499224238566,-0.006022506204128475,0.022609538771025894,-0.0022153190238033416,0.009084324560310941
2019-11-01,0.02305466679052559,0.009264026644974166,-0.0030783320047884644,0.000912763389017579,-0.006361479731293751,0.028380745809024166,0.030043022219284454,-0.009737092900837463
2019-11-04,0.007981335163353975,0.004017801015819389,-0.013161447508053259,-0.002876007780098777,-0.007393551572545509,0.006567218459083701,0.02974123241871074,-0.014100463347594072
2019-11-05,0.0021737315422409864,-0.0011059768613965737,-0.011246480639709011,-0.016180006273117664,0.001459218363441206,-0.0014370682918396493,0.019812966542225308,-0.013549219394857537
2019-11-06,0.001548933921582174,0.0002278178653694063,0.006051413337726741,0.004290245395359271,0.004140485570458097,0.0004278112929576583,-0.021890345203780304,0.007249287186323006
2019-11-07,0.005413943701255919,0.003516732966030389,-0.0181188400748028,-0.015521486102876958,0.0035886660118624736,0.01154133339262331,0.021261551248969335,-0.009658987227693316
2019-11-08,0.002922965438650005,0.0024661868210207327,-0.0042069645228910435,-0.006364394703267995,0.011945707841720887,0.0027366969984985445,-0.01899118696989721,-0.0015300302800772547
2019-11-11,-0.003528021690950567,-0.0019097237347645013,0.0006672450972566857,-0.002401934875323586,-0.00766915717958816,0.007918858823115382,-0.00607573319320831,-0.007087088013410181
2019-11-12,-0.005849811593367837,0.002107705186196407,0.004592655907296184,0.0026995120660886496,-0.004773504174046539,-0.0009154021716410998,-0.013790148524486345,-0.002507284427544998
2019-11-13,-0.005264862598254649,0.00032359707547513494,0.0064883810210694115,0.004002059820052306,-0.0006091944462416343,0.009581861465560948,-0.008216725080020693,0.013537044643845864
2019-11-14,0.0009341153419613057,0.0014558246209712689,0.010330017546239523,0.004203521155341949,-0.0023613405963739398,-0.006919693203936039,-0.004360647171359422,0.004197525041332195
2019-11-15,0.007231661586068139,0.007236586973382586,-0.0010879958953924351,-0.0025259154943226836,0.030390953505553764,0.011879628672496922,0.010072922929913464,0.0007599396602750996
2019-11-18,0.008414802049997006,0.000737656262325137,0.001815189130365713,0.0029664162029099383,-0.0008152976916777632,0.005042038042843311,-0.00968336036916384,0.006834974411622952
2019-11-19,-0.00030566472291504443,-0.00028865568078584314,0.008332721288282219,0.0005050304911609071,-7.400483111708045e-05,-0.003032723285882777,-0.010216025598063894,0.0009430464230979485
2019-11-20,-0.007275688302012084,-0.003718660975728705,0.010347735231183597,0.0005046655432805469,0.008307298985274159,-0.01164131273230995,0.003096531383223411,0.0026377246665623133
2019-11-21,0.0023140429976022947,-0.0016088781579822742,-0.00625909333179675,-0.005477043362080103,0.003678077779685429,-0.004483661807199724,0.024106873281777297,-0.00488550550383593
2019-11-22,0.006619165032493379,0.002224027083032931,0.0012885489966132369,-0.0018840181654777854,0.011946664509790983,-0.0008777379739045577,-0.0043059014194342105,0.0013214969964652212
2019-11-25,0.00535226656677712,0.00775026724313288,0.0029302698187190224,-0.004791662812458131,0.0004374723873865616,0.017533876965406092,-0.006631184689977254,0.0035832585864721267
2019-11-26,0.001368785524161087,0.0022653699445747133,0.005844343871388213,0.004814733391401704,-7.283579649031147e-05,-0.007808930247913959,-0.0024669064708204846,0.012777157893218316
2019-11-27,0.0029620294821681714,0.004457512234270711,-0.0029050613266221603,-0.005299919828770094,0.004228379359388246,0.013432403230527523,-0.0005820807413536855,0.0009271294815276221
2019-11-29,-0.0022716701207005086,-0.0037087026110221855,-0.0021320120299036516,0.006203971517371398,-0.0018872867155502737,-0.0022023190822078043,-0.008297083596083943,-0.0028007670153212816
2019-12-02,-0.0022011739686892406,-0.008494567809680276,-0.013332571124292869,-0.0005078146228696401,-0.0009457265740199228,-0.011562624168692026,0.004256652777230974,0.0065541449684694
2019-12-03,-0.012854363419489201,-0.006706769310260707,0.020967102937303084,0.00957984896245434,-0.0014558707142123817,-0.017830055919124232,-0.0078924923594067,0.0009304320085210538
2019-12-04,0.019725736897593382,0.006170570466647485,-0.00998474429802787,-0.0013658431498282386,0.016185550830305706,0.008826010772924997,0.011343764481469343,0.009107719224781485
2019-12-05,0.0054403205316508885,0.0017979167110007133,-0.004864225745612627,0.0005758841931267078,0.0012909398836535857,0.01467133170563284,-0.003496021660690629,-0.0018417554033782757
2019-12-06,0.014880564575753708,0.009133898172584143,-0.00553501119249078,-0.009928092682104261,0.005875656670925933,0.019315886083955736,0.01607939850773854,0.0042441022525760985
2019-12-09,-0.004665450266827631,-0.003144335883927929,0.0021682985553503897,-0.00029060665275248976,0.0008549516966278592,-0.013999831720695632,0.002158053656947878,-0.006431641902027496
2019-12-10,0.0006698983727082553,-0.001114766736132311,7.224510838743647e-05,0.0028347098739491816,-0.0036298395694115415,0.005844510665246938,-0.008613185981254934,-0.005548178248160784
2019-12-11,-0.002379255660218793,0.0028386379259539574,0.007860903965829502,0.00688553265084435,0.007071744338376762,0.00852915800582621,-0.0014482741276699018,0.0033475139303300594
2019-12-12,0.028618003479480292,0.00861914454008672,-0.016458173374841234,-0.003527249493396556,0.0025536801459742353,0.002548316339877843,0.020011911146403216,0.003521793698705089
2019-12-13,-0.008766337781539235,0.0005990934772543977,0.011568434068002897,0.004478873140076667,0.0002829620589817061,0.0135929624402773,-0.015780472501328968,0.005171838419253394
2019-12-16,0.003873533402160012,0.006870129050829954,-0.008990295283922145,-7.198680622300113e-05,0.0028998151932253524,0.01711824263761863,0.011122333866875334,0.0
2019-12-17,0.006116249017038555,0.00021892619596708407,-0.0013792045039207057,-0.00021575647831872935,0.012483412873600441,0.0019654407084506165,-0.004571585777710219,0.0
2019-12-18,-0.0010135744310189043,6.25366507940317e-05,-0.008211904906342049,7.200752478642158e-05,-0.0025771943177796963,-0.0023896476919089693,0.0027267969526671987,-0.009371650275458165
2019-12-19,-0.004998076289268294,0.00409905270267763,0.001599761425612245,0.002589559770448613,0.015084894669225468,0.00100120470712306,-0.006870028598251365,0.00760548503111913
2019-12-20,-0.0008008694698427021,0.004384165546493568,0.0013186671812686068,0.0010044438566789715,0.004884937055114724,-0.0020713405948477037,0.007926228675499525,0.011965952206169472
2019-12-23,-0.0002912530547308778,0.0015279061297561736,-0.0014634369137122016,0.003081942822633188,0.002601426592003575,0.016318300616694925,0.005004451200794291,-0.001091281943075173
2019-12-24,0.0027695068630106956,3.0955512238861616e-05,0.0028582100602860816,0.009431992518777577,-0.0034829775909688276,0.0009508260943089653,-0.0038411866691288044,-0.003642680643294649
2019-12-26,0.010611897052208441,0.005323557947706892,0.0024114260247105612,0.007857298625196796,-0.0006849985505194001,0.019840171351645397,0.0015708947125565587,0.005666572243614887
2019-12-27,0.0007191660038305958,-0.00024808753332672406,0.0010937543668829708,-0.0003511943393945671,-0.0005484371045602066,-0.0003796143384946493,-0.0034220243735016975,0.005997819757805001
2019-12-30,-0.0036650976728352935,-0.005512995629340489,-0.0036408081244014845,0.0021077991140190377,-0.0030877716447614834,0.005935120326273191,-0.005866382225382272,-0.0014453886803464933
2019-12-31,0.005554125673544741,0.0024292425876661916,-0.00979444968325427,0.0018929327941459295,0.003922960599171965,0.0073068293463756095,0.0043176020637913926,0.0014474808527862315
2020-01-02,0.012123710087010187,0.009351924771850095,0.011293450781412195,0.0073478173310379535,0.00068590631264831,0.0228161276416341,0.016050595549647273,-0.006504081149305674
2020-01-03,-0.01319667374347766,-0.007572370771007475,0.015400458626339208,0.013268521727000326,-0.011578021093539337,-0.009721921179797977,-0.008039626653190912,-0.005455860825098968
2020-01-06,-0.0007953778507105991,0.003815282229742367,-0.005678594884232613,0.010489502076611812,-0.001247477603703695,0.007968241214080019,0.007678440134452291,-0.00036545313171909566
2020-01-07,-0.017000206139870633,-0.0028120256588159975,-0.0049158973611291845,0.003935150508558971,0.006106819524760443,-0.004703080777853308,-0.008184300872164152,-0.0076826764927134805
2020-01-08,0.007801209104624451,0.005329833018552499,-0.0066106125400158255,-0.007501524641443713,-0.000137960377401658,0.016086185099260186,-0.01508030584438702,0.0018434563680491678
2020-01-09,0.0036510008354400103,0.006780697461151952,0.003510043157711751,-0.005651653463197515,0.0029665573815111923,0.02124110804837276,0.007655380381693222,0.018215362506174282
2020-01-10,-0.009968217478492414,-0.002877948695662713,0.008890919669750197,0.006026192495848015,-0.002270052084871299,0.0022606163793856826,-0.008887808090653482,0.0034332507895402653
2020-01-13,0.008304681117859536,0.006877302957499332,-0.0030339082963460884,-0.007419483430124996,0.004412045900237027,0.02136448244371314,0.00954629692839326,0.010805026663395223
2020-01-14,0.011661899533275344,-0.0015245886627324179,0.005143846073078162,-0.0008915435213457945,0.005628172883560101,-0.013503491761936548,-0.008595982247894152,-0.00231620057997306
2020-01-15,-0.01498575332849883,0.0022599060681489647,0.006631439605106593,0.005834242779070742,0.00334412886873503,-0.004285443049645177,-0.0015898783991789012,0.012500190857810844
2020-01-16,0.0038761757684504516,0.008318611045765367,-0.0031500534380511924,-0.0015695082440052577,0.008094671153635158,0.012526226462322487,-0.003907681911306193,0.0021161343028979207
2020-01-17,0.00692197914773951,0.0031120556544008693,-0.008548437264276565,0.0018454259925253513,0.00654539031904644,0.011071286948422854,-0.0037781246722503603,0.002112156439263657
2020-01-21,-0.00984073504900862,-0.0019578610055853707,0.010505404396311535,0.0010915790702048511,0.0006699974903412453,-0.006777067718794383,-0.01429413777256694,0.004039127929657438
2020-01-22,-0.0011691188218518889,0.00012066102840790904,0.0035135760675275574,0.0003406555206315609,-0.006833033118287979,0.00356981636355469,-0.005770682183146358,0.007696564442470466
2020-01-23,-0.0010244003617326802,0.0011470508707764893,0.007001952694690949,0.002248122121045526,0.00188871944476654,0.0048153166376563306,-0.006251130881152145,0.003818647901320693
2020-01-24,-0.02482794929566201,-0.008893488073721145,0.008088458534634801,0.005845572586286041,-0.0014138384363843182,-0.002881635897494461,-0.006739530982380115,-0.0025936423659913554
2020-01-27,-0.008411585352767093,-0.01602946012080142,0.015554597346435717,0.006825312844883635,0.002899415123079674,-0.029405216644272203,-0.02382389409281649,-0.0034675047114236524
2020-01-28,0.018177454434917806,0.010479263619984414,-0.007831422454702697,-0.008926785569624784,0.005041778021409149,0.02828919230996796,-0.0013900293620722204,-0.008176747287487518
2020-01-29,-0.0014876151182563468,-0.0008259107371161312,0.009779322459686268,0.005417872354848807,0.006956552337744171,0.02093245069829841,-0.00835273355005961,0.0
2020-01-30,0.012367006492499222,0.0032453837514323514,0.00013855385645422658,6.732120695107646e-05,-0.001195784722348714,-0.0014494704256265978,0.010606826722947105,0.032450555309526674
2020-01-31,-0.025976930416799937,-0.018157902372896495,0.009129453436245605,0.005792420039608892,-0.00990956187713321,-0.04433836082814868,-0.041210228339331745,-0.007815218209118902
2020-02-03,0.007630751516003009,0.007428369369693932,-0.0008097251815074591,-0.006495688802043542,0.008732551507366848,-0.002746544710828802,-0.022375923942646536,0.003082120193775628
2020-02-04,0.014395869158737362,0.015241456745821447,-0.013467270482725668,-0.01300895070524588,0.009522278637385195,0.033014104108891607,-0.012514282330553406,0.004438421942721815
2020-02-05,0.01700063366894322,0.011547849776514019,-0.010934708338776633,0.0012293105482077404,0.015765508640090964,0.008153960412024874,0.046022771991499845,0.00016987826891279312
2020-02-06,0.00014538445881684403,0.0033652910929522495,0.0045070885008993145,0.005388399719282511,-0.002986955187012974,0.011697257335522293,-0.013550189347286246,0.002379155220650686
2020-02-07,-0.0031975976090008462,-0.005329937025965514,0.0124774206668532,0.002645857569860688,-0.010682388152111089,-0.013592856824181099,-0.0066257529339742716,0.0033901859332174933
2020-02-10,0.004155714563862878,0.007465554351878234,0.002769996044965861,0.0025712490701368385,-0.00019740585971317337,0.0047493883655242985,-0.010560692988346054,0.009461013203321711
2020-02-11,0.0018875442758519156,0.001732815669407417,-0.005040467808724136,-0.0034419552752806837,0.0008559350937538124,-0.0060331785011144,0.009506075455991025,-0.002677745153479627
2020-02-12,0.0,0.006442729006431058,-0.0050655537533207395,-0.0008127480224853212,-0.005921404119456741,0.02374779191951304,0.012225264337178965,-0.003020649043003587
2020-02-13,-0.0008696493049938914,-0.0010667489557997234,0.003835837404547293,0.00569345014846645,-0.006618522178314601,-0.007120921501699851,-0.005549315403338584,0.0033664542559885824
2020-02-14,-0.0030462573978607965,0.0016020805094874024,0.004377193526758694,0.004178427664004669,0.000266770064407007,0.0002459313584954881,-0.00459509377844447,0.00570366940872602
2020-02-18,-0.013239859609904814,-0.0025771388829635145,0.006849209937765943,0.012818816524224008,-0.0065945322341899315,-0.018310184219348713,-0.012695942047950437,-0.007005727984898957
2020-02-19,0.013638884474685531,0.004781621519722945,-6.898214181927376e-05,0.005831221275388376,-0.0013409994885978938,0.01448270416464692,0.007681881321270456,0.004031695269783642
2020-02-20,0.0,-0.004108544743952169,0.007833761134698802,0.004084659090851872,-0.0038272687286070584,-0.010258952889326545,-0.007954815745219057,-0.0008366414920067955
2020-02-21,-0.012218932582353181,-0.010298335255649493,0.00934061767846428,0.015025216397275942,0.010514180132972673,-0.022635226139132048,-0.012194938307280911,0.006865255471805831
2020-02-24,-0.026875833933124982,-0.03316546197052528,0.01492796887052239,0.008985128746405113,-0.02060641059496149,-0.047500279900970055,-0.04684614603053694,-0.02461318956595826
2020-02-25,-0.04464313232768158,-0.030302105188284245,0.005324536262720336,-0.017874260693127697,-0.008635867979182144,-0.033872313995496506,-0.038324761520123984,-0.01415175291071602
2020-02-26,0.003009822554830066,-0.003678345350689227,-0.005296335731060808,0.004370503298157802,-0.0067057607568665745,0.015863709951951632,-0.021955903668190446,-0.00380510011202706
2020-02-27,-0.04161406865814887,-0.04491165603764713,0.01084910103765635,0.00019483522153040944,-0.03173748471380833,-0.0653682020188755,-0.06017730691503809,-0.04635411901704256
2020-02-28,-0.04333854857439445,-0.0042015586819421635,0.022583953628368292,-0.03649347478693177,-0.03335227704155641,-0.0005851283798703477,0.03251691063118445,-0.02621491516631269
2020-03-02,0.046593849590914616,0.043306674622466845,-0.007357957795581682,0.005526297603759334,0.04119594961652284,0.0931007496779852,0.04743396006237277,0.04542859731747528
2020-03-03,-0.03752488191355874,-0.02863247020777271,0.015525507021047824,0.031434333360162325,-0.03163828749936981,-0.03175896221959895,-0.04788399713512714,0.0025038976156754877
2020-03-04,0.02470957019118547,0.042032978551630684,-0.010618683843215848,0.0017545277375516921,0.05819024789057248,0.04638446131906404,0.021831994526319454,0.05101663907717069
2020-03-05,-0.04906137503011654,-0.03324148100904167,0.02489157743779402,0.021600945458936538,-0.010245434775541074,-0.03243697273712087,-0.044066904972087095,-0.03699934925034443
2020-03-06,-0.051680295546583155,-0.01653096198638071,0.052044369808656565,0.00038096105467699815,0.00014084790567037153,-0.013280353046544513,-0.04829395623832233,-0.02608389775677511
2020-03-09,-0.1354551419378942,-0.0780948359073359,0.02710325969093641,0.0016502348575044845,-0.03935793134554921,-0.07909195861552853,-0.12224789492030086,-0.06152706113123596
2020-03-10,0.07769680463643347,0.0517449642798018,-0.051258543746298346,-0.02110133630677158,0.03811211756350108,0.07202157125387476,0.03702853565401831,0.03470864627883441
2020-03-11,-0.047070420499984555,-0.048748241527497016,-0.036797540309703836,-0.0035603512879937016,-0.06947216292666847,-0.0347304223254532,-0.03294164336472316,-0.027022065063845413
2020-03-12,-0.08243024426325096,-0.09567744348116713,0.006197203232363391,-0.0398882588306293,-0.048482473575439555,-0.09875458795102254,-0.11434033146135858,-0.09672458308085463
2020-03-13,0.18012485266602374,0.08548656715128944,-0.0226034442439349,-0.03051623730778741,0.07080773046883704,0.11980829369265722,0.025282129680709975,0.0367913824099908
2020-03-16,-0.1496488201651408,-0.10942395298095942,0.06476554811378077,-0.011446115323986206,-0.05331741704092119,-0.1286472107827381,-0.09522537220761718,-0.06622667109171287
2020-03-17,0.06111400296303593,0.053992120881088956,-0.06668295742750008,0.0135554799295321,0.07441184096234466,0.04397015119345116,0.06726596239016014,0.042421282162039775
2020-03-18,-0.10526894289365307,-0.050632923127269414,-0.05641248408275157,-0.019921988429849713,-0.011933411605762334,-0.02447979131096023,-0.10024456299985429,-0.04938524500128638
2020-03-19,0.01680786315628624,0.0021250671080246253,0.02722583137922152,-0.018905499074657994,-0.05860989562204044,-0.007662257218836399,0.039553133853057254,-0.06733547060538803
2020-03-20,-0.021102329478343784,-0.04309435802905781,0.07519508464147173,0.014995707221804766,-0.056355659405837755,-0.06348540801446889,-0.04908520719302356,-0.084389102674158
2020-03-23,-0.05353255499312437,-0.02556808779809494,0.04120915069765996,0.044179590424960224,-0.07298381718672797,-0.021243993452208954,-0.03940134413322005,-0.019321143957496845
2020-03-24,0.11894187009947021,0.09060329091659058,-0.018615023810961695,0.048530353360380474,0.07234122749686533,0.10032507921679823,0.12686835429822763,0.0503193847355774
2020-03-25,0.03731772545538048,0.014970216030286032,-0.0022706072967907387,-0.01368964099270864,0.0018463433006072894,-0.0055085463405716295,0.05220070051660941,0.05475306083128495
2020-03-26,0.06966114786248112,0.05838973699778949,0.004922061304844849,0.012822223412266576,0.06004982559824512,0.052623018800720844,0.04103001478483659,0.06440764919021857
2020-03-27,-0.07123958983227241,-0.02978558208831983,0.026692794208086124,-0.006460489804721581,-0.02694147768354327,-0.041402341965108946,-0.04817118150755906,-0.033416211409299956
2020-03-30,0.0260066597978168,0.03247565038740374,-0.008228739267663543,0.004400644787818209,0.07997744013301333,0.028537780935006474,0.014884967622590617,0.051156087153205076
2020-03-31,-0.037111962087191586,-0.014905309269075517,-0.008116744723816183,-0.03184668568859872,-0.01413446270756169,-0.002040743300142478,0.012533462484248581,-0.01666658135975796
2020-04-01,-0.06297922491293417,-0.04500498746145276,0.014010153920325008,0.009456223354449733,-0.017692309395887063,-0.05261693626064967,-0.011588323850249327,-0.048135613335221095
2020-04-02,0.03734012138397258,0.023075411223280717,0.006345871227120714,0.0163934225377782,0.03369298899727613,0.016686428933927022,0.07647229629836372,0.043447133835703644
2020-04-03,-0.029557815601087056,-0.014454095075816742,0.0023792679180698606,0.0049374590529023266,0.007660546081598607,-0.014371306317111476,-0.029455571891646604,-0.0027301939875779
2020-04-06,0.06436638244001225,0.06716614167990764,-0.0026111465959799407,0.027710521817620126,0.041663549598983884,0.08723768284159061,0.03213462778582832,0.06479586356473233
2020-04-07,0.013190131373399305,0.0010194741875733104,-0.01047247860397671,-0.005354484768834378,-0.01631366591351413,-0.011582350948725728,0.019026600869000987,-0.0034285256293518085
2020-04-08,0.040379746333886635,0.033568589415095884,-0.007275812294618489,-0.008907968786563414,0.042042394696969465,0.025594470833155247,0.0632878422387082,0.02816635801007905
2020-04-09,0.08971379060821882,0.015217098079731706,0.001817069600063892,0.026123560972308058,-0.01416986890766525,0.007216600402148332,-0.01641967954435808,0.024675695238778106
2020-04-13,-0.044472691503380624,-0.009129820216958628,-0.009129729639351991,0.017140343933811808,-0.010338168851745766,0.019627246245344177,-0.008578486890868042,-0.042244901182441286
2020-04-14,-0.027395804739076768,0.02949288485307533,-0.00024388476939618542,0.007868093580683189,0.04478823898289308,0.050502956927095166,-0.0077176165659709195,0.04240363154566662
2020-04-15,-0.04931917146807974,-0.021248317700285346,0.02648876888711449,-0.005101958505246418,0.011162417761727106,-0.009126996010840882,-0.04595806190732443,-0.026778384516945697
2020-04-16,-0.038110157853081805,0.004824504326248258,0.011356848841388656,-0.0008649946516461338,0.013612106648634992,0.007945692526622139,-0.03285535526336003,-0.010712190938299004
2020-04-17,0.08988901050387477,0.02701527553892391,-0.013404407013260178,-0.019417471147623044,0.015701236122102058,-0.013568835443227734,0.10395901231207638,0.02038247072894661
2020-04-20,-0.036457207240351064,-0.017618063377419668,0.008044715912043365,0.007126124562213176,-0.0023022385172831727,-0.02075648777142791,-0.047200277217233966,-0.031835568213775534
2020-04-21,-0.02900452853714619,-0.030363556309414563,0.012591859347293122,-0.006825274631933054,-0.013120460627039865,-0.030910445870485415,-0.005342565016972722,-0.024714913218617518
2020-04-22,0.0032563782040746503,0.02219510845277539,-0.010216878206597668,0.019670860003665247,0.022113717208018357,0.028803659162745188,0.028564394308464358,0.0066107042999270504
2020-04-23,0.0005598786216112206,-7.197061261599025e-05,0.005308563805141997,0.00995486708021609,0.01647137431817125,-0.0038758500886203473,0.0313316755499542,-0.013354017192155121
2020-04-24,0.014766658945984279,0.013938675789722632,0.002346927043104463,-0.004285520778353313,-0.004179707706414182,0.02886976390576823,0.006444284270334499,0.007987963832215339
2020-04-27,0.04310470260294075,0.014418283727978931,-0.018613725141710113,-0.006640444141094992,-0.003681194578583069,0.0007070961245301266,0.004801747823770741,0.02971608795702463
2020-04-28,0.007080742382911787,-0.004597867747963114,0.011510601038915214,-0.004456556273727319,-0.018795132817017057,-0.016209531139576905,0.02344130533694111,-0.0008552388376315001
2020-04-29,0.02697025354508864,0.02617803913583483,-0.005188403430788191,0.005533445721913166,-0.007596661485331113,0.032844875733114565,0.05537010586291413,0.008130195883790492
2020-04-30,-0.02145926802638698,-0.009310626544321576,-0.01167663231141769,-0.018116569301821484,-0.0013309014315661116,0.02109624508959218,-0.020859371692427686,-0.026103678169572264
2020-05-01,-0.02621118421243851,-0.02647334463965756,0.008562584760688718,0.00617125761149806,-0.011663764979817248,-0.016099275025964976,-0.07165936446459131,-0.006319406006151107
2020-05-04,-0.011903496447476236,0.002758282527460132,-0.00470312135668971,0.003504803873276119,-0.00013494429279292675,0.01414940502592632,0.040333851978468394,-0.010087786512866459
2020-05-05,-0.0015195530639156019,0.009239214128632378,-0.006401387798934399,0.004241037483481591,0.008296001357827043,0.015008488078473103,-0.001114218880388429,0.005759746130310939
2020-05-06,-0.018804419090210467,-0.006778370667308353,-0.01613567267331384,-0.012855591040204617,-0.00949827631316158,0.010317286922836955,-0.018737286066961678,-0.014317005062055355
2020-05-07,0.01041331806636836,0.012066609087298286,0.016706540719193086,0.015350754880484763,-0.0033092599893570496,0.010344702883884782,0.005683235491321881,-0.003351834424464628
2020-05-08,0.01633583684913953,0.01654605857635638,-0.01300095171350546,-0.006010293229887331,0.007520778525708538,0.023801883523693945,0.04385163505098366,0.03385633756294393
2020-05-11,-0.02944986617879608,0.00020532301042686107,-0.007806178181616885,-0.006233636774804485,0.0027572352555533808,0.015735309945268394,-0.009527795510294035,-0.012362017628655297
2020-05-12,-0.032677783101288216,-0.01993158821842611,0.010264367001845187,0.0038890673962401756,-0.01321164288315746,-0.01142812545963745,-0.016715238058538917,-0.01580993403415132
2020-05-13,-0.0344704320294148,-0.017686114228563476,0.0069966274201529455,0.00962264814750724,-6.796864240166123e-05,-0.012074403491309837,-0.04963728699540526,-0.0196341506281158
2020-05-14,0.04153258399833737,0.01196717678380943,0.009787376043514762,0.008850059782004704,0.0034663279764195476,0.006143362752436321,0.008824164239237042,-0.005462258084198535
2020-05-15,-0.01850986497589624,0.00459732229131915,-0.002573132809850276,0.0056438144895878395,0.018965108792759144,-0.005912078741097115,-0.007091993997626611,-0.010068577856992333
2020-05-18,0.052968468750493214,0.030459532775171105,-0.021954171765319108,-0.007564144999551381,0.0005316406413300445,0.023561150876485693,0.07952363986959599,0.03952878357402101
2020-05-19,-0.019679469954390516,-0.010271047195954397,0.0037413509559511837,0.00965020617044443,-0.009965331789844267,-0.0057784176670552245,-0.030877900472303987,-0.009561836896230025
2020-05-20,0.029998936789610964,0.01698818837496785,0.002994141652205906,0.0023742810342795018,-0.008992286905461055,0.019448293646707526,0.03254449811126792,0.03030956177898858
2020-05-21,-0.012701125401739621,-0.006904338802005139,0.0024975212099187516,-0.0145763375976391,-0.00656793007301304,-0.0074556358957786895,-0.017852995532150806,-0.015689750120810864
2020-05-22,-0.007763161248797168,0.0018994379230434788,0.00601572605309042,0.005916836449104457,-0.009128614534967827,0.006438491683548486,0.000897440360404067,-0.0030996715637208183
2020-05-26,0.07097355786117054,0.01232057398749098,-0.013409070056468853,-0.014214859559966153,0.0013162357530309698,-0.006773684396240931,0.02937221213591701,0.02354037953952881
2020-05-27,0.05792115942018117,0.014878497408980396,-0.0018375388409899163,0.0018024320171106112,0.0022824913832988347,0.004357012941869964,0.007188134423988801,0.013885679469783474
2020-05-28,-0.01489614961887853,-0.0018448693409449657,-0.0036800362831295175,0.003350344766475555,0.014355781915030397,0.00044022178538027923,-0.025951763925730842,0.007703908104353507
2020-05-29,-0.02553557562938924,0.004456018283286678,0.0071418548034065665,0.0073584122707384125,0.01211144788772045,-0.0009743408071419823,0.009547166582942745,-0.008706802504942157
2020-06-01,0.013256451071798514,0.004041853720660127,-0.006732862701844922,0.004603768848692402,-0.01048751525806535,0.012298303451537151,0.017814057423570562,0.006641043019542936
2020-06-02,0.003346926227754121,0.00828014091882201,-0.0036357550624889212,-0.0064768271714218395,0.00720175545161883,0.004629576583826012,0.022255656594013518,-0.0019152712318947218
2020-06-03,0.05397744315387443,0.013308162046246519,-0.013297487921221984,-0.01845018380928054,0.0026979295284610405,0.0055047606514551095,0.04079497809647048,0.021321551772317093
2020-06-04,0.020811364839146362,-0.0026268680904507624,-0.014478493695416539,0.010526269495827023,-0.012916102598826806,-0.008612079868572597,-0.0028433548356545657,0.0004177652559331779
2020-06-05,0.045002201197832825,0.025629658674584554,-0.007123222308179411,-0.02027532426346157,0.0038846433585608686,0.028481122824365546,0.0810591692817566,0.024415891983179394
2020-06-08,0.01995825774518556,0.012087534461699079,0.003843174725224996,0.010822142733466267,-0.003597882510125383,0.005912260614866716,0.0312736452334097,0.015481515298387816
2020-06-09,-0.025650031494207193,-0.007456603639900972,0.011358660221597372,0.00964183116931494,-0.005518922669745074,0.03157798822796365,-0.022287662779400308,-0.017051065222602357
2020-06-10,-0.04052811538301593,-0.005579942462647258,0.014826630691537446,0.014324773012967418,0.012606063195738981,0.025727679587514096,-0.05362453108683918,-0.007755211631576442
2020-06-11,-0.08344335720504259,-0.057648922688267934,0.01890138689663745,-0.007214084989501601,-0.04688773612064512,-0.04801037865233493,-0.08825275264389387,-0.06334852561243165
2020-06-12,0.02736312664024232,0.0119753723003595,-0.009641494477086177,0.0014163170663434865,0.009086460788270356,0.008633428494001727,0.02143778804209573,0.010414558228696746
2020-06-15,0.013818010774632183,0.009335677373274676,0.0005542409516086089,-0.0017832572551969017,-0.006331120352470632,0.012367208291767628,-0.0006362304492666393,0.015350947007807703
2020-06-16,0.008000362512130987,0.019247592059144836,-0.015333394176990311,-0.0004928345355281749,0.022725412169993575,0.026502004639401555,0.022486384908039447,0.010151182666270131
2020-06-17,-0.025279220711241446,-0.004153504172169087,0.004128007444373916,0.0019106166939522051,-0.003045595400611889,-0.0013915345213180164,-0.032572352457357234,-0.0040626159393107875
2020-06-18,-0.005428380397648591,0.000384787532243136,0.01058777854890014,-0.001968455156468263,-0.004235906870375783,0.0003983017981941117,0.006219012600646279,0.008802370872507348
2020-06-19,-0.01142120843548855,-0.005715040932136706,0.0008008557268663896,0.011032995719469696,0.0029288163083589502,-0.0057146052427476945,-0.020033963579646374,-0.020642813258623383
2020-06-22,-0.01083742666653198,0.0064152958691510165,0.0001236500124894846,0.006462217682632332,-0.003058935643793892,0.026163689341563767,0.009569443790852672,-0.006084318627240237
2020-06-23,0.012196550191310607,0.0046036519403573894,-0.0068344415548537985,0.008419646377624934,-0.0036966811894850737,0.021344864625591597,0.006031962590764328,-0.0021862372745622416
2020-06-24,-0.03339119780370503,-0.025508411758833893,0.01072547581224792,-0.0034839130582626776,-0.021279409203145527,-0.01765211875042938,-0.04710952483209563,-0.021691521149140636
2020-06-25,0.03486148728598737,0.010720460730802461,0.002882297807739187,-0.0006027175913517757,-0.0010729319100456491,0.013275604812324593,0.015056144849827202,0.006270799827824414
2020-06-26,-0.054818157587836036,-0.023751899376727392,0.010703973179617687,0.004463149702982783,-0.013316838873993153,-0.030725756010242522,-0.0343146963851666,-0.030269162064904265
2020-06-29,0.004428284310863839,0.014697618632143694,-0.003146906137607486,0.0005404803669293301,0.008925250633544657,0.023046580523231608,0.016047786273235998,0.01813194089951642
2020-06-30,0.011397746980791323,0.012809741542321618,-0.0048566518068979825,0.004440918278166173,0.011435777336949782,0.008347683055334176,0.009025231524441457,0.007213493261334358
2020-07-01,-0.00850509780862485,0.007004556255412853,-0.0019420912668483004,-0.004481089931769877,-0.0017776204905546322,-0.001891658446353417,-0.022584848248850986,0.003133448128345151
2020-07-02,0.0032483005149721578,0.00550733756737154,0.0010405921991212264,0.0021606086958432247,0.00420257033613769,0.0,0.00846459033394531,0.0013384641976359468
2020-07-06,0.025253269690836744,0.015437251526053908,-0.004095844237116175,0.005988741319838731,0.014258337806572374,0.026750341085849838,0.007032778803287787,0.007798610736732714
2020-07-07,-0.02821057207095523,-0.010313809385642858,0.014055877875159384,0.006310260659329048,-0.0009090919978785861,-0.003103000826483071,-0.02590676458241803,-0.0004419759463748507
2020-07-08,0.010615297767804455,0.007648498165604423,-0.003995317988469305,0.006211565862881185,0.002940107795960767,0.023290100871984354,-0.002312720798401058,-0.0030968152351719125
2020-07-09,-0.021650517951463666,-0.005692884413285526,0.01592260144162405,-0.0027044004055614135,-0.005444517200448251,0.004300525889810558,-0.04126106722918388,-0.02573766063311156
2020-07-10,0.05466703553939367,0.010210614814630592,-0.00502483191598857,-0.0025938951172596036,-0.0008420720526007841,0.0017492176826352512,0.03118969534475613,0.02823967654437287
2020-07-13,0.01433456839783509,-0.0086589197411997,0.003306663015417044,0.0012411575864292868,0.019948155597525385,-0.004613334424274584,0.0002344366333648651,0.002214805944880771
2020-07-14,0.00573462257092161,0.012959154696238429,0.0014387743355146476,0.004663568910189042,0.01866250602283115,0.016548406776169644,0.03305233393322227,0.01370175346206004
2020-07-15,0.015477233408312419,0.009187131698014994,-0.00466806216184823,0.0008813320073604025,0.0022987648525873983,0.006877383329016995,0.01270699962223576,0.011554267247453565
2020-07-16,0.0028076433520818345,-0.0032934485630198296,0.004749689266731361,-0.009451688651900159,0.006677256319445268,-0.012304829503466452,-0.00784258337255439,-0.005387702351212997
2020-07-17,-0.018498125150369416,0.002898869614398336,-0.0020943271405368113,0.008238009985450212,0.0006702350943645907,-0.002020419552377861,-0.017163099425486883,0.01451750623583492
2020-07-20,-0.008761104017230181,0.008081569059824156,0.0024582738761351752,0.004820170160796611,0.0016743145840676377,0.021074159199331755,-0.023437563850973064,-0.01495045765075409
2020-07-21,0.02168510907713128,0.0021278561039994592,0.0005981488693118653,0.012050997596656066,0.0009351934382830773,-0.013801930283428132,0.05058850291307748,0.023417011284363243
2020-07-22,-0.007242512447872551,0.0056919731504043725,0.002988956505605156,0.015202340363078104,0.0018032736760322798,0.002809253460917205,-0.023292716267261593,0.027118715868756027
2020-07-23,0.002938502108146057,-0.011931976248583664,0.011681355290285245,0.008825301770064575,-0.0026664563029448196,-0.04551636851504648,0.002063822980876706,-0.004125537938621027
2020-07-24,-0.007072204146336136,-0.006440206837711182,-5.88587058896195e-05,0.008578870839228259,-0.009959392901375375,-0.0024771844085056394,-0.0061787171641545235,0.0043496086477419205
2020-07-27,-0.014041674002704507,0.00729233794345574,-0.0037118874209053354,0.019753770786684832,-0.006345986058703512,0.023700085693302286,0.014736751585705754,-0.00020608375435837711
2020-07-28,0.004334463282227974,-0.006342034757852777,0.006918614400414302,0.008341131032750582,-0.0023782331987564076,-0.016427384603723394,-0.011799580984451108,-0.006188401072496741
2020-07-29,0.024250012197597703,0.01229834228833182,-0.0017027765601648204,0.0075102306547618625,-0.001975035468202102,0.019168447907329522,0.011021199011258087,-0.003320640815646203
2020-07-30,-0.02668554473078022,-0.0035678367528160226,0.0065885937947873785,-0.007400261112960882,0.002047090083341807,0.01210027512797951,-0.04905727780903113,-0.006872269746545756
2020-07-31,-0.0039166755796583574,0.007901916359715377,-0.0006431584662173195,0.009087931099623248,-0.007354874134730016,0.10468835668927978,0.005015829027623875,-0.009435750324601644
2020-08-03,-0.005587624343227793,0.006952338075465914,-0.005034836899725392,0.0011325390830079218,0.010908861340565679,0.025197555512166625,0.004039994928434654,-0.019898570556083794
2020-08-04,-0.005723207498147587,0.003862933247057887,0.009532308690750835,0.021277725496817057,-0.0008826808787808504,0.006678268361983042,0.028875790953585057,0.008423346960925615
2020-08-05,0.017373146262298578,0.006210704310877002,-0.008742982885828088,0.009283241730160707,0.008015304421417513,0.003624764484076559,0.008741452451646703,0.011351637857526686
2020-08-06,0.00030853218169935026,0.006684646586218257,0.005586183588626392,0.01327406953286836,-0.005727776042505184,0.03488926109509993,-0.004788892940844169,0.005505670650315819
2020-08-07,0.022007388223357127,0.0007179167153175126,-0.006665967244290805,-0.015885305280057493,0.007116075860340798,-0.022735797563349536,-0.004583044907297107,0.006740060811595505
2020-08-10,0.012678623355358853,0.0029889590663059185,-0.004473512387581757,-0.003458957447482036,-0.003835395036833611,0.014534728560807952,0.02463148694034456,-0.0016736147528700895
2020-08-11,0.03159773786391984,-0.008254813637393221,-0.01188458231535272,-0.05369440853432983,-0.007161129492860185,-0.029739810153193713,0.010334992124837683,0.0044004601450748915
2020-08-12,-0.008476264540784428,0.013942306399755466,-0.00909664077501715,-0.004668202325739945,0.01830312666685696,0.03323437518652628,-0.00022651646567084516,0.010432104315518886
2020-08-13,-0.005537188861908682,-0.001807662793257836,-0.010688569916431412,0.023618065792215592,-0.01109166423622554,0.017697354702400192,-0.024495691641022166,-0.0010323550750969135
2020-08-14,0.0003908723489083332,2.9711673785515202e-05,-0.003907040040889043,-0.0043092158240957135,0.0016215042385525624,-0.0008909889882022792,0.004417727996316234,0.0014468095787041335
2020-08-17,-0.026364718538604448,0.0031767918976508547,0.0025124136642384887,0.02169391289315903,0.0050594003489463635,-0.002611006449070974,-0.012963096286617293,-0.00495376766184219
2020-08-18,-0.013940441048080898,0.002160058087968819,0.007151635738598117,0.009008003623491856,0.00738333369124633,0.008332840337601732,-0.004924720378453373,0.00435592471951507
2020-08-19,0.0023393722122337923,-0.0041638231000488135,-0.006251035548025419,-0.0315654554884125,0.0019984904884498,0.0012546795244656739,-0.011077401142586818,-0.02168497609026865
2020-08-20,-0.011973718200140038,0.003113863966359931,0.009039047407433776,0.006913929262821306,0.006849071246857408,0.022189733248714205,-0.015252699578541584,-0.0004224908127040683
2020-08-21,-0.0005134971769527041,0.00354737487206247,0.005992371366896565,-0.008010905834894388,0.008849426890743972,0.05153242419710202,-0.007502189819190264,-0.0014782823232893927
2020-08-24,0.028154796744164212,0.010133123474032946,-0.0016243073650942241,-0.005658401286623649,0.0026356232040569694,0.01196019239369095,0.029505076929165153,0.014593833640376808
2020-08-25,0.004397167456713147,0.0034991826060184472,-0.007654017659953882,0.0012154763574758753,-0.0005910326854491332,-0.008203702915561828,-0.031738642571568665,-0.0012505726596895306
2020-08-26,-0.014029754900880875,0.0100258649056304,-0.003826054248413202,0.011808847672626577,0.0015779612975552748,0.01359916404738315,-0.021281886893518065,0.005218085641093273
2020-08-27,0.03289935055582749,0.0021864044201751476,-0.017008568650986655,-0.011561927956646234,0.004465061484685506,-0.011954469878832752,-0.006748046591804058,0.001453513722974309
2020-08-28,0.004103484291073656,0.006459377142022715,-0.0007448038666084678,0.017380235053033877,0.004314234222255076,-0.0016198000166105508,0.023905281702224057,0.03317405812544916
2020-08-31,-0.02510448666451226,-0.0036224575543027937,0.006641506340276937,0.002386259791001155,-0.0014970504783976546,0.03391198504421844,-0.018432169917114716,-0.0060203799687488235
2020-09-01,-0.0004990439354801701,0.009418308144448773,0.011437477667141316,0.0011902895553947967,-0.012319897844843664,0.039832492130620345,-0.012769174852388931,-0.008277825700210073
2020-09-02,0.0150790424582945,0.014463963537654223,0.009520355436742678,-0.013131628719242117,0.015245318053074053,-0.02071814103816172,-0.0060866594590822665,0.04214157440354671
2020-09-03,-0.0031481643959568872,-0.034414145382812955,0.0028410585806870614,-0.00810423703378893,-0.027822625422922576,-0.0800610114306941,-0.0020411464315508443,-0.013869824287794263
2020-09-04,0.021612439442346476,-0.008164609707343562,-0.018988103148246505,0.0027602959130217375,-0.006419278729901889,0.0006619493637691765,-0.0007673051338219494,0.011093698579890399
2020-09-08,-0.03477594394522887,-0.027323058254798638,0.006144692653889283,-0.0019269219593246456,-0.008950996197058858,-0.06729502345429805,-0.023029702368888016,-0.02409887374255182
2020-09-09,0.009507724314082644,0.019747362412065872,-0.0026872246646733045,0.00970825655471863,0.01656956053300962,0.03988649374731912,-0.00602404173281923,0.007629150794369544
2020-09-10,-0.010310455227552029,-0.017363722301765527,0.005083024453414353,-0.0032231430104036063,-0.018637236171696103,-0.03264579997908246,-0.02503264298976282,-0.003785602812224287
2020-09-11,0.012421331788018852,0.0005092483004791593,0.0021321883060463342,-5.486005292487661e-05,0.005921789282444356,-0.013128896442349158,-0.0027028423051974615,0.021199952596016258
2020-09-14,0.013851654755654197,0.01317122131393611,-6.09428448588023e-05,0.007892586821005798,0.003857107510457425,0.030000125006373057,-0.006504047428915194,0.0011845474713947368
2020-09-15,-0.031130886725800888,0.005052507739234935,-0.002431845702476454,-0.0023927480714920346,0.003640230091848551,0.0015602953515552187,-0.01063842580185459,0.006704702248441663
2020-09-16,0.004230374253730851,-0.003968867077000171,-0.002986624968586815,0.0028345831622316187,-0.0032913057549323055,-0.02951378748313893,0.04245970673158972,-0.005092879203412726
2020-09-17,-0.011434443478354761,-0.008794741601100498,0.0030568497654739346,-0.005489995652194879,-0.008288135122840545,-0.015963397354059494,-0.00026496800139830246,-0.004725218348651361
2020-09-18,-0.0021305943551699347,-0.011513166333875557,-0.0031088486817379968,0.0013117087099276947,0.013657332813473477,-0.03172011235345529,-0.01613740617287851,-0.0019783600520336675
2020-09-21,-0.030909944881003404,-0.011129485064790612,0.005074523628324057,-0.020087296599797022,-0.027349292793972246,0.030325727594540774,-0.020435644926321994,-0.026957649059120792
2020-09-22,-0.010911831735320954,0.010184315836641922,-0.0007908591617494798,-0.004846314367596194,-0.006133689830993161,0.0157158460480733,-0.024704733316316174,0.01161159628315267
2020-09-23,-0.016229835562379114,-0.023190702694060317,0.0013396680403219285,-0.021606497297661065,0.0015948815780717496,-0.041946181249261305,-0.03208583055117287,-0.02919860254796447
2020-09-24,-0.0008625362977633388,0.0026652341872626106,0.003829695738828409,0.003718800733685912,0.0015922799958170142,0.010268855299823354,-0.0020352854657612607,0.010163680502947248
2020-09-25,0.0087412469975654,0.0161670345985927,0.0,-0.0028499771605223767,0.006843259061514839,0.037516117075014455,0.009324054895673894,0.00041090739213012206
2020-09-28,0.02877927662246238,0.01660974523664782,-0.0028465533609173255,0.01006056066236427,0.009954757194402752,0.0238688638420812,0.019341739897194232,0.011494174882445973
2020-09-29,-0.008423274246873724,-0.00544618887271997,0.0011540477314320174,0.008432402483858015,-0.00034020931454137315,-0.007567873719570017,-0.02917008607405569,-0.007305145801050461
2020-09-30,0.009648678616424267,0.007581590278928685,-0.009584930562364646,-0.006004867330144381,0.012376326986300423,0.015075778409759488,0.0014586518518193703,0.009198421302858417
2020-10-01,0.007271194025508354,0.006420195017575292,0.0016493346594759206,0.008920516455577454,-0.010478232950410393,0.008462296372852451,-0.0349551025799365,-0.0038483054935418703
2020-10-02,0.009487577642599332,-0.009494383045782206,-0.0037339721087826794,-0.0008953758525005462,-0.0073309348836592125,-0.03228021547846127,-0.004527707210947862,0.003660230164215239
2020-10-05,0.021136111525927648,0.017733036530391377,-0.01953867196375425,0.004872915921881216,0.01360765784466178,0.030791106993592,0.02304468868558196,0.0004050459830402531
2020-10-06,-0.010298740327084221,-0.014216012236474063,0.005388957970739572,-0.011760774579356315,-0.013290342680369438,-0.02866969271621367,-0.01037376362050968,-0.008910521722766851
2020-10-07,0.01744522526255432,0.01740678816943486,-0.007293277361457573,-0.0004512229536247636,0.01107606947059625,0.016967346069495015,0.0032944544233164397,0.012668442511914124
2020-10-08,0.020555417205136317,0.00886216568919762,0.005400831814998286,0.0035549310375408982,0.0068301501598952985,-0.0009559248648250973,0.052537390746396184,0.018159915257079273
2020-10-09,-0.0056983847406447685,0.008930444476255683,-0.00018818403209330814,0.018161347296547614,0.013969919435348643,0.017395788743021612,-0.014747720807408826,0.006936252883449345
2020-10-12,0.012252909680822377,0.016087359875789575,0.0031861230806562446,-0.002871682500567463,0.005762595989892594,0.06352040324001984,-0.0031662224240225356,0.00551086728090433
2020-10-13,-0.016204361269120282,-0.00652604372167398,0.007160627627529781,-0.015728823528417424,-0.02291884564997182,-0.02652726735173838,-0.011839736463251871,-0.017028766196003575
2020-10-14,-0.0055568323686425725,-0.0062833734100202765,0.0022870610156824345,0.003094772946095059,-0.0017520109171185183,0.0007432995707061796,-0.0020453965341230562,-0.001991540416746429
2020-10-15,0.014966894659455221,-0.0012357060419819765,-0.0017267385440969951,0.003646120384284801,-0.006144734975205957,-0.003960757438881579,0.008784732039109233,-0.00259364489237357
2020-10-16,-0.0020644804561188446,-0.0006043701575826343,-0.0027808852456420174,-0.0034652086045857677,0.0061827261890619045,-0.014000595440055164,-0.010159756984265855,0.0008001546500644441
2020-10-19,-0.016845273958537854,-0.01520364137722341,-0.0037793248167420357,0.0005047466985432791,-0.02552370710983265,-0.02554168973347537,-0.019941334558525425,-0.008195186273941002
2020-10-20,0.005711152597901226,0.004006087253006996,-0.00951609314836288,0.0048209014703402,0.0015936040446078437,0.0131914755094511,0.008378521691281504,0.012696523420819616
2020-10-21,-0.009963106530059052,-0.0018930182288793285,-0.0034535248415146214,0.007531414803434222,-0.004288972677511049,-0.00544599282239,-0.016023891328353024,-0.005174049905691258
2020-10-22,0.03532237624064338,0.005485083588875561,-0.010397401831890751,-0.009800687777642647,0.007989734184985942,-0.009583448587771382,0.05126639477424244,0.01380282624079654
2020-10-23,0.009039661815940958,0.0033952528715837094,0.006112566336031744,-0.001062475196895396,0.0011029156976094523,-0.0061337853572649426,-0.02008025403238345,-0.0031570424913148765
2020-10-26,-0.024756708570016328,-0.01847978699916375,0.009303146803888218,-0.0005037860400700644,-0.008743823970039144,8.696978005251488e-05,-0.02371199849105443,-0.014251863657326336
2020-10-27,-0.018866044513753066,-0.0034472781945820152,0.006709988810563283,0.0026323226696718383,-0.005696082839993122,0.013472238611196952,-0.015892023374211584,0.002007973150156328
2020-10-28,-0.028088112228629503,-0.03417913532708283,0.0009338394690046048,-0.01614344386479838,-0.033461269089511414,-0.04631201581802491,-0.038086445552672155,-0.038877723066407244
2020-10-29,0.00652575889735596,0.010163466024123213,-0.009706742683262215,-0.004144728133141373,-0.008456264660680946,0.03705050522483799,0.04434597371013993,0.0012511757804245516
2020-10-30,0.0089534126963835,-0.010424599895213826,-0.00986561487429749,0.004561020978312902,-0.0005832382533812464,-0.05601829460559993,-0.010615746972972184,0.0008326976508779005
2020-11-02,0.022541746704548116,0.011208308341636997,0.0074901306541070856,0.009704919089013941,0.011523930967814566,-0.0008268024155377862,0.041998782932390455,0.011652213684095747
2020-11-03,0.03152138473720245,0.017655932179501566,-0.005801591364137937,0.005676996717700833,-0.0013698620409486884,0.015353878690597123,-0.017063885936986933,0.015014274094467428
2020-11-04,-0.030558149548429392,0.022349114598588793,0.021692094989108845,-0.0005588578456844351,0.006498058003705731,0.04083649349552365,-0.0053877575167637914,-0.0036470714002889704
2020-11-05,0.04089767824861967,0.019502729446334355,0.001738406639571366,0.022983923404670703,0.002582416650781072,0.03549372673901052,-0.0018057204570953722,0.005491138363829862
2020-11-06,-0.013320437095337367,-0.00022824662207721058,-0.01208471848334658,0.0014213621387162423,0.017816198722367504,-0.0011361889734556874,-0.011757612102131554,0.00020224108401212249
2020-11-09,0.13539234553344004,0.012565761958324373,-0.021015635655870835,-0.04427097823171633,0.026924517030937345,-0.01996817645475757,0.12660183427800997,0.06309396878406393
2020-11-10,-0.0032505640686925075,-0.0014667364722511511,-0.0057663831498013796,0.0033127817282887495,0.015060416709569369,-0.003008704729358991,0.02218550178773282,0.026821522099219175
2020-11-11,-0.014933035769981062,0.0074286390850288875,0.003609231826673831,-0.004326595410341194,-0.003237461373326589,0.03035252848025105,-0.01030955949393153,-0.007410184513435003
2020-11-12,-0.01228448196458376,-0.009701056149266196,0.017017257406818587,0.006060679556170845,0.003383000999992447,-0.0023430556518428958,-0.034265052951291786,-0.0106385415341681
2020-11-13,0.0062626961245251245,0.013844470659298613,-0.0013257982299519355,0.006819714153532219,0.010788958758742195,0.00041937602880337543,0.02412695249861896,0.008300607269205784
2020-11-16,0.02822594627147179,0.012482734173276278,-0.002402485107748764,-5.650127239831271e-05,0.0063378746017885845,0.008720378635181047,0.05765007700963354,0.0074834082820742776
2020-11-17,-0.010145124993822363,-0.005378384521948609,0.006528026413907373,-0.0036691725592956637,-0.009943917641098698,-0.007564571129819897,0.013364436981673444,-0.0031568751678718865
2020-11-18,-0.007406876825617248,-0.012034799048418865,0.0028961920348500314,-0.005722348480656891,-0.013257280674846217,-0.011391056322989646,-0.037755460595909174,-0.01993299120311276
2020-11-19,0.002689908059388957,0.0042103601466176865,0.005148996074358259,-0.0018804594035273237,-0.0015607437645734912,0.005167977909229737,0.005106421819961016,0.009884244540713238
2020-11-20,-0.008566957055278324,-0.006847928748329846,0.008869262168449188,0.0030257979459697992,-0.005301011396149247,-0.010957622504861653,-0.01229981022195914,-0.008658162151620852
2020-11-23,0.02880345940798379,0.005994402140755639,-0.00458133018785567,-0.0196938167555728,-0.010182665116644563,-0.02974233397158632,0.06551168861436585,0.00018983862942700824
2020-11-24,0.046237445226149365,0.016113828184231682,-0.009952127509529451,-0.015328336846880064,0.0,0.011594094148805967,0.06656497628439584,0.01025054372684786
2020-11-25,-0.010460811517501778,-0.001541992791917468,-0.003078746424711176,-0.0004717367343725076,-0.0013205129797703163,0.007467159327601891,-0.02787026449121688,-0.0054488514458980175
2020-11-27,-0.0066377615279124,0.0027850430238680612,0.009705678916965166,-0.010146901518740647,0.00222723943971892,0.004826324327587228,-0.015192277644272334,-0.004345695388261905
2020-11-30,-0.027553225625340017,-0.004427120416785946,-0.0012479435866497024,-0.006674981596057172,0.004722126705038354,0.021099642837010713,-0.051256422765854626,-0.013195556385817708
2020-12-01,0.015778915511778235,0.010937564383390885,-0.014745139806277896,0.0210595460814611,0.01914591099005203,0.030827481801346757,0.009703606266631137,0.008527349814829055
2020-12-02,0.01920819087214909,0.0021037163069710374,-0.007936299896191601,0.00752153069206285,0.004679718816472445,0.0029334390165627333,0.03740237984818662,0.0013450276543143236
2020-12-03,-0.006555208959738379,-0.0002729296937428183,0.008063624181098517,0.007873502810363364,0.005805085516359831,-0.0011373566079316833,0.006760157824659441,0.012857258152966677
2020-12-04,0.009072923323275583,0.008618039754200835,-0.014665405425717482,-0.002835427586930339,0.008523553211042145,-0.005612528233969072,0.03655792946473402,0.02027308649441606
2020-12-07,-0.0037599805620556204,-0.002055158274138269,0.00902039467272342,0.014914066598165077,-0.008651094550524596,0.012269835410709362,-0.018713835504375775,-0.01597063200661375
2020-12-08,0.0009848901585438607,0.0029263754205925974,0.004725757120277896,0.003487910186290799,0.017318945016741027,0.0050909657581394985,0.03276303520675694,0.0035857514204622465
2020-12-09,-0.007787166852438188,-0.008969022103834878,-0.0033049286337437644,-0.017094017094017144,0.010227640479129052,-0.02090362517459965,0.01325738295976886,0.0028207196709055804
2020-12-10,-0.006443752069259179,-0.0003270482193236113,0.008863373440446631,-0.001913054093070632,-0.005551915503188898,0.011988678852580925,0.028270768334343277,-0.005250392682056182
2020-12-11,-0.005903180543077036,-0.0011728086945705929,0.003539511964414155,0.0018586706605219216,0.004597705445508193,-0.006734683124312468,-0.004771226206209844,0.005654840048447074
2020-12-14,-0.010538661273085448,-0.0044770620179326315,-0.002771088357493845,-0.005507636250083436,-0.025367845650042242,-0.005146630936900487,-0.03607325306950915,-0.001499393816379646
2020-12-15,0.01707517351096044,0.013519376022393281,-0.00334726112098116,0.013990959829817351,0.0100621669049612,0.05009000358621618,0.01942223693697187,0.010700288182979634
2020-12-16,0.0029088460522919135,0.001569624585022078,-0.0026615883747247437,0.005519095329445722,-0.005977074319614584,-0.0005470873676421961,0.015334499662257084,-0.014487352035519097
2020-12-17,-0.008286966893018222,0.005591717923189243,-0.00264640484062606,0.010520363984510617,0.026391251455312625,0.006963424053946898,-0.005034337476620077,0.00395768421277265
2020-12-18,-0.004930213711306419,-0.003992686562267367,-0.002997340055642894,-0.0016974258370123785,0.005793810898189422,-0.01585077327162021,-0.01724946198445998,0.008822957334647441
2020-12-21,0.037537873026000534,-0.0035754979528330733,0.003966249582240566,-0.003173869592184575,-0.009643272129300051,0.012395357524866313,-0.01825420248955567,-0.017305220018554723
2020-12-22,-0.015216721315075787,-0.0016854768805106835,0.005160974212220948,-0.007903112071065643,-0.001960728714263116,0.028464451216368314,-0.01692484364932434,-0.0009470540544013195
2020-12-23,0.027944721699399766,0.0008986189405530975,-0.006909279985471195,0.00664787877129025,-0.005107304393106138,-0.0069760820554148895,0.012851634292879721,0.006065324619205503
2020-12-24,-0.004397541158267626,0.003890251070874262,0.003956942004026631,0.003985267471422693,0.0034878508654379026,0.0077124413901339395,-0.004070030480778697,0.006782141399352515
2020-12-28,0.006584976729709702,0.008590798087743101,0.000445520293449464,-0.003629142996869339,0.004722516165383661,0.035765637195339206,0.0033657349330513675,0.013473075793177136
2020-12-29,-0.0026327855322193505,-0.0019076611466772864,-0.001271254842875602,0.003642361648136694,0.006201388771193583,-0.013315176431228926,-0.011260548866901643,-0.0005540189186092892
2020-12-30,0.0027998560323725386,0.001426800346693291,0.002163140933119756,0.007655178894261816,0.012391289099237479,-0.008526202893238466,0.007996145088277062,0.005726956497774882
2020-12-31,0.013640635632972575,0.005080781294921621,0.0014606095976859024,0.003714145601823482,0.00852296392474794,-0.007703106727112163,-0.009134526602485038,0.007347853736220156
2021-01-04,-0.009443447819410977,-0.013614022836459405,-0.0012047552951441887,0.022258360658879317,-0.005591322083722261,-0.024719169873792524,0.006792951708681105,-0.0379287906463881
2021-01-05,0.005441131530256937,0.006887370640674462,-0.007426875710369152,0.0029616260665272787,0.011756960473073619,0.012363856957874786,0.04819266396582811,-0.010993209255061975
2021-01-06,0.04695608770276771,0.005978356305610388,-0.02052780105689056,-0.01624105266038789,0.009410129773516296,-0.0336615088409723,0.025517525464675783,-0.03181276550894274
2021-01-07,0.032838928602609174,0.01485764179752902,-0.008814375232937044,-0.00233462025122122,0.0033783133511358088,0.034123424982641426,0.007845580715913014,-0.011084943207843034
2021-01-08,0.0011042273585590845,0.005697605566522546,-0.0032277912568768885,-0.03420993723985433,-0.0020577092241857997,0.008631165241193894,0.011121024523069067,0.022417853412111333
2021-01-11,0.014924002511867318,-0.0067407216481515375,-0.0016523164811361735,-0.0019614419353504164,-0.0041864617181593955,-0.023248761426162612,0.030356016823756438,-0.017227791872088782
2021-01-12,0.015719298939264492,0.00021124447208187291,-0.0007941249730922806,0.006473960214956609,-0.007780253774612,-0.0013956848827711976,0.02220350985482855,-0.0017928094111127058
2021-01-13,0.0009269296937020055,0.00269318864841539,0.011262107518146047,-0.004307374345463466,-0.0015180515321085997,0.016226496209509556,0.01127842205234919,0.0009980830099121096
2021-01-14,0.005842432263702957,-0.0035021777626510486,-0.009367860400099182,-0.0005190998467168306,0.017480699295548296,-0.015127068527428511,0.03903335338029712,-0.018540763612878042
2021-01-15,-0.01792130885391252,-0.007292710667477054,0.0039673488834151005,-0.012407628760563338,-0.0021786514079155106,-0.013730410601515808,-0.04810198064822124,-0.010765908549513425
2021-01-19,-0.004328343358646514,0.007852180257225339,0.003228240911610003,0.00847307255811236,0.01547111510129362,0.005427060065681832,0.019837278429430505,-0.0039014361023356203
2021-01-20,-0.014995206294107222,0.0138386665023289,0.0009843943659235688,0.016282289539807593,-0.0024574469491334128,0.03285607150862213,0.01412770284994802,0.003504352931706922
2021-01-21,-0.008384268385108529,0.0009116114453124879,-0.00701828345790434,-0.0006271772092728556,-0.004002928822730234,0.03665847228651753,-0.028669471659496626,0.005546458268280263
2021-01-22,-0.007713631769271645,-0.0035395412718244312,0.0032365053745975203,-0.007873145210082533,0.011253290630365065,0.016073610621885503,-0.014134213427399511,-0.00939728362179848
2021-01-25,-0.012482117803831905,0.003943626959087787,0.011786467820461777,0.0008626173693986328,0.014857605238516314,0.027684036947581925,-0.011174190611705104,0.005980632025912813
2021-01-26,-0.004087173977464942,-0.0015604126808456131,-0.0018875934815976159,-0.0024705999829396363,0.02711191797941992,0.0016790754086271065,-0.021961873137665067,0.01045505232039634
2021-01-27,-0.028271793620646468,-0.02444076896055558,0.0025425705066579596,-0.006335623059913753,-0.01525105689472761,-0.007683639196180203,-0.011336208412323412,-0.015418944342336594
2021-01-28,0.017597356668043407,0.008600092872435683,-0.005527369826435313,0.0009273614616172043,0.007624513775710495,-0.03498521679782107,0.015655837763914215,0.01277551589530268
2021-01-29,-0.011067371181687324,-0.02001942220422004,-0.006016641456858318,-0.0004053281700162614,-0.03564678864266291,-0.037420848311589094,-0.026487258627066135,-0.020345793562922987
2021-02-01,0.007383048424555616,0.01664532252449402,0.0011591669485544465,0.009385291185094458,-0.0025745929384120014,0.016520427993568898,0.001784442509672246,0.006853663894344164
2021-02-02,0.03078236506392651,0.014140396747018613,-0.0064471836105726155,-0.012167796413785958,-0.00897302267977329,0.006336523546111694,0.015805703119586623,0.009901098380655338
2021-02-03,0.011451183286102395,0.0007864442169431829,-0.008872923242186359,-0.0015106298641213156,-0.004651309489688171,-0.007778498407666423,0.03922846795584323,-0.0038809005510058725
2021-02-04,0.023013313178307238,0.011365646311931599,-0.0026728533344114735,-0.021530474690833024,0.009283490767143077,0.025758083116778296,0.019190264871422835,0.004920974019895885
2021-02-05,-0.0019530373850252802,0.003935612377286013,-0.008373395909587633,0.009872160109213546,0.015186322758922843,-0.0030980592208925684,0.03351954049628958,0.01305845988540999
2021-02-08,0.015654683450383677,0.007222056449972092,0.0043912702847053176,0.010070118005137685,0.0028582183347050094,0.0010964732499165741,0.04304305840017664,0.005438008557646201
2021-02-09,-0.003996330361811906,-0.0006657220315108292,0.0007397531953348135,0.0032649110578624185,0.008185870598828915,-0.006573809992301172,-0.01171200568880526,-0.004406714580465598
2021-02-10,0.000573221871644769,-0.0004358288909668273,0.006654204860986113,0.0036611162023989507,0.003247356062009432,-0.004558112884082033,0.009678254781364082,-0.0020123618450624825
2021-02-11,-0.002792503394176138,0.001615081485827785,-0.005474785556092598,-0.008685078696598514,-0.004495955463027279,-0.0019204957385309251,-0.025039343913849765,0.014113216086460989
2021-02-12,0.014216919728524458,0.004939888559142291,-0.012419821323390479,-0.0030372306060941767,0.0031312053202219303,0.001776238919974249,0.013643861568864546,0.007753245362278172
2021-02-16,0.024070461331930693,-0.0008660171956227369,-0.015226607746942511,-0.014353488272303538,-0.009064427776171113,-0.01610410526918138,0.030087273403570425,-0.00828545094598554
2021-02-17,0.0031113064735748264,0.00022955189041429236,0.006350222109933412,-0.011352850687983307,0.003574004054473612,-0.01764366262581929,0.015564723666023905,-0.002785129411091547
2021-02-18,0.003376911610964539,-0.004256121451651218,-0.004047148719962701,-6.0088418961767864e-05,0.00048294492710310166,-0.008636858490059574,-0.015704888007994966,0.012767067347983163
2021-02-19,0.016690868216298727,-0.0017659490798668243,-0.013291796039181403,0.004148551901348441,-0.01665243065618016,0.0012336802567940452,0.006728242299342879,-0.013000043365633318
2021-02-22,0.009390465391384328,-0.007691600508998309,-0.007607405267168188,0.014969164015496528,-0.0006174539468171147,-0.029799017833722408,0.036853095301536465,0.010377337427287747
2021-02-23,0.008031748091032798,0.0012144240045792731,-0.002884292783537523,-0.0023007456922117253,-0.00883431518472233,-0.0011109588681386118,0.013812230655163349,-0.0017777602652296887
2021-02-24,0.017594685237453556,0.011019355477837944,-0.006559281616204116,-0.0007095264939214196,0.0134007014390074,-0.0040525266760971235,0.029972779440806008,0.0033638632872332597
2021-02-25,-0.013571406638692052,-0.02409587107571831,-0.016331107923017285,-0.018816524708764826,0.0010454191013222758,-0.03478250698825669,-0.016578472104581743,-0.01064911346141506
2021-02-26,-0.02652453961959611,-0.005152864089137177,0.03305870155569113,-0.024182906697045592,-0.02641926669935668,0.0022317560745042098,-0.024928312624110438,-0.02351973193694168
2021-03-01,0.022626723607722887,0.024240117411165052,-0.01320732392888102,-0.0017304170540851649,0.005427571541484433,0.05385118316456361,0.03733662281367778,0.018575056891993347
2021-03-02,-0.0032559212199579912,-0.007802734981359194,7.072755095594019e-05,0.005447934683729505,-0.001883394173801789,-0.020893657438575408,-0.005850938104670522,0.004008142888092259
2021-03-03,0.019332395544234604,-0.013245930676574202,-0.010845457744277032,-0.011021541189334294,-0.017607662393777868,-0.024456528379971032,0.008025742503128042,-0.0023953927097873917
2021-03-04,-0.01536894307211134,-0.0123747335260046,-0.006449952557569527,-0.009836893780889033,-0.020163937838558188,-0.015811968831475842,0.03874709730481918,-0.0008002915643228192
2021-03-05,0.002325063651667625,0.018396569149567332,0.00194790191325378,0.0006288110395962221,0.019794955786266222,0.010738407026971819,0.0378132489137446,0.01702049134899286
2021-03-08,0.013252956739134847,-0.00497879503650589,-0.00777514924737388,-0.010368190918767173,0.008327727399217055,-0.0416735973716702,-0.0009849372993741001,0.016735642490758984
2021-03-09,-0.007063171890003717,0.01427746343586933,0.013857968944708032,0.02127113294736649,0.0019061445288026668,0.0406497940605568,-0.015442509858892506,-0.015104550690191676
2021-03-10,0.021734884712921065,0.006224336200401082,0.0020038330856091413,0.005098279923459348,0.009194551381939586,-0.009166663968843358,0.030702430442207218,0.011403798062053161
2021-03-11,-0.005221458354525033,0.010139337325166142,-0.0072133762930832734,-0.000866011298261804,-6.273954847957341e-05,0.016502673499760645,-0.007446892303873964,-0.01088651654006656
2021-03-12,0.011858664606465563,0.0013468659664168658,-0.0212218872711043,-0.00018572795011984056,0.0028907533760158532,-0.007625398451931664,0.010764806454862885,-0.001981675856644327
2021-03-15,-0.004995209367233189,0.005963627568318142,0.005880185254269588,0.004396503999798185,0.005137665472624731,0.02445666221283571,-0.025496252729980018,0.013304034072513238
2021-03-16,-0.011971626248175049,-0.001261467100747149,-0.004019103010915237,0.0009248406787658592,0.00592177362815649,0.012742979783088249,-0.021195674569049472,0.0037234769939944456
2021-03-17,0.010292490669919552,0.0034099725571796746,-0.007482500651784574,0.00714498527693741,-0.003718171147359839,-0.006450504734153872,0.004398558485908088,0.0003902803319417725
2021-03-18,0.016506528534908416,-0.014549753603290805,-0.010126678861788196,-0.005810023730399405,-0.0018658588826325762,-0.03390523699862591,-0.04311910663209839,-0.013075725893894052
2021-03-19,-0.01592144785791294,-0.0018501682722922297,0.006197914832811513,0.004183119739068708,-0.002679793576711109,-0.004480221748046742,-0.005632839906153486,0.004746117812035822
2021-03-22,-0.02687884189654144,0.007984903414504085,0.011205639109731269,-0.0014702614866924923,0.0028743869704468406,0.02833572743985857,-0.010267392730262559,0.0037394229617304653
2021-03-23,-0.010001675617585581,-0.007870916534924444,0.009027255394227218,-0.007300628474884996,-0.0009341684326384936,-0.006888591588270598,-0.012341366264053799,0.007647052861476045
2021-03-24,0.007761130508279868,-0.005083129666400565,0.005382117355463123,0.0034608341081703298,0.009728668116326888,-0.019993610797228056,0.0202825723890534,0.002529644172809098
2021-03-25,0.01281353049351952,0.005625521525415955,-0.00788590310116466,-0.003633653726877295,0.0003703476508956083,0.004163477672492366,-0.0028397917260405414,0.009704777658849917
2021-03-26,0.016650288550337677,0.016115042768897414,-0.003499198729490227,0.0028434090575977233,0.018274958524526097,0.005141548459034029,0.02723381164488381,0.01960796407142551
2021-03-29,-0.015539145998396675,-0.0005053056681513235,-0.008488395050281317,-0.011896005111092234,0.006730210598479669,0.0014848779962763903,-0.0053716259892364615,0.01527145709790223
2021-03-30,0.011789189955957013,-0.0026531199238513103,0.005239397961666725,-0.017091823816998808,-0.006203277448986522,-0.01227419153574949,-0.012369374148224366,-0.012998882866481876
2021-03-31,-0.014564752169549111,0.004053588297873834,-0.005579255040737197,0.015167857324082767,-0.0039998611984868315,0.01876539983951897,-0.015170226181934199,-0.00827857503071705
2021-04-01,0.00972191576798953,0.010798852576969775,0.016597127220224106,0.012628087827510459,-0.009248443529578876,0.006958584952721836,0.02794191452973216,-0.0037943393988489893
2021-04-05,0.005300652369598646,0.014353183530644742,-0.004363457463412823,-0.0003704010382533651,0.0036846142149549177,0.02357739699382244,-0.015508037730157298,0.005713271730634295
2021-04-06,-0.0070302337297700745,-0.0005905072235358189,0.006792485452760344,0.00802867506459215,-0.0002446022067401632,0.002462130046075872,-0.0028317501454073746,0.007195525484311016
2021-04-07,0.01566798198512709,0.0011571907190819353,-0.006964424927130453,-0.002818323186048577,0.0013465065785105423,0.01339039448404189,0.004437313890731653,0.0016919688448517878
2021-04-08,0.0012261773542117105,0.004746845514252751,0.008255709014382884,0.01075202788807239,-0.003911813265599862,0.019233884935803358,-0.010425722623765288,-0.0030029474968860104
2021-04-09,0.007478224250529353,0.007270181925751906,-0.003622963832475623,-0.00753747660190629,-0.010554196433606222,0.02025151769102873,-0.0023213756351742054,0.0011292978983330482
2021-04-12,-0.0021116662465591185,0.0003645355256944871,-0.0004365771242842431,-0.006063609158189043,0.0024188122437271975,-0.013233022994735277,-0.006622589334440043,0.0031969618597667004
2021-04-13,-0.01192685924329917,0.002963606922903095,0.0074934382316804715,0.007086479573175097,-0.013363315312730717,0.02430662216737267,0.0037838007267567697,-0.004873501289978099
2021-04-14,-0.01869044638783801,-0.003415057467625382,-0.003177412570115501,-0.004344315528953313,0.0027589280638624647,-0.017853362303331788,0.028899648711963266,-0.00018835064679223468
2021-04-15,0.006348657548256753,0.010742542437803815,0.01673460514910019,0.016162763416190717,0.002939091754784462,0.01870818710324884,-0.00593165784306493,0.004709989040192042
2021-04-16,0.007426044713991997,0.0033422096047268646,-0.007766540923781151,0.006047777218550321,0.011534380457598026,-0.0025280175790722836,-0.00561595323859343,0.006562688291566143
2021-04-19,-0.004240196495527204,-0.004912805860948555,-0.002872330453387195,-0.0027652942409929215,0.0027739737517118446,0.0050687324183347204,-0.003176835061856287,0.005961390794722021
2021-04-20,-0.02214188667636996,-0.007321723477263564,0.0046093469010621835,0.0035565515706876827,0.023295427512096234,-0.012829981550512848,-0.02106944406012279,0.003148001887744778
2021-04-21,0.008508011549699601,0.009462208035052155,0.002007080170797204,0.009911155680072392,0.0006610227264645108,0.0029298508580926086,0.012841419494109774,0.008122694458869928
2021-04-22,-0.02105743276497163,-0.00913306038894579,0.0043639390692600255,-0.006483147356353358,-0.008464136870631855,-0.011685402549467594,-0.01303568537768407,-0.003112838434888854
2021-04-23,0.019135213267546858,0.010842271685159277,-0.002350685984211953,-0.003831414124593202,0.002058375525627154,0.01803864485008888,0.005427658944002545,0.0005509578735367615
2021-04-26,0.0024635145322344787,0.0020876549381041443,-0.0014280267878665764,0.002644245538133694,-0.00845810293265059,0.002977821371343392,0.0019794985588388325,-0.014870616238899736
2021-04-27,0.0045830472418315615,-0.00021532774255184073,-0.00872314769605631,-0.002517371003141977,-0.005727646124914831,-0.0024497462725376895,0.013110605688229748,-0.0014907992226783628
2021-04-28,0.00647967436390795,-0.0002876362545334299,0.0006497251601591536,0.002944390689552989,-0.007353966054769345,-0.006027334604755574,0.030136657377628273,0.00018637862505821445
2021-04-29,0.01944411756977371,0.0063729055021199965,-0.0029556437849670436,-0.004133978948338446,0.013705677020360296,-0.0007484624004466811,0.014283232904080956,0.01250250287872623
2021-04-30,-0.00889251442572292,-0.00657048433809182,0.002313177421963575,-0.0033690142851713345,-0.008952519680098692,-0.015133237050512727,-0.0288428795339708,-0.005160346040067765
2021-05-03,-0.002925560965262086,0.0021566038889677674,0.0005996302946469356,0.012978352341882271,0.015239802438277161,0.008215264048511806,0.027602960149761158,0.009262590358631195
2021-05-04,0.013823471141261479,-0.006169111921265347,0.006786211119389041,-0.007329692780131181,0.015495612719540475,-0.035385434443757635,0.006290448098445589,-0.006240860574594498
2021-05-05,0.013120882525829769,0.0003126757668161506,0.0016491397162465837,0.004142168530566259,-0.004172439629981151,0.001955446578262965,0.03007278140713865,-0.002585686515202412
2021-05-06,0.020124448319124077,0.007985592571752909,0.0016466844563083338,0.01667957921247054,0.004010308413576746,0.012802466887100739,0.009512881190603117,0.009999948011922166
2021-05-07,0.0034225306898896246,0.007277891915140167,-0.004931607662059356,0.00899681760120985,0.004530661960445048,0.005327468150946535,0.01429703372843072,-0.0005501928861546546
2021-05-10,-0.00012393506449803748,-0.009902309392883502,-0.01012730900454728,0.0030305045955998366,0.010504845953957842,-0.025804730120814523,0.002402883310961723,0.007338172311550872
2021-05-11,-0.016623057476211844,-0.008924616652830952,-0.005659519527347778,0.000174300035968189,-0.008163503814489048,-0.007410086227333079,-0.031799065901602974,-0.010744681930228595
2021-05-12,-0.0068755785321699125,-0.021245198004274157,-0.010507868962391864,-0.009933813872024522,-0.004026765011262978,-0.024938518708830903,0.005358040634514172,-0.005154645518140932
2021-05-13,0.02572266677388635,0.012012434474857114,0.0015487474899626985,0.004107329913244362,0.010463586429236615,0.017919692963372036,-0.012325202512031952,0.008697021721526976
2021-05-14,0.015541676740145283,0.015355325754332405,0.009351168877729465,0.009115862292308208,0.0015300765319012921,0.01984460842803215,0.0247893228403413,0.004036015208528587
2021-05-17,0.004024281848612032,-0.0025444758365621434,-0.002115475691001123,0.011639321781340195,0.000998558848474218,-0.009258413132627874,0.0233667573452645,-0.001644360140273804
2021-05-18,-0.014088627579211477,-0.008615750715594395,-0.0025582594280241233,0.001946172546249958,0.0003519162321128366,-0.011245742625147548,-0.028300240627091577,-0.005490473042872646
2021-05-19,-0.007638184387255831,-0.0026217249611071303,-0.0024189896274177114,0.000685616890880425,-0.0021703716329846134,-0.0012814106249628976,-0.023994769473004496,-0.00312855130468237
2021-05-20,-0.0017376784542445511,0.010757809047215128,0.008228569157294086,0.004567270124640199,0.005820577581429953,0.021012155688273193,-0.0023736855998739426,0.008861076357786546
2021-05-21,0.011378318604167381,-0.0008186555007252405,0.0032065550062063686,0.0004545724551812125,-0.0006427701886864146,-0.014767295380951229,0.0013595634250089805,-0.0005489223810541954
2021-05-24,0.005410134815525769,0.010194130109292265,0.003704331058087984,0.001761036294059215,0.0038255055896603274,0.013314344161250657,0.011710809669307931,0.0032956695101700184
2021-05-25,-0.010333788460583415,-0.0022186482587139844,0.009263436120917401,0.009072814229376336,-0.0027557057577670685,-0.0015736540482239603,-0.022647209476535535,-0.00018255456531557357
2021-05-26,-0.00012368284752084513,0.0019846106127872076,-0.001720866912335528,-0.0017420486873281904,-0.005938248044377481,-0.0003941877810421657,0.011671848279113828,0.004380157599788381
2021-05-27,0.015571995384371817,0.0005247574022999579,-0.004022277933791729,0.00039409662496781017,-0.0015377351777567938,-0.012376737661610848,-0.006447144576507191,0.008359094569216019
2021-05-28,-0.0006694318030900925,0.0017888490854689465,-0.0015867095043755608,0.003770176937892389,0.002606408944439753,-0.005348020893024108,-0.0032446074176906148,-0.0036043269268991596
2021-06-01,0.011020620684389693,-0.0008806609980028801,-0.0002243072767088572,-0.0026909461441234628,-0.021979622992994274,-0.0026482196829534788,0.03580607536277447,-0.00018069497447137373
2021-06-02,5.991064515797895e-05,0.0015724896660225252,0.002314929735934168,0.004890446350902078,0.00404766846063187,0.006276157478871003,0.00793911018391169,0.003979796553245096
2021-06-03,0.0006626432585081776,-0.003711390503030154,-0.003753056363501095,-0.019578228541437537,-0.0009625829050813328,-0.012154273866924914,0.003938288584943939,0.0025223249645778267
2021-06-04,0.0016250017923582494,0.009145988252438508,0.013694346705400706,0.010783359066451448,-0.0004217275024719358,0.019022161963532236,0.00441322232672503,0.010783670348226249
2021-06-07,-0.004686636132981259,-0.000970362322345597,-0.003073713070138484,0.0040076283608136976,-0.006808370595297264,7.945763881966883e-05,-0.0065092388860157335,-0.003556181398688074
2021-06-08,-0.003983989293160017,0.0002130694272683975,0.007026912223095483,-0.0030920774052216604,-0.008796304484528839,0.0066719219760627,0.01769032683736782,-0.00695931022039753
2021-06-09,-0.012484850605733344,-0.0014918664536323067,0.008828592299673366,-0.0019175027218333307,0.013464670383067423,0.003077262262361158,0.008369535548813367,-0.0030547452728079127
2021-06-10,-0.015588662371813,0.004648547279446413,0.005999011381143449,0.004294325821970535,0.008997968891693686,-0.008023164458556109,0.0015962316259199305,0.007750341558309115
2021-06-11,-0.0006857004564614355,0.0016524418602315016,-0.001613665795798358,-0.011252390785353672,-0.012688388516738813,0.009832515865508373,-0.009243140432068864,0.004471584112709648
2021-06-14,-0.016969277031436025,0.0022390213374463563,-0.00765914861930439,-0.005860923791407013,0.0024851798976606165,0.024578109588744734,-0.001608555838671255,-0.0034086631572065595
2021-06-15,-0.015167825666473234,-0.001834220683455401,-0.0012040391633970637,-0.0037777095572453234,-0.005321256638162519,-0.006437908551621296,0.03641069170246869,-0.002520157558215441
2021-06-16,0.007024003347922969,-0.005583387946833884,-0.0008508929749374561,-0.016891711518855712,-0.00036462771616951883,0.003934093949382378,-0.003575532782606361,-0.01335491012490464
2021-06-17,-0.028860287100403448,-0.00033161624464816963,0.014971773323716686,-0.030740427140865334,0.004804587589676057,0.012600916725532318,-0.03291737188003874,0.005121526949116051
2021-06-18,-0.025302939993717577,-0.013490381996013823,0.018806033138920375,-0.005547261946798776,-0.019610442291313812,-0.010092027210606425,-0.02564914575448729,-0.021474180895471595
2021-06-21,0.01696873597902071,0.014315908327570348,-0.016742408622174243,0.012247646651096789,0.011483059976451937,0.0141041010640921,0.036258278849440995,0.010972597254625738
2021-06-22,-0.0014626392273343614,0.005346238558972649,0.0024417973769323975,-0.0041928539145718036,-0.0013429510985925042,0.012698216246058935,0.01917255667245965,0.00367939869498235
2021-06-23,0.006058274945460074,-0.0012053410677659304,-0.002575749487065071,-0.0006616578066259704,-0.006050333285710141,-0.002089656974950116,0.007367774977235175,-0.008064548815710837
2021-06-24,0.009197724138708896,0.005915840779000092,0.0016050643354326155,-0.0006019387497473438,0.004549982910025729,-0.002169317273891247,0.004046164213067582,0.004989128929143272
2021-06-25,0.010097928777951015,0.003552087489885114,-0.010383290623367625,0.0033124733437563947,0.005141826759494483,-0.002248542900081807,0.002169798222124042,-0.0012871559659137777
2021-06-28,0.0018175403538778223,0.002015789856375738,0.010281731152318896,-5.999463986816611e-05,-0.0011571400213223892,0.012546151498633806,-0.025518064932307682,-0.0011046403034857821
2021-06-29,-0.00123094447688743,0.0005381277447285004,0.0016728905430858365,-0.010505462725200698,6.1034653013214424e-05,0.01149998002306174,-0.006189466490937212,-0.007371950657383386
2021-06-30,0.009082507226029435,0.0008416081800894926,0.0044531075220197724,0.004853503869870712,0.004328484729472892,0.004621342064282885,0.007345904648640822,0.0046417182454197015
2021-07-01,0.00990099009900991,0.005536716320273305,5.569727907173139e-05,0.0034413575356286863,0.007405794037560698,0.0022632954894448165,0.002853456362671425,-0.002772196040915609
2021-07-02,-0.0009604957774723699,0.007643558909604886,0.006034373039597973,0.006558341503640763,0.018196885967274756,0.019596439316678538,-0.0014227773669400756,0.004077070083115197
2021-07-06,-0.01679164377639264,-0.0018215626004801644,0.011720803282112113,0.004961455343207799,-0.0059769041183224125,0.014718652581773073,-0.028494494268413106,-0.0055370660162267216
2021-07-07,0.0011732937643984531,0.0035340776632761806,0.008859134711863614,0.003806801143447114,0.008572791140985636,0.01795516944800557,-0.015642777283982445,0.008166411379094685
2021-07-08,-0.017253742534773964,-0.00814789801982796,0.003918057054615343,-0.0006518168637834609,-0.0019478839194297937,-0.009199566967100004,-0.004469474113356409,-0.003497769794165828
2021-07-09,0.031999593986183905,0.010674795369888246,-0.014062869643541531,0.003320562334123478,0.0039626831152970166,0.013054998352524771,0.01812457476753937,0.006096234234754139
2021-07-12,0.014316029912687211,0.0035818101175058015,-0.0012967844120471694,-0.001241101031467462,-0.001590549695133392,-0.004204071641928819,-0.00098003980358774,0.00036732107695303107
2021-07-13,-0.014873519269470559,-0.0034089339439113964,-0.007653360259028075,0.001301782371024407,-0.0012391916590525076,0.007889520923962445,-0.004740943801273656,0.009911916714408386
2021-07-14,-0.0034052338236117974,0.001492162399381547,0.011361874680024586,0.010755182911599048,0.006793817022642257,0.024100358578579506,-0.022174997279587272,0.02253720550066496
2021-07-15,0.002192187207548102,-0.003415572895681729,0.011030158863897244,0.00017547964957964624,-0.01202903035948688,-0.004491965229277639,-0.009742723166097367,0.0031992551213355647
2021-07-16,-0.022835638706238504,-0.007843394085489619,-0.0018854540342546633,-0.00970365108457183,-0.0016035863254235672,-0.014076179676296596,-0.027650550879314117,-0.0007086348048221947
2021-07-19,-0.032519349763263206,-0.014767968901634565,0.02192902412013087,0.0011805498135817327,-0.00725745314307491,-0.026914359358004236,-0.034368673128245764,-0.011879285269877582
2021-07-20,0.01864343682875913,0.014330481983882759,-0.00963985354164354,-0.001297100524211059,0.00940790067062025,0.025974033109829042,0.011021102340499578,0.001794275650388144
2021-07-21,0.021040265254795854,0.008096268667287188,-0.012666765317110862,-0.0037192566567244567,0.006173997332761472,-0.005131606809881117,0.03216593961091019,0.012896375153219175
2021-07-22,-0.012625742423723052,0.0020940719107707118,0.009452702867900564,0.001955450591350383,0.002890758308792929,0.009628623909076595,-0.011253701671894878,-0.0014147470782761573
2021-07-23,-0.0019211318546300538,0.01028779152379311,-0.006688808087169207,-0.0031344183025339145,0.010648454388608952,0.011989083558253233,-0.0012257447007152367,0.009562621760029977
2021-07-26,0.006704647462755675,0.0024549503948168017,-0.002963318057928044,-0.0023730060647713103,0.0004656814258541253,0.002894455887813674,0.025245449798933395,0.0008771891034913271
2021-07-27,-0.0013187261276648155,-0.004557526359756037,0.01067145382738488,0.0016650735799190741,0.0045967062882181775,-0.014900163180505799,-0.011114836666119676,0.0035049836668179513
2021-07-28,0.0016504416058802374,-0.0004100374916921057,6.733002978620561e-05,0.005046252863966982,-0.002780314280387053,-0.012196206729063741,0.0067438747451733505,-0.009081406393341651
2021-07-29,0.008569978947229329,0.0041474451730294515,-0.005546580502935328,0.011105233370970247,0.0,0.004552494429637566,0.012194945252520073,0.005463485434161308
2021-07-30,-0.007974209470519522,-0.004856639762809922,0.004703607976991098,-0.007886842666167015,0.00011608016263453536,0.001510585221179639,-0.023078216907931992,-0.00035033503549597445
2021-08-02,-0.004018869489449184,-0.002098021288035823,0.008919457585580215,-0.0012366429443513294,0.00040653938903645326,-0.0023309317835142895,0.00017384378157281333,-0.002630256072288617
2021-08-03,0.011377970134987425,0.00813565761932833,0.0005311263376794884,-0.0007074766626713469,0.012306327427484165,0.012644128978291036,0.010767603062367348,0.0007029973455456862
2021-08-04,-0.010792129331374078,-0.004918933594026398,0.002055904973635947,0.0002359625041987723,-0.005906095260712063,-0.0027822648066819777,-0.023367682922650457,-0.014406100163896762
2021-08-05,0.012628575629619387,0.0063328452415967185,-0.005096807073857734,-0.0039520921003340925,0.0019035010377621564,0.0007485595262481937,0.006333589933363637,0.00713016145569112
2021-08-06,0.02840377898075186,0.0016525573246988223,-0.016700918312276825,-0.024991124040327772,-0.003339283049134334,-0.004767100365217991,0.011538608275301732,0.002477783085132357
2021-08-09,-0.0010792558031683663,-0.0008136991307062802,-0.003586857760994877,-0.017735654639032372,0.0034660292005579407,-0.00034204649907176865,-0.011406987514767652,0.00017663072442264394
2021-08-10,0.01226712952246678,0.0012438089266664232,-0.004617740533158998,0.00030919522248562537,0.0003452742969218825,-0.0033541227817146524,0.017132944144486073,0.002647821888364321
2021-08-11,0.01193019517675964,0.002484896375122725,-0.0006140848802865806,0.01378497662510525,0.00017252702670744746,0.001785710643378735,0.002921678496692115,-0.0012323092069832509
2021-08-12,0.003908996174160295,0.0029970136550161453,-0.0016385864739676403,0.0002438615008097944,0.008055329281315027,0.02077318660183103,-0.002261422908162225,0.001938919740261058
2021-08-13,-0.011187216198003114,0.0018199185163010334,0.015796113069049156,0.014325811995228088,0.0059930692355678605,0.0014106283925892082,-0.010113474686940016,0.0068614024712876365
2021-08-16,-0.006563444267957408,0.0023545886287048567,0.00242353854277777,0.004988291568599701,0.009021149029122766,0.013547885994926734,-0.014620320351918736,0.00436823500863226
2021-08-17,-0.01208063739232057,-0.006555168006998957,-0.000403523342878076,-0.0014950364679763295,0.00916585957289251,-0.006154085160730904,-0.006792936379557024,-0.0034792968831753868
2021-08-18,-0.009107587486585578,-0.010945013446050145,0.003359840605283937,0.0007786122169375354,-0.012704125564935276,-0.025501125905207034,-0.021058332715560457,-0.013617390850466093
2021-08-19,-0.008356028616786082,0.0015482905311234862,0.007364791012794969,-0.002932408589264246,0.007788316385547223,0.0023232318917347783,-0.030520233383328432,0.006371643509222924
2021-08-20,0.002852077642058415,0.007957082780577718,0.0006651942930429033,0.0005401616803368814,0.004871842913703128,0.010156696003615906,0.0001896257418230185,-0.0038692072150529055
2021-08-23,0.01279740187136702,0.008796734562575903,-0.0006647521037372872,0.012177557387281546,-0.00431636128981483,0.010257195652795259,0.04114509493361962,-0.0035312089389202272
2021-08-24,0.006190005458037051,0.0015873376260486793,-0.007776325008559071,-0.00047414113127741686,-0.012499362272419767,-0.0006010646267150532,0.008195368936358749,-0.007618666551943543
2021-08-25,0.020612507689494963,0.002098250944894353,-0.00830677958392334,-0.006937433805443538,-0.0066138844688042875,-0.008421532747584504,0.0018063346857049023,0.0010713890328235554
2021-08-26,0.00515812382742431,-0.00590312597716558,0.0027696246278863246,0.0011344784228162208,-0.00533777909428812,-0.005527287975148676,-0.013523245793972238,-0.009452493085782998
2021-08-27,0.008037072007581081,0.008940927044707392,0.006803561327063612,0.015029547921398434,-0.002135003939662594,0.007184846297959124,0.019374780368608402,0.001980542884236103
2021-08-30,-0.01600739075129476,0.00439766985357104,0.002609378542638874,-0.0049356385559711224,0.00422139400299959,0.030416879536332875,-0.010937540742977037,0.00952375351270529
2021-08-31,-0.003054165880320703,-0.001481734028814019,-0.006806367919277356,0.0020076547129428413,-0.0030521996618542158,-0.008424624169215633,-0.011602964509739855,0.0023140559889129886
2021-09-01,-0.001437867372410917,0.0005315461543096145,0.0016747986751539656,5.8898619200498104e-05,0.0035233119656870038,0.004478652945061334,-0.013756159514591415,0.006748317554689631
2021-09-02,0.004633135242640307,0.003076718939281964,0.004365851132039245,-0.0026517204262498373,0.006849341223590155,0.007475039558214824,0.024362942437831325,0.0014111753730237098
2021-09-03,-0.006045173215577404,-0.00024295015847219936,-0.009094999293203676,0.01069422486613747,0.0006287842456609294,0.004230385244302415,-0.0038127339245503933,-0.0007044375671364511
2021-09-07,-0.001755679612161054,-0.003575449383245388,-0.00843521214477494,-0.01958371853465668,-0.015539065605320812,0.015489291111048242,-0.005831940200204611,-0.018685042875308366
2021-09-08,-0.0044593166776293325,-0.0012183210313888582,0.006805723691059695,-0.0025044029033459703,-0.002437322730263425,-0.010083431059944359,-0.009165866492342079,0.01347216689645303
2021-09-09,0.0043532815278795045,-0.004280006024811822,0.012100287516958907,0.004423489287242344,-0.022280385829882565,-0.006705206902174021,0.0007402296826002353,-0.00992557834796115
2021-09-10,-0.011495937207828821,-0.007884829992898412,-0.008816524933492942,-0.005058656845151166,-0.0065450070649302194,-0.03310154071094862,-0.002033771053053912,-0.0044753690017907966
2021-09-13,0.015887308515762255,0.0025594421946579793,0.006064601379084156,0.0033497597913456634,-0.007007118899029496,0.003893223378058863,0.025750124995733037,0.008271844203075807
2021-09-14,-0.01745266374791965,-0.005396670646842239,0.012123161083180012,0.006438546534438316,-0.006031440318731152,-0.009562209284338818,-0.01426756727305234,0.000718753584104892
2021-09-15,0.0069395766697495365,0.008352850271859946,-0.00350700669317916,-0.005864266379652205,0.0037622119331361947,0.006143550648941343,0.03371205636353247,0.0034118638747897556
2021-09-16,-0.00044291148647368495,-0.0015853591145318369,-0.004582325861093084,-0.02264197706190263,-0.0012089113676087004,-0.00161036287493721,-0.010634547591069299,-0.009484757106085429
2021-09-17,-0.0025931264592967684,-0.009741205197217662,-0.004804150415825381,-0.0015850424237688898,-0.002844707902814103,-0.018347660078223416,-0.011823548325033073,-0.01644074755501157
2021-09-20,-0.029934071675297935,-0.016674047794016267,0.012402683325452912,0.0071441542310690664,-0.005705752678019094,-0.02136125367582964,-0.026650097280191076,-0.006980004200984324
2021-09-21,0.00013046057784316112,-0.0009446974077511605,-0.0008611896567073396,0.006669036185550814,0.004395345552988594,0.0034278200947217563,-0.0009310918825089498,-0.00018513571340994517
2021-09-22,0.019153161312112976,0.009754866230590187,0.005964762943880153,-0.0037340107339023376,-0.0036467768799905986,0.016872622797215353,0.029269206922484026,0.0014800605213509677
2021-09-23,0.03380134005739244,0.012149914382467042,-0.02259698623565476,-0.011546389089901132,0.005672948073434325,0.006719391691377252,0.03387069093719486,-0.0016624451372830862
2021-09-24,0.011539823236712099,0.0016471431342266474,-0.009773793078095117,-0.00128427290155253,-0.0030325452951703857,0.0006127477071993237,0.008934774681083724,-0.002775951458296455
2021-09-27,0.02416576885702515,-0.0028607500213913006,-0.003675371898144264,0.00208203509820426,-0.007240442034398442,-0.01054980750056278,0.029692722815012562,-0.005195836618727023
2021-09-28,-0.005389511087472099,-0.020151673777845658,-0.015577086584240507,-0.009716428402719801,-0.0022060254658606837,-0.02380159015606409,0.01045522071032523,-0.018093433817201077
2021-09-29,-0.0007829821332223652,0.0016828438552787262,0.0017349038796570238,-0.004504756024632184,0.007431730320691887,0.0064831057050229735,-0.0006674123897818518,0.006078819513531064
2021-09-30,-0.01361862190112395,-0.012222355241749527,-0.00013856945276136123,0.01797665363761114,-0.015363748731698212,-0.00931182657787255,-0.017702199987268852,-0.009252117210061916
2021-10-01,0.021015538515317456,0.011884319204559013,0.008415678875753896,0.0022530453929923144,-0.00637786458507883,0.008127362817406336,0.03587213052977045,0.010482073481683507
2021-10-04,-0.0010769758922531958,-0.012895949528209716,-0.002545626672568524,0.0046783175745395145,-0.007789582164179687,-0.02460595593386039,0.012965692843741605,-0.000565887756184269
2021-10-05,0.01633032154460401,0.010404889207535684,-0.009656242759015332,-0.004656532835140448,0.002260972526316296,0.014158540469221492,-0.0016201992943184473,0.001698458820305504
2021-10-06,0.0021341624984203555,0.004156056022099008,0.005641553865005866,0.0026733243283083574,0.002068128889844756,0.00630729454492851,-0.01833799249755086,0.011868887246853088
2021-10-07,0.006330377401260412,0.008645770600593128,-0.010458190566017822,-0.005271739220885419,0.00894274067100187,0.00908435264314611,0.0028102401747425176,0.0031652020006613935
2021-10-08,0.0007644913040503187,-0.001823863639314749,-0.0069987900777667145,0.00042636491147840516,-0.0025417283666322454,-0.0027216387515979212,0.025057564252068953,0.004454354234324942
2021-10-11,-0.021031433397078136,-0.007239654461373646,-0.0025374573710975623,-0.0018875818465466931,-0.004225129938069783,-0.0006298181829318406,-0.009970820900584987,0.0020324510850715516
2021-10-12,-0.00768136680860243,-0.0024617650701308502,0.01710061020761433,0.004514430828637339,-0.015975228258402807,-0.009103094894655661,-0.005198229450299907,0.0
2021-10-13,-0.0263665648332847,0.003597876687548407,0.009726194562861945,0.017794197805277356,0.00957584311773374,-0.004239957797033456,-0.002776192429774227,0.00018455540037431994
2021-10-14,0.015341580477772343,0.01682052139659862,0.0037147670475523586,0.0024464685904206362,0.005716255361970957,0.02022572142492196,0.015228555154916723,0.006821462810775003
2021-10-15,0.019208261328333753,0.007615878062393389,-0.005826228128075428,-0.015892846243722114,0.007432197027317455,0.007512497362009318,0.009516092364202589,-0.002380515638255698
2021-10-18,-0.0003599500341070483,0.002960445225266506,0.004688782620953846,-0.0024799108302698825,-0.007315669736591701,0.011806265105591907,-0.0004793324240713881,-0.009911878744017333
2021-10-19,0.012128460812776742,0.00771483229239367,-0.013794536799460522,0.003213671993580469,0.02341961002390658,0.015079932055140022,0.015025611427486485,0.0038932446914869967
2021-10-20,0.013466241910659704,0.003927844890609267,-0.006750554690952537,0.008763958748792211,-0.0005488043820820465,0.0033611688280985597,0.005511810407605067,0.008864287665055093
2021-10-21,-0.007843663202706574,0.002608078381057588,-0.0011909114149692979,-0.0008987052245035265,-0.0023204007970827334,0.001473733859142845,-0.018167683334617157,-0.005125535359629119
2021-10-22,0.013451274988599105,-0.0010359395760992651,0.011013376657405427,0.006116967151190034,0.0019586619852247633,-0.005284793816184741,0.00685930457887074,0.0018400253736445826
2021-10-25,-0.004889735547828122,0.005362490108969498,-0.0015268009537358074,0.006914158513320778,0.002198614074393257,-0.00033597025128495606,0.01948668069097126,-0.004040508111288421
2021-10-26,0.0026909202432396917,0.0009000912308694264,0.00826890076761333,-0.00739951491266011,0.010178031489628259,0.004574769092673181,0.023154685844460232,0.004425848958889089
2021-10-27,-0.02082847374054897,-0.004430237026211148,0.0181946657695089,0.002624060476058121,-0.012126456516747153,-0.0031476841701424396,-0.02597217927460771,0.019276489357338278
2021-10-28,0.015074573501757671,0.00964910180001377,-0.003384553760022224,-0.00023788536339730548,-0.0054356721395518726,0.0249916386511162,0.0028067904102360153,0.009365991331200307
2021-10-29,-0.0027589048689363738,0.0020291206833606967,0.0030563573304343006,-0.008507900517562339,0.000184294960277942,-0.01815586139916281,0.0024881133422356427,0.005888606975824828
2021-11-01,-0.0005295515354111213,0.0017200515774509206,-0.007200306536337742,0.005220584505493342,0.0008594559123127343,-0.005607401937506529,0.01799268448249358,-0.003548021523615219
2021-11-02,0.00394570040838782,0.004043210592775903,0.004439063636993756,-0.0021490007233168074,0.01576493792127298,0.007116143815422804,-0.012341880664187288,-0.0012461744764619143
2021-11-03,0.0003520012293323216,0.006105291492207288,-0.010333920322982748,-0.008315382622616663,-0.0032005268454139424,0.009798769264494744,-0.013730235243977207,0.003386850484917492
2021-11-04,-0.013135579126041796,0.004712530789279246,0.010510257349622298,0.011340951773961994,-0.0027868565132233014,-0.0034987002012508706,0.007508212670549463,0.005507241155337628
2021-11-05,-0.0014262440133550047,0.003469477195773507,0.014955894872656472,0.0130629437586407,-0.007108222028042177,0.003582324081153221,0.009470511151814964,0.004240137987516546
2021-11-08,0.006010359026948242,0.0008536897123756493,-0.0018747421746888593,0.003591619309376348,-0.0034265746218749005,-0.005552704575688572,0.010765986270948602,-0.008972326875385406
2021-11-09,-0.007571209293960157,-0.0033053040826311886,0.013017533319592989,0.0049281100201232775,-0.002210195865718134,0.0024595502696718174,0.009738238539496402,0.0028402296590672726
2021-11-10,-0.0009538901527514909,-0.008045012795417916,-0.018282747368417285,0.010858781500706183,0.010829969637838222,-0.019163130386761762,-0.01970058711864331,0.0040716116268262326
2021-11-11,-5.957892161334577e-05,0.00032363815905900317,-0.0014845005344894524,0.005602086369596027,-0.007365679601971431,-0.00033817655622947473,0.0018693223827856986,0.0003525972743982919
2021-11-12,-0.004474633352442137,0.007546891471651218,-0.004392683373227957,0.0018952552280546708,0.01195849443276753,0.014336886918884906,-0.007619251676035832,-0.0022909197278345728
2021-11-15,-0.001798083699122266,0.000342354877752582,-0.012556684509534177,-0.0015477459282561279,-0.009029583259444696,6.649377591205763e-05,0.008617970016595145,0.00017640854077871637
2021-11-16,-0.007204464927200949,0.003957841605981338,-0.0025430243186800316,-0.007233864736584827,-0.005198052150501398,0.0066669365087013155,0.010097794038592012,-0.007064555533537464
2021-11-17,-0.005382062287103584,-0.002429220895280637,0.007924857083252634,0.009137183945092442,0.003749973704354481,0.016489822767455697,-0.010919715081129544,-0.005514097603611212
2021-11-18,-0.00863373441620452,0.003396467734738229,0.003760723657106446,-0.0032091550635745536,-0.005390036067946857,0.02853642814892199,-0.010884773942012371,-0.008942952639424906
2021-11-19,-0.013063598281280786,-0.001788175329458186,0.010557618272582836,-0.007646325240812324,0.0030174174230994666,0.016975819292108563,-0.04621914940853633,-0.005053225390282967
2021-11-22,0.021315040054022738,-0.0028151723043576826,-0.011728237103629136,-0.022420457120115533,-0.013161902863212505,0.002927427447181774,0.013845404066984202,0.006167348897523572
2021-11-23,0.02391206764773668,0.0013259391297320011,-0.014459535832319625,-0.008652404091134991,0.006199132762234827,0.002422111352566203,0.026337341227406608,0.007391287729298979
2021-11-24,-0.007843685624189467,0.00266991733934252,0.016055506067703673,-0.0009565020521100642,-0.002800407771668567,0.003283628936972649,0.005543936421453566,-0.008053009690021873
2021-11-26,-0.030127215282594322,-0.02230321717470163,0.02526931038542224,-0.001615539860939763,-0.006490211965384574,-0.03167856401073099,-0.03512931889300153,-0.030669374537958705
2021-11-29,-0.004322908816080218,0.012266407704915716,-0.008038432543947982,-0.0013785494630753625,0.0034548514791936658,0.02187365194495161,0.0055512006550444415,0.015820036272547133
2021-11-30,-0.014885477262029934,-0.01945754266742883,0.015202522661007523,-0.006721853018899604,-0.02391252725217019,0.03157769958712886,-0.028413803861914055,-0.03157333869508405
2021-12-01,-0.005918149116882376,-0.011107214945728527,0.006168480844186641,0.003987937535404162,0.013788286380675752,-0.003206166535783095,-0.0008354921908400037,-0.0028598537933383072
2021-12-02,0.02102713314375615,0.015316586620643724,0.0012471789367540786,-0.005536820827328315,-0.00626299028983035,-0.006129838489289163,0.02492070758483722,0.014722815245671539
2021-12-03,-0.01811266453506255,-0.008701432072002913,0.011932053492534234,0.008412002804647267,0.014577991842287252,-0.011724549337873147,-0.00636434043698153,0.008856231273872472
2021-12-06,0.011813474158256065,0.011843222712984991,-0.013735214321308531,-0.002460563224478851,0.02233643522299933,0.021502905202419154,0.011331978837546108,0.025588435242428043
2021-12-07,0.015047490997305513,0.02068486826105853,-0.00807931173090437,0.003549490636251651,0.002577465824785241,0.03544614847786898,0.011205003969687155,0.005463381123010924
2021-12-08,-0.01144103256775364,0.002647927225615687,-0.01728468082845025,0.0005395140531609943,0.005999404328018931,0.022782978259367148,0.002890654716260821,-0.0038035311165831587
2021-12-09,-0.0015558678153014815,-0.006751480374060592,0.005592920096464837,-0.006111378376110088,0.00949238461346047,-0.0029700159965082573,0.0025618507378886157,-0.002545659192915828
2021-12-10,-0.003988551313043653,0.00941340573330196,-0.0024124944023763417,0.004219899491422874,-0.0024711502229315396,0.02801334962784785,0.006389008425721432,0.02588418119760516
2021-12-13,-0.011888489817955206,-0.008858291398915585,0.014778956836608348,0.00252130006200435,0.017886144435173,-0.020674172861308127,-0.021901484798358184,0.026296925044228203
2021-12-14,0.007662303538981341,-0.006880181308023481,-0.002383168297727667,-0.009341302746070368,0.010922953927061219,-0.008023544422041118,-0.001460192015900863,0.0006926735873193923
2021-12-15,-0.007478307852055832,0.015625321580760243,-0.009621646815999751,0.004291534360497673,0.004991718327172379,0.028509424951792317,-0.004387561195218326,0.0044983197807224595
2021-12-16,0.015639144549610906,-0.008818528169977635,0.0003892534464873254,0.012097561477355745,0.010926504897852407,-0.0392639095278855,0.0016322028286763768,0.010161834766051925
2021-12-17,-0.022754489991333338,-0.010643099903937192,0.01133185730043107,-0.002140821851282393,-0.02762847978995564,-0.0065019022775685276,-0.021834613830384875,-0.01568631732379655
2021-12-20,-0.017989004337738312,-0.010633464440533702,-0.0074924034576033804,-0.0042312675861405635,-0.002853063075779594,-0.00812174361902085,-0.014492912852851259,-0.0032911733566090007
2021-12-21,0.013966433974649695,0.017759105226925698,-0.0038076159040970614,-0.0004188884251822289,-0.0032190993553115055,0.0190868755893161,0.022650274672959547,0.003997211445006199
2021-12-22,0.003907836849821322,0.00999868110313562,0.004627359737451098,0.009400024100517657,0.004305855581844487,0.015318657580883688,0.008099444642341025,0.007097147742233689
2021-12-23,0.003573971065554904,0.0062220545519418025,-0.008677450773469042,0.0022540179789249937,0.0019056120372624719,0.003643988693833533,0.0004918137596061634,0.0006873736255614826
2021-12-27,0.005722997311633948,0.014152121539763085,0.0024239192298780576,0.002367247994286892,0.008439818624055517,0.022974792229909946,0.014257632803677867,0.007385930288741127
2021-12-28,0.003034642943930743,-0.0008171990602449108,-0.003963060923619421,-0.004310065233419702,0.004007680450407669,-0.005767183494290173,-0.0032315591416004485,0.003921560763656462
2021-12-29,-0.0005041533328240533,0.0012793418864016637,-0.010924343828875749,-0.0002965076609273698,0.0070444520472623395,0.0005019505645724731,-0.008753424888101824,0.0011889174341193076
2021-12-30,-0.000504624441254431,-0.0027645618211289413,0.008385943830387266,0.0071772153754725565,0.004430085308515075,-0.006578291932456404,-0.0058871978952304005,-0.0028839738100006063
2021-12-31,-0.0008203880530935903,-0.0025202672055406605,0.001961214254090571,0.00683158799329231,-0.007196053681543746,-0.00353540913919681,0.006579922549301731,0.007315489855777013
2022-01-03,0.021155688766402614,0.005790091397948283,-0.026250356926922902,-0.015383743445999576,0.0027471925788689067,0.02500434209980429,0.03840505742063627,0.001519962557468446
2022-01-04,0.03790989585918858,-0.00033485477710870626,-0.004158279656885866,0.007366515057776857,-0.0026815238667656782,-0.012691551948306956,0.037614187956620304,0.016694948103606277
2022-01-05,-0.01828227822004347,-0.01920232634948993,-0.005427848343162123,-0.00300766493835114,0.006663383692214753,-0.026599832404796575,0.012437372436599148,0.008293307439325437
2022-01-06,0.010623982119628117,-0.0009394015376520404,0.0025889992868275424,-0.012244126909514819,-0.003425816479210586,-0.01669346491541157,0.02352074057606135,-0.005264109015960972
2022-01-07,0.009908210930186234,-0.003953410501011834,-0.007188248710583434,0.004551137683908024,0.01351752056704214,0.0009885561064573167,0.008196312836582953,-0.0023151678140098664
2022-01-10,0.0009575498172753605,-0.0012443543215774344,0.0024607839793222563,0.0030402057039400354,-0.004943926618487859,0.00011594589687047296,-0.005952094820488862,0.001657518438511918
2022-01-11,0.0010159638774753788,0.009108021579052217,0.006660975603916208,0.0120646549718888,-0.010630445121830201,0.016783647559535764,0.04206207838081588,0.0003309262908719468
2022-01-12,0.005671748981394664,0.002703656827389489,-0.0038311336774408122,0.002642622730480104,-0.008525438461973178,0.002570459876435338,-0.00294319311876301,0.0014889278688918761
2022-01-13,-0.0012469799308556517,-0.013778614639829656,0.008880802040640345,-0.0033969884760131075,-0.0060662180103540075,-0.019028155260556345,-0.007169256737731389,0.0059464253310841375
2022-01-14,-0.06146309259922256,0.00040900952039835126,-0.01510973047285602,-0.0028796749096049457,-0.005451598765619847,0.0051107268248846704,0.017556643456976717,0.00804601647369152
2022-01-18,-0.04192791851409694,-0.017709613510025646,-0.014074473867179416,-0.001650255097062403,-0.00440895490551263,-0.01889406203756283,0.016835869049019347,-0.007981794821071642
2022-01-19,-0.01546922859881461,-0.010383448381702687,0.006923728919551619,0.015880526897095182,-0.0031119356366300366,-0.02102478693435772,0.00041045055531263586,0.001642004766441607
2022-01-20,-0.008527294179086597,-0.011068055113113373,0.006166908527449166,-0.0024988838330701757,-0.007984318339784968,-0.010347378560502829,0.002188496580748378,-0.0040983182206674185
2022-01-21,-0.017472732412508796,-0.019630740427783455,0.011906105680773882,-0.0032624385581478954,-0.002299384574011909,-0.012764910192127776,-0.015012814682580977,-0.004938320645454186
2022-01-24,-0.0008960036330073473,0.004246799885810004,-0.008215091631961768,0.005494198734739664,-0.0115242613065073,-0.004864267374024012,0.008591002164823891,-0.008105912685834049
2022-01-25,0.010900191420238237,-0.012208908631214044,-0.0016143635460662553,0.0031971345443269072,0.0285943636778343,-0.011384770076702577,0.02939950768890931,-0.0023348600489681015
2022-01-26,0.009486118075070937,-0.002508884263156319,-0.012094386240810495,-0.016166464916677392,0.004474286819996953,-0.0005633391721854286,-0.010142919743036272,-0.0036778918497802904
2022-01-27,-0.017644744544804802,-0.004937887984931555,0.018362941263300625,-0.012898211138547944,0.013124694175032259,-0.002943193041424874,0.012808671080322798,0.0008393123251888568
2022-01-28,0.008946443275833937,0.024835273865659646,0.00034956178856315745,-0.0029832934474428585,0.007034541578865738,0.0697777301149698,0.0021300564815567302,0.0199493008456042
2022-01-31,0.01357343825861701,0.018011233931528148,-0.005170338011593056,0.005924537392067553,0.0029104581520544848,0.02612572120792267,0.009032521434064966,0.002794383625413177
2022-02-01,0.017160071518503406,0.006756805952979006,-0.003319007113717798,0.0008328835308379912,-0.008183824764184444,-0.0009723859882116992,0.06411284739740886,-0.007375878281337234
2022-02-02,-0.008005161936775362,0.009713956041697891,0.0033869187599815387,0.0036259919505645666,0.011060373085210795,0.007044034332024829,-0.002597950484900746,0.010237989248812918
2022-02-03,-0.008269978745312545,-0.02350494963843064,-0.007806131444492825,-0.0014214062993387344,-5.7728390832623155e-05,-0.016719652857237866,-0.011659816675917978,0.0070282275387418824
2022-02-04,0.025958234855656848,0.004702247402354587,-0.014742546984236604,0.0015420788696549614,-0.006541054484489828,-0.001679398312495417,0.021711866678031377,-0.010550211975670964
2022-02-07,0.0033433327938814372,-0.003209117258553884,0.0006476497054914709,0.007402581993851909,-0.003321167241417955,-0.004234674690413054,0.012037905674169735,0.010498716921142348
2022-02-08,0.018814852700742124,0.008227665708141485,-0.006685640397609882,0.003056870675416823,0.0026307431910355117,0.01846673654584441,-0.02585269766033549,0.0064935244012052085
2022-02-09,0.004167642228090518,0.014636063402347022,0.0018815031632775092,0.0033991784238243117,-0.00011650725803813433,0.008293728890645502,-0.0047872776347850365,-0.015483913393446014
2022-02-10,-0.004150345074696138,-0.01796547899153944,-0.01589250786587415,-0.0037965605384254753,-0.012070526662030123,-0.023598685722517,-0.009620053898635184,0.005570169138154446
2022-02-11,-0.013016993230032803,-0.019718480254486637,0.014828282876187648,0.019054878321533186,-0.010093467933382283,-0.020218528558433868,0.025178933307705487,-0.017758151764123542
2022-02-14,-0.009290647610112113,-0.0032696670069150002,-0.012441329957921576,0.005350715998122091,-0.012581291775820236,0.0014231043900125862,-0.015334626623041192,0.00646851681665539
2022-02-15,0.014623876155218207,0.01612684333245018,-0.011352982277462065,-0.009499848975192515,0.010326198304067224,0.023152579500199222,-0.012534959153957748,0.0037906558173388394
2022-02-16,0.001809671621959108,0.0011208237210968974,0.0059266879253880855,0.010284254451501385,-0.0005976780647796165,-0.001388924848935491,0.004616028696236452,-0.00016426647153988672
2022-02-17,-0.02303226733127406,-0.021361208681219712,0.0074384156757500985,0.013668073780773726,-0.006100169545397605,-0.021269284065666527,-0.001531793806490156,0.020032715641423948
2022-02-18,0.004688423288618848,-0.006475107957425674,0.010527353643747794,-0.0007334549100845855,-0.010719029805687064,-0.009355549078004288,-0.011120880502761943,0.006761161557766737
2022-02-22,-0.0017745492509012584,-0.010731766998332004,0.002604242233152698,0.0020890378623359407,-0.013589542782103003,-0.017812672371382954,-0.01163393692521264,-0.0041572462659273945
2022-02-23,-0.02093901376530749,-0.0177383592017738,-0.013781582401820924,0.0045072272703239324,0.0004963857215465328,-0.025864057009923558,0.004054594353796626,-0.011078905122593907
2022-02-24,-0.02784292964735713,0.015048908954100826,0.0006584930802751021,-0.006450131470019049,-0.019104201577362145,0.016680400801728057,-0.012635271906766277,-0.017535429854319884
2022-02-25,0.023659403129000056,0.022064069282164978,0.0007309515156923574,-0.003330678220184624,0.049703123092751156,0.012965385600490986,0.026912573008557317,0.03867128971822131
2022-02-28,-0.04169735310290379,-0.002558472518332966,0.021918822352549272,0.010365345791119474,-0.008614793099194995,0.0016378474480462923,0.0074514068594526695,-0.009705553149094714
2022-03-01,-0.03772934116786453,-0.015230355468061285,0.011562018275969699,0.018163415997793697,-0.003463335664565581,-0.011627912465340784,0.009563845825616646,-0.004338179979985646
2022-03-02,0.02074004192110812,0.018396172332535876,-0.03418260539551565,-0.010406339832951472,0.012438616123035873,0.020588245126492266,0.017178482298875863,0.007422931660163057
2022-03-03,-0.007107577400313092,-0.004978356854112187,0.010185185124383045,0.005953415398956663,0.014695624445706601,-0.0019811578032573607,0.006332822473539945,0.0006405798136910335
2022-03-04,-0.028129665698170214,-0.008124713223959579,0.01726371389368242,0.015929145881701023,0.0059353704335671775,-0.01840838852449045,0.03763566885188596,0.0016008775645575124
2022-03-07,-0.03861594990320649,-0.029479127531899074,-0.007629795668448569,0.014862865283030047,0.016108226127359737,-0.023717649261680518,0.03603316507038046,-0.02381341237280754
2022-03-08,-0.007042772688260035,-0.007581727083498135,-0.010059644139058355,0.027358997610294367,-0.02026604589624481,-0.011675906100746758,0.007575504620481066,-0.039619891058599865
2022-03-09,0.04006246403047875,0.026810845954397422,-0.009798712724126801,-0.02971117615699226,0.003792984424257684,0.03499747527252195,-0.05684662845298871,0.005114044985328858
2022-03-10,-0.011840652801247242,-0.004515734726613152,-0.014367424780638127,0.0031212277978962533,0.0017716343120453004,-0.02718638536967921,0.03104229905603284,-0.018317553463229275
2022-03-11,-0.022523957811238948,-0.012714646755316639,0.003346797345675556,-0.007027884128157469,-0.001827115981840155,-0.023908530143864182,-0.005154640772191299,0.0006910116705864944
2022-03-14,0.009930878824480738,-0.007308739340521009,-0.023349103462101395,-0.01507371193113849,0.013817503317493207,-0.026562604520862232,-0.03579838133066049,0.01844145264634456
2022-03-15,0.01774584050073469,0.02199050506348388,-0.0017456415412903104,-0.01870545038411886,0.025918534292244777,0.029677370880513143,-0.05691265485844399,0.018448828071088386
2022-03-16,0.04468608130416829,0.022174193011722076,0.00980777173470937,0.006260803404375848,-0.009197149171430774,0.0290155900777751,-0.003755445584451955,-0.002683730087547853
2022-03-17,0.012644693051104161,0.012511009004433138,-0.007453922893770559,0.004888644573449508,0.013064304726329912,0.006453977900234165,0.026647894663809568,0.010595359471156085
2022-03-18,-0.00035696429662124274,0.010952647041672758,0.012213072201190833,-0.008789852082788041,-0.011085960499892744,0.020918948500417756,-0.003925113022227644,0.000166466161508394
2022-03-21,-0.0032117526119959106,-0.0002922599909382928,-0.0231567020201503,0.007640798069546317,0.005662489484426825,0.008537543154936378,0.044870825206895004,0.007986744191215145
2022-03-22,0.021267703204042254,0.011701238684620252,-0.012812016089578826,-0.007250775291250955,-0.00472038550386733,0.020800764147790307,-0.004379397507374483,0.0036314913925477033
2022-03-23,-0.019913349172834938,-0.012878252366424703,0.02191500003551705,0.013659661796972422,-0.003771704758944616,0.008233680213692418,0.0157623891542924,-0.0065788982542371865
2022-03-24,0.006510206890583126,0.015074421706269714,-0.007832552626815592,0.007260367097212894,0.005162490273558307,0.02267796272717648,0.0030070420220285055,0.009602548216893103
2022-03-25,0.008742601654946114,0.00488341255358371,-0.013872768606865704,-0.004095451209537915,0.00958693854492787,0.0037338750747630822,0.021827935799641596,0.009019460950499214
2022-03-28,-0.007398665497645229,0.007113065805072427,0.008549569021509384,-0.018203790082975457,0.005143414645551347,0.005036647152863338,-0.028051631000451493,0.006338204400470282
2022-03-29,0.0022008242083628726,0.012370657025643883,0.007552490457865879,0.00044678784846130526,-0.000506204567703894,0.019134227025572104,-0.005313156686547971,0.0038761359472199164
2022-03-30,-0.004533278646354555,-0.0061746868522645215,0.007801654456054186,0.008038419372069505,0.010408678973774288,-0.006649449290763165,0.017117575458187817,0.0008044045233306374
2022-03-31,-0.030027138134099518,-0.015391225093556615,0.0024284998392152257,0.00038759588392967004,-0.01314106741194554,-0.017775560292556114,-0.014203832258061766,-0.003375686220445928
2022-04-01,-0.00740905724409191,0.0028341435403356208,0.003806532637745441,-0.006365867342034703,0.005416724892982616,-0.0017183271806364697,0.006417469708682733,0.014032075706386538
2022-04-04,0.004434395208322783,0.008566495207787073,-0.006949306823322621,0.004846769455083555,-0.009652522349676729,0.02369351184331303,0.0004813669931775788,-0.005248825893382603
2022-04-05,-0.011637346015034966,-0.01263131265692874,-0.0225925850298464,-0.006264842571455875,0.006460068193786528,-0.018942207559464075,-0.005171224944840125,-0.0011194757679391376
2022-04-06,-0.013874274408958609,-0.009999230072976761,-0.008094375114380492,0.002343216670796844,0.026011816751560612,-0.018450541990458813,0.011120866475229585,0.010085120428695138
2022-04-07,-0.003042164385484103,0.005038852225553336,-0.007532152552381488,0.003784886240234986,-0.002579242840759166,0.0018040054981980358,0.016736355818170345,0.005388218276960899
2022-04-08,0.018308166816942473,-0.002673803919268747,-0.010830865540438661,0.006265969312183373,0.0019809430828996444,-0.011908938169182814,0.021046416166261128,0.006147583571056714
2022-04-11,-0.0036706741840705215,-0.01709238146137737,-0.01582468739051701,0.004959463770487282,-0.012519307973462013,-0.025516004861605324,-0.03443103135350045,-0.00031335702078549854
2022-04-12,-0.010977418324989219,-0.0037051935403568104,-0.0013805347005124702,0.007676751619002831,0.00033350621989103324,0.011523717081996177,0.02087033402332361,0.011753521612424045
2022-04-13,-0.03223352258240042,0.011453776016931982,0.002032807831734651,0.004788537865618281,0.004224728177666615,0.016342444286699065,0.014135699127964862,0.002633250249836294
2022-04-14,-0.009269470688155979,-0.012451957844341721,-0.020045244363933734,-0.003303550666205579,-0.004206954936603724,-0.029988263286590766,0.011749897263414244,0.004480135102592486
2022-04-18,0.018553642527313174,0.000411229307532901,-0.004969116604621293,0.0030971927027434454,-0.012451346360265125,-0.0013308570891292781,0.00819774634237791,-0.008920173060798176
2022-04-19,0.020706679719122656,0.016142531604133925,-0.007490749109168249,-0.01511290437629953,0.030507659025426515,0.014115100493588884,-0.00892170083124666,0.009776267795477356
2022-04-20,0.0035084589905400865,-0.0007415659137449682,0.020126115463201977,0.004894947496407287,0.004424444692134877,-0.0010155456895923898,0.002278879026156977,0.013677830228131516
2022-04-21,-0.007752051895263623,-0.014953347811640594,-0.007398309651298729,-0.0035576001936851176,-0.002882401595190043,-0.004843799694038475,-0.010572974186397466,0.0037901800173305578
2022-04-22,-0.02872242581389406,-0.027439277550601937,-0.0062938339767592,-0.009722093245064789,-0.009925535921696538,-0.027821179161129028,-0.021831552408102972,-0.014499223874945066
2022-04-25,-0.00031537689043059647,0.005797674934499009,0.010000582400368163,-0.017970993150090764,0.02462256336497126,0.006737251062441496,-0.033713055334884556,0.010574519103047297
2022-04-26,-0.0295809950497099,-0.02896087054876073,0.010066872527110471,0.001525017044941901,-0.007150375535784792,-0.03732804955380786,0.0003645585246632166,-0.01349703756663656
2022-04-27,-0.013006130993987619,0.002811703443614144,-0.012825798287398382,-0.00755702425744631,-0.013969882064230998,-0.0014668394863049938,0.028557603840159596,0.00783997745899323
2022-04-28,0.01581281391987477,0.025259330484932008,0.001489521185876752,0.005398323510093839,0.007468305981345624,0.04515571886784997,0.030245591751321577,0.009609519436991842
2022-04-29,-0.032268333439674834,-0.03695537277754013,-0.012972965059773522,-0.00011297696546286318,-0.016352198067306034,-0.03660513530206777,-0.022362170274443316,-0.02387060319180312
2022-05-02,0.009131916592717948,0.0060191815206467325,-0.017333617185628425,-0.018540493535693647,-0.010085323985983163,0.001966565907643547,0.013607340686565994,-0.01810864369966625
2022-05-03,0.021419767801907685,0.004584068507262673,0.006741591191764096,0.00264926246698316,-0.001959293241981963,0.009622875034366318,0.020599070024800437,-0.0056747606670489725
2022-05-04,0.03308124133784873,0.030453049742869887,0.005510003781412198,0.009822544372671826,0.010712876428733198,0.04100813109527923,0.039800482820220306,0.03091320662448771
2022-05-05,-0.025019657740145473,-0.03554279383304659,-0.027398447604291776,-0.003811138551277793,-0.01908999830232483,-0.05571603800902192,-0.015158028588242778,-0.007996342872823137
2022-05-06,-0.0016137965024646261,-0.005969022932993506,-0.01473523801147092,0.0016558743678838361,-0.002206344067988364,0.004726900417505231,0.015280545644810184,0.0035654529799857837
2022-05-09,-0.01503396527491474,-0.032017279878105764,0.008797419130343487,-0.014479496708730832,0.005443235444607453,-0.03318905004009043,-0.07885265376884698,-0.0020080904531437627
2022-05-10,-0.02437237957966376,0.0023106038151679,0.009069137970346253,-0.008445202872691127,-0.0013534903548018118,0.01611201382617833,0.006630340067937723,-0.009286552570083484
2022-05-11,-0.006308308971615051,-0.015886109874240995,0.019272491804655623,0.008167128516088473,-0.005421007125236077,-0.05184141311052404,0.02081859114268969,0.004686800504310362
2022-05-12,-0.0008464475153370232,-0.001043887569028068,-0.0018653604927114653,-0.015333925720196762,0.009879026280302128,-0.026894259219771066,0.004539530889072552,0.0031099131051319784
2022-05-13,0.008895228254893306,0.023907672036987515,-0.01478057386011078,-0.00810956630229509,-0.00573433831859671,0.03191664286481677,0.029664040760225996,0.01875675667344745
2022-05-16,-0.006969357173787216,-0.0040574444176958435,-0.0010347407964679256,0.009538483763206873,0.0069548072020320095,-0.010672422503842038,0.023520259988986547,0.0036520135340640802
2022-05-17,0.03314711311331253,0.020570374187241613,-0.012083349491804007,-0.006279296383541522,0.004155638323777078,0.025422743630304057,0.012754258662912576,-0.002729207487796259
2022-05-18,-0.017105806366711218,-0.04031144603042269,0.02131707415290718,0.0005314848929158789,-0.018566213216138272,-0.05641919375226845,-0.01585046404587065,-0.06962569095428661
2022-05-19,-0.0148222127487031,-0.006124737269910807,0.0023955220014366674,0.014697234801531733,-0.00888893340851915,-0.02464141809711462,0.005405159822511552,-0.019607976095221358
2022-05-20,-0.008198929239982888,0.00043652428043849945,0.011349669026429421,0.0006980112537449124,0.017477353932617623,0.0017473477292242467,0.007899960134478246,0.01633325417812692
2022-05-23,0.061871627071727,0.018710156428741298,-0.016454016218698353,0.004650369455528214,0.020415155026280996,0.040119235490093,0.022098796766452322,0.030829806853639008
2022-05-24,0.014125429270967826,-0.007633673599724555,0.019732148207912248,0.007521859850632806,0.010922878387888302,-0.019215948159129193,0.005431921845900023,0.018453651862337273
2022-05-25,0.006963937666966125,0.008834720799148599,0.00395450589718882,-0.006029994959596108,-0.009812857585883128,0.0011398803652362677,0.020127133233488026,0.0007810339276763667
2022-05-26,0.01729004140428536,0.01998138617199907,-0.0045256516974373495,-0.0018488983177334939,-0.0008906651768221252,0.023199214168711846,0.0035307456300148754,0.003590006168773252
2022-05-27,0.014138213698044355,0.02454912525413122,0.0024414027986008335,0.00052102106703944,0.009082921161496227,0.04075711471667365,0.009830123319638728,0.005909591578467266
2022-05-31,0.007312976950307526,-0.005610956306688619,-0.021162077565404447,-0.009893009276743081,-0.008614484173066206,-0.005346470533718173,-0.016292721979764724,-0.020098800103057424
2022-06-01,-0.017545295321455545,-0.008088544184981283,-0.0011428586317666634,0.006369033199590923,-0.010137609091282807,-0.0008733145870307712,0.0191668932901512,-0.00489121190118047
2022-06-02,0.016088094516306883,0.0190435126241284,0.0005162673311878141,0.012309182073779512,-0.00315141021342924,0.016811268247201028,-0.0017375411264738405,0.010464498784517495
2022-06-03,-0.013939182477814671,-0.0164115416233247,-0.002150195611055228,-0.010152017266979896,-0.004120621513383438,-0.03855575744923867,0.014538630448468703,-0.011925370876707753
2022-06-06,-0.0033037592542787264,0.0030447090786343,-0.0184433067125378,-0.0044037229040009285,-0.00011318267547921756,0.005227873239839198,-0.0025230210702903433,-0.0015880461512998156
2022-06-07,0.002620757349978353,0.009592276617497841,0.01079957014361499,0.006518420844169315,0.010997533775164658,0.017585767789304763,0.045831874871717915,0.006044215056507873
2022-06-08,-0.01591450231973479,-0.010872043809222243,-0.008860177201995056,-0.0009251975242893229,-0.005943606745773322,-0.005042982737824331,0.011802319608797074,-0.005691671456485303
2022-06-09,-0.021015559700286013,-0.02378295882888537,0.0033304452334121937,-0.0031832564859568535,-0.02013774916321731,-0.0359559292047128,-0.021608288217518368,-0.017331810788653756
2022-06-10,-0.045966077038529285,-0.028995869331203794,-0.006202057450211074,0.013412283666592417,-0.006677753371778894,-0.03862869586453388,-0.01827432142897034,-0.006310793701866935
2022-06-13,-0.029778258211973774,-0.03796796890954646,-0.031378983142878236,-0.026412288230091452,-0.01008411718048452,-0.038284936022838334,-0.0458888361187072,-0.0011397937460436713
2022-06-14,-0.01663949822907984,-0.003013209336525713,-0.012613677032095372,-0.008003209616781914,-0.01533856335513828,0.006672762248809416,0.0026081240378275083,-0.027421994269580696
2022-06-15,0.011835943770307944,0.014256265639342569,0.018656277019666767,0.013050939388113303,0.010702200156903263,0.020111286453582622,-0.012590936788178464,0.007428859776829944
2022-06-16,-0.0171562837339716,-0.0330960601325172,0.007939292927489072,0.011243181594596585,0.0005294941648352758,-0.03965135234659134,-0.03688480044756326,-0.010055313502639995
2022-06-17,-0.003526379852744066,0.0021556152436672527,0.00322269425476418,-0.008222816311715064,-0.0036451926561293924,0.011533143538716484,-0.05766482511355986,0.006094310063999631
2022-06-21,0.024772239582149247,0.02517377045141167,-0.016952426504294515,-0.0037367862070599722,0.02094859607005528,0.03276100405998683,0.062238647186366514,0.021369612850032915
2022-06-22,-0.005611779920414395,-0.0018130148405935964,0.02750069598658511,0.003985188163408093,0.015779479065467505,-0.0038275213113582174,-0.03957151045065177,0.007413623679815462
2022-06-23,-0.01093938368080749,0.009802404075436533,0.008214550075478444,-0.006129257292171064,0.02230559814433941,0.02157390454656105,-0.030161645221095768,0.011937769557132993
2022-06-24,0.029845599871009654,0.03179396136226309,-0.013842479639150085,-0.0009984622015154487,0.014638751394392635,0.02451713533809019,0.01983337681972097,0.01874592096255956
2022-06-27,-0.008012233211680764,-0.003819852006010538,-0.00852879191119782,-0.0011170700540719114,-0.0009322945945702266,0.0,0.024510725821002888,-0.0020620194842052575
2022-06-28,-0.004811848181511813,-0.02043271192457763,0.004659465589650358,-0.0016480211262837052,-0.028442713436479194,-0.029789591009118377,0.02774377461091504,-0.010014309372383123
2022-06-29,-0.004489957927420463,-0.0008143930631878682,0.015608236911818008,-0.0007663579045243951,0.0002825121768652572,0.013023876635289255,-0.03693993043926713,0.0072253374287707395
2022-06-30,-0.023330153784123064,-0.008124158829852957,0.008781955758594862,-0.006077047294322124,0.0029379160592371,-0.018027584976390232,-0.02814355070447494,0.002869539403417498
2022-07-01,0.01278749767302867,0.010576448622887202,0.01026676495991996,-0.0008310541616338707,0.011323243723627252,0.01616426775012103,0.022302672253338596,0.023366608167087133
2022-07-05,-0.00380366528935161,0.0018885553075462802,0.00785690077013057,-0.02120964335120412,-0.0076872423257072775,0.018930419214541416,-0.03129648093362314,-0.017086092697572663
2022-07-06,-0.006481851569465347,0.003377213166984472,-0.016790885333500927,-0.015842188833696924,0.0008979686163765876,0.009607345282553359,-0.018040127926219673,0.00205433453735826
2022-07-07,0.025292405689694597,0.01497720821270443,-0.008799772967113761,0.000555053276362516,0.0011221020487606204,0.02399912699557083,0.03194045967230141,-0.007885020390228648
2022-07-08,-0.0031378555705693367,-0.0008225891471367319,-0.011076229721525443,0.0004315313201161963,-0.001232612186129023,0.004714943324322096,0.0016287665225833692,0.0036559678951577634
2022-07-11,-0.013116630979279065,-0.011423597254022755,0.017244317035722156,-0.005360507452973451,0.00039258275071896165,-0.01475804766450528,-0.00511139495923707,-0.0031675901307894883
2022-07-12,0.0009747312450634205,-0.008848797488405502,0.005942038587441356,-0.0037167247224720867,-0.01401720329793732,0.006833730116009296,-0.013311443915039245,-0.004289743061369533
2022-07-13,-0.009382892865668069,-0.005251784980473184,0.01146655714405087,0.004787690503602615,-0.0023315632526855756,-0.0025363447055511967,0.004023486238683649,-0.004627488922296141
2022-07-14,-0.034938871434266994,-0.0024284870642866663,-0.008158906502469865,-0.014047055610919013,0.0013678285514322486,0.020482394831049966,-0.0200376361332385,-0.003206319868849339
2022-07-15,0.04583322890805186,0.019105124956755315,0.005627953571810229,-0.0020084561635671516,0.014515166514958322,0.01144983708912295,0.016838934644518577,0.005146627283619809
2022-07-18,-0.010269798880283565,-0.008256925598224663,-0.010418016364874272,0.0009433945063559435,-0.022442968496655058,-0.020642904799578976,0.01845290002674238,-0.013600093499183674
2022-07-19,0.024778221663215083,0.027019085613427363,-0.0053949757154470035,0.0023874693093759447,-0.014578466169853588,0.02672185728692833,0.02520343032981187,0.01427414818610151
2022-07-20,-0.00017434051079112667,0.006373445130363642,0.0026245766971872975,-0.009402031234323593,-0.005707916385099376,0.013509780342502165,0.010988710089884446,-0.01647208110155851
2022-07-21,0.006809785848156613,0.010182905581001211,0.017275634933354267,0.014110421925231709,0.0035148721989137766,0.015093994205805261,-0.01669628491796271,-0.002276462365899179
2022-07-22,-0.004856068449134887,-0.00927804615538752,0.016811662212408596,0.00249575020790771,0.004728027696603743,-0.008110783822677936,-0.007635279735529021,0.0037483906666464506
2022-07-25,0.004008409720356987,0.0012149553424465331,-0.00978502770355194,-0.0027385476219622396,0.001975457957021254,-0.007398094005158895,0.033302701521400024,0.00974185159428198
2022-07-26,-0.015622212879078501,-0.011830992288902054,0.0007666460089945648,-0.0011858106875901608,0.0070739946392943676,-0.00882615766613315,-0.0038899646398588006,0.016401340412748766
2022-07-27,0.01604645469868693,0.02596626688132253,-0.0056181426458438155,0.010184984698782484,-0.0027635768304037356,0.03423437353531811,0.0216446318178376,-0.003164082325482709
2022-07-28,-0.0037313813879529256,0.012542475554254251,0.007961121249963066,0.012185323455280006,0.0057736376893544605,0.0035718621840954423,0.011685187819747922,0.01666380138737633
2022-07-29,0.00479043976733462,0.014578718921921752,-0.002717720307280569,0.0028110896821249565,0.001836950265402315,0.0327931399225474,0.04630797739404624,0.001717318852105132
2022-08-01,-0.009968904828255076,-0.0029612423042474356,0.024083342793472795,0.0056672312077465925,-0.0034952474153371327,-0.006153533471230044,-0.02527564258540549,0.005454257134271501
2022-08-02,-0.01558520052898138,-0.006597331049786548,-0.021159557672448703,-0.005938288400823777,-0.005692756761674911,-0.00928730628797736,-0.00433980734953221,-0.013639135048869266
2022-08-03,0.010495465084025435,0.015659503414734655,0.015744836071615476,0.002438243761313297,0.00965788826575631,0.03824766645149258,-0.03242277622415701,0.004399690430120229
2022-08-04,-0.011002488404414201,-0.0006755787862202656,-0.00033522278210929013,0.016539989487255546,-0.016037653493306103,-0.001926312909669381,-0.04207849368088268,-0.003911154595987676
2022-08-05,0.030259933877887057,-0.001690283083744859,-0.02380366154166169,-0.011246066300201418,-0.003958504979033717,-0.0013888523826868227,0.014451145297448287,-0.0045545406717286685
2022-08-08,-0.012180510399119715,-0.0011608690953271994,0.016141710003537257,0.008470017618367853,-0.005318131618203048,-0.002903114669880358,0.005652951791230931,-0.006469034490524828
2022-08-09,0.00900737389974271,-0.003970983909875714,-0.003887034905705744,0.0030595386607856767,-0.00011762081564448135,0.0003033845001632063,0.01843727533028572,0.001270497602132492
2022-08-10,0.02608798028100301,0.021003880766511163,-0.0065312996789052,-0.0025119508170524663,0.0028793823184551925,0.02619455581505381,0.009493470626270373,0.00951619869381215
2022-08-11,0.014781593307307661,0.0,-0.023309268750268286,-0.0026382206776995876,-0.02068318777077871,-0.004431698681594209,0.0289277997680486,-0.006755673353675773
2022-08-12,0.01656392620262448,0.016929153414315667,0.0101406565109452,0.00919802099904432,-0.011008470260849612,0.021425849341557335,0.008691812285193334,0.007592501385734751
2022-08-15,0.0027021016705759404,0.004120731780213882,-0.0008656174296913788,-0.012867030834262327,0.00477902970467925,0.006333186749349684,-0.017872209920645754,0.01255897335560463
2022-08-16,0.009554018582787815,0.0019587868778621065,0.004157793967066947,-0.001750096754401964,0.008910766238462209,-0.0009236894482840263,-0.00931550913063861,0.008216944912068147
2022-08-17,-0.008412167229440604,-0.0070980250156345015,-0.010437493879701387,-0.006468335614034371,5.968233464215267e-05,0.008784420311173768,0.008091077988059414,-0.002306597264157717
2022-08-18,-0.0077493605226185425,0.0029063513617013648,0.0014824289007118185,-0.0026164156896926194,-0.004833571844045426,-0.002291587654207339,0.023644081982771903,0.005240506865009653
2022-08-19,-0.024745125846456495,-0.013438020728664068,-0.016102431458258404,-0.007320625681104476,0.015230595833576333,-0.01510179145281143,-0.003178492099688235,-0.0007666916154562831
2022-08-22,-0.01652208282362655,-0.020822560978771887,-0.0033620693448805916,-0.006637179344595956,-0.0035080298411631627,-0.0230293450721597,-0.0007439272654257145,-0.014884149694059379
2022-08-23,-0.009856899199013891,-0.002419224756112892,-0.005503239370254764,0.0069908740848763085,-0.008711576448506286,-0.0020289018097047196,0.04244222526955843,0.00109019454637993
2022-08-24,0.0024238308781645568,0.0032010803099520313,-0.007319005375125087,0.0029489200401788818,-0.003310896849103351,0.0017935955153511873,0.0059182914941093845,0.0014004575326544977
2022-08-25,0.02374808162997466,0.014117636804103162,0.013936710071927871,0.003062787136294043,0.009361200612169718,0.014922899912257481,0.0051735030595085885,0.004816659395876721
2022-08-26,-0.0327289492037679,-0.03384900253066325,0.007537239964591214,-0.012152705301765265,-0.017112633437360247,-0.037699239435069476,-0.012311879195239572,-0.024122414797838276
2022-08-29,-0.0024417974737546144,-0.0066122541444046945,-0.008273065982507433,0.0006182375550920494,-0.007731163966867127,-0.013690197474337085,0.02298931260045456,-0.006021288930674107
2022-08-30,0.0001748935207093183,-0.010977863164356338,0.002484910285523112,-0.008340578885610683,-0.003497097909662128,-0.015305314572483297,-0.038054227967514564,-0.00924592114151046
2022-08-31,-0.005943429635300479,-0.007609042857014692,-0.009561131903892628,-0.007725314789180926,-0.0067102180490978824,-0.010635135591156364,-0.007475727170951907,-0.007079690261997285
2022-09-01,0.006858137827365107,0.003137960697038089,-0.018307963015511963,-0.008790162100319021,0.024792172022849224,0.004706848435308331,-0.01799358552998842,0.004699477418556253
2022-09-02,-0.006986134392557242,-0.010544474059049125,0.005656924787179829,0.008804709144487166,-0.01572533650925867,-0.013610996172673029,0.01832328716477849,-0.01370970287533213
2022-09-06,0.0002637612322147209,-0.0037731261979798703,-0.02476882619221621,-0.0058394619355668365,0.002703893458152029,-0.008215381214358497,-0.00669544321669846,0.0004905903851724069
2022-09-07,0.018990604801405686,0.017964976653876308,0.015815488958399904,0.010168638866495439,0.00545418742135384,0.009253883512919003,-0.00853079197061457,0.018470123981340292
2022-09-08,0.0232960531015749,0.006536058270525169,-0.010257378191046329,-0.006002292729855863,0.008045404034822123,-0.009617719039260564,0.00817945394239028,-0.0030492981228056326
2022-09-09,0.004805898936708797,0.015535483065837186,0.002220689486601257,0.005283756568463582,0.0019348469200994867,0.018839983214705924,0.01675255197551384,0.0032195323083519245
2022-09-12,0.011832043138265691,0.010747630917717244,-0.00821685760357671,0.005068186218703863,-0.0004226229001662585,0.038507725032614015,0.011502611970872767,0.002888417900119844
2022-09-13,-0.03474880004193892,-0.043482525143137885,0.002327290695466555,-0.01301133993119441,-0.026020115373382002,-0.05867956382314887,-0.023358204733418875,-0.032479979322507346
2022-09-14,-0.002319624261024944,0.003815812362144344,0.0034361918649405965,-0.003847613448870524,0.020640634985505724,0.009555356108853497,0.02454633178820753,0.0052918806350568115
2022-09-15,0.015070409994432987,-0.011353256256345423,-0.0006475869857087702,-0.018679143196684067,0.0025509782417352245,-0.018929830941975867,-0.029077492289807494,-0.013587438636924132
2022-09-16,-0.0067023365824971926,-0.007628852418214316,-0.008335829824083874,0.005549107201315628,0.015265275141689294,-0.010960124894826007,-0.017083172113159573,0.00016798118324468092
2022-09-19,0.009224605572599964,0.00775477439654626,0.0023348986252633708,0.0007700871329356929,-0.00787584986010359,0.025083008710963917,-0.00010745269253831236,0.007557668981655219
2022-09-20,-0.019719032281586668,-0.011478410263985217,-0.009970017592982439,-0.005706587274526553,-0.007878422756377845,0.01566535262614077,-0.008154301216793725,-0.0015000963794699063
2022-09-21,-0.028835402855629466,-0.017443961457466628,0.01675266418785548,0.004642973675810236,-0.010244130747642743,-0.020267681158616324,-0.01611857262556493,-0.008347108372708467
2022-09-22,-0.011378879588924251,-0.008399614593224802,-0.025548370601408243,-0.0005776772692025478,0.017760543023930486,-0.006375142686892876,-0.004178203902507449,-0.002356955151645801
2022-09-23,-0.018613415264459143,-0.016754923980131675,0.004084766095986625,-0.01727683040546535,0.0032498151583180146,-0.015123929272476744,-0.053218390014964756,-0.011137487594756412
2022-09-26,-0.021531812264267258,-0.009892734383536661,-0.01911082229016725,-0.011633219026207842,-0.006118303803959613,0.002260385311174007,-0.02064138429151774,-0.012457167353714715
2022-09-27,-0.0088023950587508,-0.0025526142249541195,-0.026330960506936285,0.002049841746687875,-0.00458640909299024,0.006565962932294278,0.020957168504533774,-0.025747452658251624
2022-09-28,0.02021714966310051,0.01967624199660034,0.033481904521059924,0.02078665233491006,0.008609179728551464,-0.0126513267034436,0.0363891469646096,0.010641911640068447
2022-09-29,-0.016945786963557752,-0.020888827162977575,-0.005175964087033691,-0.00019392836526865853,-0.01100027556927552,-0.04911930335551551,-0.0020256224857808647,-0.007195376462521219
2022-09-30,-0.01563684629813311,-0.015463721636925776,-0.012910556340715473,6.462244018679009e-05,-0.007111327080000063,-0.030038857682958886,-0.015448839283347726,-0.009722390850279927
2022-10-03,0.030908977416494343,0.026401220600442032,0.015889666629173682,0.024309785681440932,-0.0009791331043100815,0.030752515837333183,0.052800240235936435,0.011245969824001278
2022-10-04,0.046783702845978326,0.030986680925640275,-0.0027931205173374885,0.014328122056449066,0.014828137198391822,0.025622828533397035,0.036444767597364036,0.0022946990796610667
2022-10-05,-0.012346857853630877,-0.0023281142122190124,-0.009561386449717602,-0.005538266375543777,-0.003079316669219012,0.0020534236991542887,0.04041173308119239,-0.009510316049282874
2022-10-06,-0.020382313280556952,-0.010315816610501072,-0.0055586968011235305,-0.00112629171222689,-0.019380668372093512,-0.006625737560020051,0.029660835562837162,-0.02151499212137198
2022-10-07,-0.0199739519432226,-0.02789383372018328,-0.009707564276225877,-0.010962851258976669,-0.010561499517343531,-0.036718713844622,-0.010092248666666914,-0.009449394041009085
2022-10-10,-0.009341464818157896,-0.007635308116684225,-0.01554588574342708,-0.015201476317757034,0.001310626983646701,0.00235576932145265,-0.021676734188345592,-0.00220149171484052
2022-10-11,-0.028859841639668482,-0.006333252290787628,0.004425556063047287,-0.002058091550185215,0.014463031866581266,-0.010255259049729792,-0.008498347036048348,0.0016549379876107384
2022-10-12,0.016182682874653187,-0.0032982133363256283,0.0049069242083841225,0.00534932850905423,-0.0002456524995559928,-0.004605007765603242,0.004387750558069392,0.012114283444044638
2022-10-13,0.05559319231783322,0.02639092162439316,-0.009566770572077221,-0.006923532232980256,0.015120542023747463,0.03361337267636677,0.03494857067403778,0.013239156419689646
2022-10-14,0.016640651286677688,-0.022788721074187723,-0.008250099050124193,-0.012458897998479546,-0.0041780388607157715,-0.03224012845265145,-0.026307857856945005,-0.01592986330219659
2022-10-17,0.042000260603579864,0.025697035724983275,-0.00486958546934857,0.0028762090057179446,0.012951720712502945,0.029122558129477838,0.014416620252356127,0.012913762249389782
2022-10-18,0.025720610414976308,0.011749574219533487,0.0023448793775475707,0.0021509701146735782,-0.003481878435583896,0.00940949087025067,0.001789134768002132,0.013467302743129572
2022-10-19,-0.019605995643485974,-0.0070865426789512576,-0.018206167958759734,-0.013398358104674823,-0.00795097701876124,0.0007651188832118461,0.029662438405791747,-0.008504389551077018
2022-10-20,-0.0032616839765530203,-0.008385341844025174,-0.017093227056011462,-0.0015822103586343728,0.0025498929255680647,-0.0032669887303636846,0.0013490757419898358,-0.01572562092481622
2022-10-21,0.05252753072502747,0.02430169511959379,-0.018022683210962342,0.017827646105301076,0.02180384431918747,0.027059075400470922,0.01857017849029896,0.015976867080083945
2022-10-24,0.0012270418707418518,0.012236354799122662,-0.00826442045173792,-0.003243594030472474,0.013455060666043961,0.014802584188180479,0.0069902942738298,0.028770472662496882
2022-10-25,0.002614803481612027,0.015968577038605325,0.029112682070902896,0.002277944142005106,-0.0015790913658364492,0.019337704097588837,-0.006754344493213771,0.023970850337623695
2022-10-26,0.011491657051412973,-0.007534104172198908,0.014407504803075177,0.006363608620383543,0.008786826098368117,-0.019627119121368497,0.011900299184716134,0.007463820883332417
2022-10-27,0.003947918701511677,-0.005339817355300203,0.01047036326137385,-0.001548523944967184,0.0005807189456616957,-0.030465373681573094,0.003826795115349446,0.0023574959993377664
2022-10-28,0.011878021501223746,0.023790494197889034,-0.006873891379179375,-0.010210687443231947,0.014856947558412603,0.07555249217779547,0.029288706290795608,0.020661757111805734
2022-10-31,-0.001586317414277505,-0.007223350902280101,-0.007127929828100177,-0.008161399648159207,-0.005146677086868667,-0.01541036640215565,0.0009936720056467063,-0.014976909971855745
2022-11-01,0.018033037845857303,-0.004375656053692389,0.009345483965322865,0.010203429757038585,-0.00505841183292699,-0.017542753511758935,0.009926934003681387,-0.0035087439533841858
2022-11-02,-0.00920793718685431,-0.025096305692056453,-0.004340231802945516,-0.006972548399621914,-0.01536796132629803,-0.037305035518435004,-0.02055230229430194,-0.013916937307913768
2022-11-03,0.0018114187491486966,-0.010296766304938365,-0.005396844202082196,-0.003806036048150885,0.0017018639057830853,-0.04240484839962855,0.013593659629729693,-0.0005101132986198298
2022-11-04,0.027358534684639668,0.014392938889704388,-0.016800782593751173,0.030696289684813083,0.004451545057595263,-0.0019474148739071495,0.010891039127826962,0.008166123323988916
2022-11-07,0.005279914120826401,0.009565696326924833,-0.009976546810413045,-0.003962389674382338,0.008747471168292886,0.003902541535641957,0.011842308558821957,0.003881098611180578
2022-11-08,0.0006090774354059469,0.005395490245072132,0.010935105631658448,0.023099074133724695,0.004971716277131888,0.004174894047053401,0.0031678424975902786,0.001849107314043863
2022-11-09,-0.01300860187984143,-0.02060212997845845,0.003287488600245192,-0.0050172660211307285,-0.00799590585822374,-0.033189991476910596,-0.04473673418444435,-0.013926206966413446
2022-11-10,0.041159114919998574,0.05495397235024457,0.038473516153653575,0.030444387121793204,0.011713527418170777,0.08897429967565373,0.014692381680698974,0.03590267770999356
2022-11-11,0.00162865113504429,0.009678398627586349,-0.00366422250488585,0.006606324071935177,-0.029919031951886166,0.01926867755597539,0.03122167271099463,0.007227415272080595
2022-11-14,-0.010273387831874703,-0.008506547359863892,-0.0024517689016539945,0.002187655661719301,0.01571613071816591,-0.009485326328189325,0.002919199754166213,-0.009621718966039028
2022-11-15,-0.007243707376072384,0.008528975316314913,0.016180324650787004,0.0035168677995043307,0.0027922960769917182,0.011869393347350377,0.006703849276513685,-0.0016466897403883962
2022-11-16,0.001353926163394803,-0.007628750962806574,0.02186830761352998,-0.0022961020109516506,0.006206780795282141,-0.008331127812736927,-0.01068961354952136,-0.0018141988041719959
2022-11-17,-0.0043568843748665875,-0.0030596670340882204,-0.010552092244985545,-0.007267423593311895,0.00807098853207866,0.012971136062182032,0.001328602428535497,0.003139503456629056
2022-11-18,0.00980818737300071,0.004540272502557174,-0.006877661452669548,-0.006893636502166456,0.007663549019834903,0.0037819407874484234,-0.00866801804786932,0.007082726057883848
2022-11-21,-0.005902426331718558,-0.003635992692553991,0.0042155717462140085,-0.005589952950737276,0.005140652571706816,-0.021680150646122276,-0.00990373074714379,0.015374707893999862
2022-11-22,0.014956705673723425,0.01345686971362503,0.014191368136543092,0.00117372396636517,0.004830347618673514,0.014661094488305437,0.02892678467704224,0.004349054614069869
2022-11-23,0.010663465077059175,0.006301790998201717,0.017441809925927476,0.006231840940288613,0.00107448490726747,0.005926364494923453,-0.004991993095043945,0.0044908792468869585
2022-11-25,0.0019053252595695458,-0.0002238850266730319,-0.003389721901832621,0.000858470616118101,0.0012993414111222013,-0.019593551094240103,-0.0035208833862535593,0.0009578636592650902
2022-11-28,-0.017478329390342218,-0.015956854627428907,0.0028180448485082277,-0.007903495498554403,0.0005078859642480005,-0.026264318910506623,-0.030032684437859447,0.00015951382740886366
2022-11-29,0.016449477455414252,-0.001717680954165579,-0.011725726867433783,0.004940425418036076,-0.0069926110844027445,-0.021148359697499397,0.006647868965900416,-0.0035086765555808475
2022-11-30,0.011862684675343349,0.03150062700609069,0.007354245690921024,0.012781920270785507,0.010846790239654958,0.048594228077185386,0.007237026138927183,0.025306167985481798
2022-12-01,-0.014039428648053187,-0.00073573725552456,0.03194593094427822,0.01838479961277617,0.004157118394648274,0.0018913155052229236,-0.00484992078360047,0.002829747075974609
2022-12-02,-0.007927092931036994,-0.0011539628178731665,0.012575659991445942,-0.0034556830535615868,0.0007834252372616035,-0.003371407011547256,-0.008483656794186833,0.00877885995660388
2022-12-05,-0.028041257906047612,-0.01798927123847227,-0.014006909032009851,-0.017158885635801036,-0.0005589759288864293,-0.007983129404363964,-0.02739871188910703,-0.013675053638425583
2022-12-06,0.0016746458516587737,-0.01441463951646238,0.012879947705763728,0.0027373742314797944,-0.014990653944080945,-0.025369950443271727,-0.027795871994092503,-0.0004727313594066196
2022-12-07,-0.0006837183234991162,-0.0017012710644948026,0.02356263577118023,0.009039101712364994,0.006076211348000626,-0.013784868275464102,-0.0022141291478507963,0.0015761830242253527
2022-12-08,0.010494232758988309,0.007833947901335181,-0.0027407816867258683,0.0008416965556858891,0.00016913958986375377,0.012132679401420043,0.007428870924266917,0.004249429761695511
2022-12-09,-0.005418212836820202,-0.007470181660408248,-0.026014628386692773,0.003544160110315664,-0.008239129230075748,-0.003434794385538953,-0.008427566342671056,-0.010499954185441696
2022-12-12,0.015511439305884167,0.014417151780753645,0.003197640590659967,-0.008260534556326027,0.011949384190474532,0.016390144649423233,0.02462823012710147,0.01314531535945429
2022-12-13,-0.000968651365277684,0.00756988588471974,0.009656149118623336,0.017081132038632596,0.007703400821090334,0.006782106022735768,0.010934086481695582,0.00031269098835573494
2022-12-14,-0.004997206617300076,-0.006393371581042917,0.004271114705373558,-0.0024330212847030186,0.00306908448630705,-0.015535579439233449,-0.007365830100244941,0.0
2022-12-15,-0.024810701875461083,-0.02446171770119565,0.003901778419765911,-0.01635930934057528,-0.012627748948259576,-0.04685440545770947,-0.00958103939336108,-0.013752119244008432
2022-12-16,-0.006226051308953928,-0.011806116040452341,-0.011170387495079481,0.008708721678036602,-0.010254348015916737,-0.014578853029277639,-0.007018273022869725,-0.0057043986811095015
2022-12-19,0.005955748679056461,-0.008479764597451256,-0.016805399550048117,-0.0028178306902848504,-0.0010815190797053287,-0.015909313773558975,0.004488964271283313,0.0014343319494778406
2022-12-20,0.004843930603253721,0.0013684530995747846,-0.017757070194710733,0.016594482836064905,0.0010826900296296849,-0.0005290598396806567,0.014452755966485542,-0.0007956499264202277
2022-12-21,0.011248147610294357,0.014952484528232501,0.00251341239144387,-0.0016560135809358112,0.011442108181926036,0.023809504260816627,0.012841031132903469,0.016085222951291556
2022-12-22,-0.011349915129215016,-0.014266306930161399,-0.00019293935100928028,-0.012085358459954287,-0.0036580725678801995,-0.02377271041091311,-0.020173927806156677,-0.007209929114885716
2022-12-23,0.00474504228970507,0.005752545078480997,-0.014660123696381366,0.002998321039039853,0.0025417731825219114,-0.0027981971086000756,0.026444965736596826,0.00757829118611042
2022-12-27,0.003503960796356509,-0.0039435952439139665,-0.019773058965465107,0.008430011409881644,-0.0002818830971752506,-0.013878315339699299,0.013894006201354392,0.006110809963893127
2022-12-28,0.005465224906536337,-0.01242791387363218,-0.005891553061850741,-0.004505807286929064,-0.004339556482391149,-0.0306850897221147,-0.0164261716183558,-0.009967327065639964
2022-12-29,0.005737551232179339,0.01800027114967473,0.011350879040307404,0.005598251568726287,0.005094481200341727,0.028324350558391442,0.007565953029442296,0.005977580048413866
2022-12-30,0.0066058734607101766,-0.0026341697774735495,-0.011124598873265668,0.0046786689817972515,-0.005125010232696292,0.0024687024217755482,0.010073235558745175,-0.00531668178457112
2023-01-03,0.007606149010489727,-0.004209679458638704,0.019084017257896324,0.008370656531798915,0.008717817074525458,-0.0374045904547996,-0.03436079016200633,-0.010375672768276889
2023-01-04,0.009324944414368597,0.007720033526811276,0.013700096384370308,0.0094119059589024,0.010887130239883858,0.010314344223395056,0.0029105579317891817,-0.0004766364467599926
2023-01-05,-0.00022138795832760128,-0.011413284932591083,0.004180899265508797,-0.012451461859522062,-0.007383466215082679,-0.010604848269230804,0.022373911206730046,-0.011443048705794379
2023-01-06,0.01913529591838592,0.022932197868833493,0.01839688892443947,0.01870749684189077,0.008109817782670614,0.03679412286019401,0.012087012739085523,0.019292694390351306
2023-01-09,-0.004132083497836669,-0.0005669680654867282,0.005323695742120105,0.0022451175785793698,-0.025908654337079784,0.0040889468959470765,-0.018637659687853025,-0.012460669824313708
2023-01-10,0.00895372182523424,0.007012865890130948,-0.016549726810074272,0.0036760446135073455,-0.002391996989716705,0.004456275224937523,0.014935128314861323,-0.007666448181959495
2023-01-11,0.0074314398920496405,0.012647836672524226,0.016251616605334362,-0.000686793935011365,-0.001598584730973296,0.021112376858217763,0.011626822239163115,-0.0019313680995025617
2023-01-12,-0.001002645211196418,0.003640662121669136,0.019682180857913067,0.011568000967502767,-0.00503190546029153,-0.0005992514413711847,0.016611216916620153,-0.012901135437462963
2023-01-13,0.02523476836685834,0.003879513184290584,-0.009372874397845399,0.012001783992939385,-0.0032761821132967217,0.01011928939087925,-0.0006183017312446637,0.0035940724035663507
2023-01-17,-0.015453360252860926,-0.0018318270336247222,-0.006463879515266391,-0.00654507834469964,-0.006169757051380675,0.008756089477930162,-0.0019442414405115294,0.004069700333085624
2023-01-18,-0.030042622497094218,-0.01578814385562799,0.02423171806480995,-0.0028717524486322477,-0.015084616174372845,-0.005369804305386472,-0.020543802334962558,-0.03031768808457047
2023-01-19,-0.013326375726972706,-0.00727972800174137,-0.006259638496865616,0.015868520044824974,-0.0013548330443062806,0.0004434630007363882,0.006419051041000268,-0.0015048373510899715
2023-01-20,0.0024489238783671485,0.018629115969831522,-0.016211313762472868,-0.003335405556458948,-0.004659618915791697,0.01922106020289993,0.0182357888319975,0.006028137827379432
2023-01-23,0.01621251954610181,0.011998494655591996,-0.004708365077349619,0.0018964337632443318,-0.0025485551643399385,0.02350062585421142,-0.005205141915444522,0.0024967442190610978
2023-01-24,0.008596346230523855,-0.001073240968647804,0.014380623219033772,0.003618515163479552,0.0,0.010062845220934813,0.009311828058356397,0.005312878652182551
2023-01-25,0.0048392345727743535,0.0003749054661632556,0.0024246390225719505,0.004603959599926766,0.0071295645058993,-0.0047007291704546095,-0.005271931562961463,0.006275928442076362
2023-01-26,0.0061813103521908275,0.010990235702529327,-0.004651885013629453,-0.009055266877155188,-0.0036574020988607847,0.014803350156457507,0.04019065909464192,-0.0019696139519157496
2023-01-27,0.002429566097763125,0.0022976374974943425,-0.0025238779534519917,-0.0013929904624704337,-0.00390800403780045,0.013684324786024549,-0.018257393896191965,-0.005262205480232596
2023-01-30,-0.008480926667396749,-0.01254683003353041,-0.003654752692298202,-0.002566715270248765,-0.03703233369347403,-0.020078238531392123,-0.01773195029281982,0.0024796813217133895
2023-01-31,0.0059655645250837885,0.014703324630704007,0.007994923386319241,0.0036362115419990015,0.00876512637147786,0.009020921310285201,0.021574482061979205,0.011213779085412545
2023-02-01,-0.0026435833039556433,0.010627966902445829,0.012021128087988942,0.012596814339808304,0.009178989730920462,0.007900735343541188,-0.010947415869825616,0.000163033102895227
2023-02-02,-0.004656573829055044,0.014557056977148264,0.0012940745840901435,-0.02075193653580043,0.0037593977256888955,0.037062736566430665,-0.03128816695011738,-0.01712051418177485
2023-02-03,0.015474608551427682,-0.010629275566059637,-0.01495563173095793,-0.024957770292002968,-0.005617925331131812,0.024399885381336084,0.006927597615797643,-0.007465170783020558
2023-02-06,0.005882339148927107,-0.006111372681116167,-0.007404028629326542,0.0020754098721176284,-0.0075939445171792075,-0.01792889188508373,-0.0016976754392918902,0.005682868420870069
2023-02-07,0.012190161531615562,0.013078611613261293,-0.008025452323607851,0.000920425708082595,0.000244998152684861,0.01924487099688621,0.02855109609321027,-0.0016619828988098106
2023-02-08,-0.007030863095125017,-0.010934803514228375,0.004759160586058853,0.002471594120761589,0.001285097758557452,-0.017652921699068957,-0.008701833306466011,-0.005826588680195033
2023-02-09,-0.015563599070834044,-0.008669125076817275,-0.009473236518257488,-0.007912418174625069,-0.013507509319825028,-0.006911595116276037,0.0037746827233973157,-0.0016743646588412986
2023-02-10,0.004415371438822868,0.0023336659339106003,-0.01118971777393174,0.0019071943211166342,0.00464646215014608,0.0024563881056178793,0.04215126216736542,0.0
2023-02-13,0.010847883238455314,0.011739013618119465,0.008414504861652627,-0.005076170279846859,0.003700519930242452,0.01880664913725605,-0.0038898760928361975,0.01643721650474328
2023-02-14,0.004418744843038169,-0.00046022825404123946,-0.002301798293565027,0.0007537389032514774,-0.004362627396477525,-0.00422495126179534,-0.011714765648357717,-0.01666673298983512
2023-02-15,0.004190122717832256,0.00324744509078978,-0.009325497727616483,-0.00996466725346834,-0.016477353326490918,0.013903230602277716,-0.0030063740215143797,0.0
2023-02-16,-0.013769041057979492,-0.013768723711866326,-0.0141678053323544,-0.0008192368783922488,-0.007090234733050926,-0.010429422150402434,-0.0029290265704920992,-0.006208842950891524
2023-02-17,0.0029613693560377463,-0.002498216508866502,0.007776626866116798,0.002986790669610162,0.020877011799581124,-0.007546461161807239,-0.038451555405140225,0.01519744070777751
2023-02-21,-0.018349397317158678,-0.020061020183743894,-0.01943771670912864,-0.003737004613899475,-0.014901373323103817,-0.02667982573878347,-0.0009886297638870278,-0.0053226001221080566
2023-02-22,-0.0076630571912902345,-0.0013782368452914806,0.009164288869396575,-0.005626488586046308,-0.001392280907462573,0.0028959622030599874,-0.01295306118497841,0.003009895072499491
2023-02-23,0.008011239371319867,0.005319389183182643,0.009772111132287487,-0.0005304511136865475,-0.00031662209637228766,0.003290482012329843,0.009204148906569287,0.0018339938278606471
2023-02-24,0.00902098283876862,-0.010682298233522736,-0.013000969911182603,-0.00719467575637045,-0.01115847938788428,-0.01800521323898041,9.05721184911723e-05,-0.004160313370376922
2023-02-27,0.008727780180546096,0.0034057811319017084,0.0027732225189103232,0.003920334893926292,-0.0021799951713461496,0.008247752794689811,-0.0018058245118650618,-0.0003343427718295322
2023-02-28,0.008370926583442628,-0.003695863725286519,0.004542834028937737,0.00455596886271592,-0.015228178999626252,-0.0034479410344158135,-0.005789338773202202,-0.005182242745432997
2023-03-01,-0.005580868008611906,-0.003835945936890184,-0.010742709532469363,0.005772150633673867,-0.004502561254629334,-0.014245832956693016,0.008916391098888088,-0.010922380828205847
2023-03-02,-0.010382207155410272,0.00777727451118948,-0.008867350051412703,-0.0005855636445488699,-0.0007864141078511855,0.004129059885016773,0.004599119624061121,0.014610860082366228
2023-03-03,0.018359826140585955,0.016037915078260356,0.02422582637556281,0.010723085619275707,0.010298464944337393,0.035089884072960764,0.01265705142523732,-0.0046884335725311255
2023-03-06,-0.005847225362899833,0.0006928203861964466,-0.007753275125829906,-0.005043830646819902,0.009998571632623854,0.018539686174285697,0.008864546391910588,0.015477784062644773
2023-03-07,-0.029407850872270935,-0.015329026364893195,0.00613257871746864,-0.017480480627863337,-0.00944953986917696,-0.014496751858552148,-0.01933051011778486,-0.00579859449846698
2023-03-08,-0.005915441934523091,0.0016323031421494605,0.0009830911415140697,-0.00047445044105887124,-0.007333310608906074,0.008377038264619108,-0.014604345280924913,0.0004998466972294668
2023-03-09,-0.05413620375768524,-0.01844979332839214,0.002455056685840784,0.009849316056938173,-0.011244692212795337,-0.01491436176515093,-0.007728777363841699,-0.009660331133439004
2023-03-10,0.025394914798783974,-0.014429612996783359,0.034486447415726484,0.021562856843419187,0.0024464508100172644,-0.01387895006358042,-0.01237043869890564,-0.004204536034941531
2023-03-13,-0.017957311356802785,-0.0014251425514716365,0.0022725956614608744,0.022948211912439564,0.009563906791782761,0.013266088546805888,-0.011504964791697825,0.010133650317003973
2023-03-14,0.02567612314371548,0.016529887305069657,-0.016441126099642878,-0.005791064746217711,0.005618618097107619,0.014089166861368518,0.0037544457231906136,0.003678271235155073
2023-03-15,-0.04724394453049685,-0.006254147562587686,0.019309982528016523,0.007804133170404848,0.002793612805090717,0.002621681659672026,-0.04974737824181752,0.006663295058818353
2023-03-16,0.019413560566400312,0.0175452793237163,-0.007822614944671957,0.002020092008242713,-0.0020729560503310873,0.018693998568777737,-0.005806256042689695,0.005502805940958311
2023-03-17,-0.03778206644727711,-0.011692921440014659,0.015008829748410335,0.029120214677489598,-0.010712384227798744,-0.005454104044036012,-0.011778597629376164,-0.0046435711688621595
2023-03-20,0.010571644768702537,0.009615607246501012,-0.008797285717298653,0.00038086773577017397,0.009909498081675627,0.015483811506484146,0.026141828280056068,0.009663440250204047
2023-03-21,0.02682078246205899,0.013130664844075879,-0.008592385776586609,-0.018875115806276654,0.0,0.011944146396684507,0.04480244222659202,-0.004620375934775822
2023-03-22,-0.02581392277121275,-0.017046423671918554,0.013333507481826823,0.01702060989813825,-0.018454697175146806,-0.009103469180120616,-0.022888691416142692,-0.004476026111254194
2023-03-23,-0.002673438093280578,0.0027032479518467323,0.0,0.01253817608562513,0.000529588699441419,0.006969452467900261,-0.011282026338311657,-0.002164979173830406
2023-03-24,-0.015215847281177086,0.006561991798419875,0.0042292429470405235,-0.011252350246951037,0.010057414470116433,0.008305575451669434,0.0011603677604838936,0.016355219587165237
2023-03-27,0.028660620906074907,0.0018698398938543637,-0.023490821179736887,-0.009256722051406263,0.004258371469999522,-0.012293088390093021,0.02192611605150918,0.0073891099217999745
2023-03-28,0.0030352687062746853,-0.0022446079810725106,0.0018207865188291095,0.008189093257242153,-0.009654413864647715,-0.003980520577655633,0.012476109769503196,0.0011410926814445777
2023-03-29,0.0020173249822823536,0.014534728119425688,-0.00200884345720298,-0.00496077000653139,0.009814185809768894,0.01979098432554438,0.01717706916976991,0.007163723741853811
2023-03-30,-0.0030199273836698515,0.005855337290496587,0.004601279391968971,0.009039576549164652,0.0007827275850780246,0.009889646551894504,0.004864218648037433,-0.000161669284912902
2023-03-31,0.012116428350872566,0.014094717871337092,0.014980955614166014,-0.005212246135594234,0.010232685620888748,0.015644411175225637,0.0015526421683877967,0.0029102461408963
2023-04-03,-0.0011510232498954664,0.00381040503153951,0.004703120979946407,0.007204410308019105,0.01193574206229897,0.00770138790164987,0.05900055716305164,0.005964760903278243
2023-04-04,-0.013368170687532044,-0.005548032738104891,0.004971595088775205,0.018640958960437493,0.010455701202466194,-0.0032494085393922623,-0.009558314995629758,-0.003044663656878499
2023-04-05,0.0014910592793471178,-0.002618215099756016,0.010454945939226246,-0.0007979247786650268,0.04492388154313631,-0.011290219377743771,0.01712750505570937,0.00948387766442993
2023-04-06,-0.0010970970430272953,0.0039006970489308124,0.0025863909137535668,-0.00713409106547247,-0.0027777949471774477,0.0054957900711511964,-0.016582692986758074,0.0006369307519153988
2023-04-10,0.003294905960668615,0.0010265143903935847,-0.016124667218849753,-0.007399886547073353,-0.005025318635806353,-0.01597240381746312,-0.004432824179799066,-0.0023870869074550383
2023-04-11,0.004926224058498629,0.0002684938426886774,0.0020605198136947056,0.006320556237304986,-0.00030442883187153935,-0.007591376314316833,0.007071706748435602,-0.0017544824290227634
2023-04-12,-0.00015566400531019653,-0.004075836018585743,-0.0010279785401337005,0.004885138866613126,-0.002130731371653427,-0.004352804361707707,-0.0010401833507532876,0.0017575660477713306
2023-04-13,0.003813212426961199,0.013282620818763524,-0.00785895550200244,0.013515672558895409,0.013360197185396938,0.03410348028924526,0.004686215858730414,0.007337724104707899
2023-04-14,0.07550969631876603,-0.0024427152664936447,-0.009146048893732162,-0.017710313033588942,-0.001625453654618858,-0.0021139217394128273,0.0024186320348305035,-0.0015834684747695338
2023-04-17,0.0079290597288586,0.003588328182097422,-0.01189604758054208,-0.0044537552497121435,-0.0010251262688226737,0.00012098175285668589,-0.011632942081671316,0.006502670435230451
2023-04-18,0.011227791948177135,0.0006521923641031879,0.003563855395197324,0.003880780603893852,-0.028128182433846405,0.007504649966640242,0.019529260477634258,0.0015759318292380975
2023-04-19,-0.0012727823514323555,-0.0001689482743481019,-0.0009600254468202785,-0.004778520212877391,0.009440369981543295,0.00696839237589808,-0.003164035983861835,0.0018878783873397254
2023-04-20,-0.002903261945303992,-0.005457237386333191,0.00854943224052862,0.00393825919904689,0.006460421606213629,-0.005846498654121235,-0.007977999436309613,0.00439703474594344
2023-04-21,-0.0019175222982481532,0.0007769577714766829,-0.005619631722623808,-0.009887669268098143,-0.00544080390578261,-0.00978085947164209,0.0031995317672264267,0.0014071851845725014
2023-04-24,0.001351921031089498,0.0010432385147154388,0.00967475649112881,0.003039335460481629,0.006085216758255463,0.0018785970725696544,0.01887769143499285,-0.0015612181788802193
2023-04-25,-0.02174380786260255,-0.01587383288685862,0.014704085740287587,0.005086318131183543,0.00916437383886981,-0.009435726074548123,-0.01421330874170823,-0.001563790698508205
2023-04-26,-0.017723381846207253,-0.004235531107539381,-0.010658189078871283,-0.0054373863086724095,-0.015498271118102425,-6.0928161062290265e-05,-0.009182882945566462,-0.004698391130474877
2023-04-27,0.013458420979335362,0.01990791529641478,-0.009922535078482064,5.410039265307809e-05,0.0023366489519287548,0.028395104597035425,0.011953293605200921,0.002045413058812784
2023-04-28,0.008683026338754729,0.008535243352076005,0.016130770648390858,0.0002706525128974846,0.004294459895536562,0.007541060164533153,0.012924811483129073,0.007380696865163738
2023-05-01,0.021412102511305875,-0.0010095741755711263,-0.02883445966406828,-0.004491351825477108,-0.0006106512461765412,-0.0005302586186429759,-0.031012351067914334,0.002338340485098289
2023-05-02,-0.016147569164764564,-0.011239429390232036,0.024919763184675814,0.01929664090994354,0.00874061282143912,-0.0061915208077728545,-0.039853647296156036,-0.004510040522522463
2023-05-03,-0.02116316794332762,-0.006864054572542244,0.005582056969246185,0.008479075840785777,-0.013088525032904808,-0.006467461272086972,-0.01970920772658269,-0.005624212040651777
2023-05-04,-0.013678260386795316,-0.007082850981939504,-0.009878727325817183,0.007032953449114698,-0.004543516602309228,-0.009913361603644533,-0.017511544347358465,0.0010997931876937095
2023-05-05,0.019534363408284294,0.01851252786634272,-0.0033256533067126393,-0.015647950479605433,0.003392191769479247,0.04692708432630588,0.02489639405502375,0.004707976571603156
2023-05-08,0.0024135762780477243,0.0002665287508161196,-0.014014516479046613,0.0012269055761324754,-0.0022742056372077046,-0.000403487668854452,0.003956601530868298,-0.0015620155181107487
2023-05-09,-0.004815110842856463,-0.004385344254685175,-0.003577967565508877,0.007086162362163417,-0.007763178395436832,-0.009971061292815886,0.00027483985023457613,-0.008291541949353776
2023-05-10,0.0005132511064798173,0.004672523711374943,0.009704208944028236,-0.0014284428439209629,0.0037259674370930806,0.010420839478011867,-0.012827480112518663,0.0017353066551792917
2023-05-11,-0.003150618200822186,-0.001744028036294254,0.010571602238861333,-0.008582755587748347,-0.004083256323732187,0.0010947466977715425,-0.018099017656288074,0.005669383425295216
2023-05-12,-0.014332998805216546,-0.0013104219588023769,-0.008369024961850768,-0.0017100802429795836,-0.0013041941014403369,-0.005417542325218183,-9.472961570233807e-05,0.0039146906057814235
2023-05-15,0.008426601545055368,0.0034501455398587844,-0.010357506600032762,0.0021412620336231925,-0.007650228281526061,-0.0028972879415922748,0.001907237409036533,-0.002651724642649844
2023-05-16,-0.006729271170586526,-0.006682569261043714,-0.0030045413018936484,-0.0124993937971285,-0.0013161750275088036,0.0,-0.02426968204188029,-0.011260477737692343
2023-05-17,0.030747187827243172,0.012138858327776614,-0.002915431945348712,-0.0034618889303413836,-0.0021964458355361316,0.0036032236672023377,0.022434634957772426,-0.0011073399892388425
2023-05-18,0.0075840256917329985,0.009633195523003346,-0.00740914710125351,-0.012972911279784172,-0.003207984730355773,0.013665866674742455,0.009063196646746041,-0.005542305873692865
2023-05-19,-0.0022938823529411456,-0.001455154220409871,-0.007071465116751496,0.0098988291245512,0.002713548896717377,0.000628454399932199,0.004632831738262455,0.0004777482054358906
2023-05-22,-0.008262482574734387,0.0004062627194447721,-0.003560870450663889,-0.002341497915543389,-0.005389495800138477,-0.005480549583148586,-0.01214006543045465,-0.021009145718864808
2023-05-23,-0.01043263889417334,-0.011222995715209683,0.002878839995455129,0.001200731149241463,-0.0003825376804392766,-0.015155255074438156,0.013622931506186653,-0.001788276621185858
2023-05-24,-0.009151489380415323,-0.007244615275939226,-0.004948945743540212,-0.008068450017086337,-0.0009566570724807155,0.0016321379202990371,0.011184067376764695,-0.00846910183716476
2023-05-25,0.0024383000643661834,0.008659636195508247,-0.002486823036669805,-0.009618027091793824,-0.014362108723409484,0.006692413691760324,-0.017938389957480316,-0.007720081528982181
2023-05-26,0.009361068048092003,0.012950895495699388,0.008077515023571236,0.003995567330169925,-0.0003888478228674108,0.014104855901442725,-0.006530312700851915,-0.0024831077711724436
2023-05-30,0.00379715235445377,0.00038098796621532927,0.009991056968025047,0.006190554546333882,0.000129594424483237,0.010659522804268295,-0.00885974234603959,-0.007965473796450628
2023-05-31,-0.012730996378272685,-0.005545338537757072,0.008716835387481359,0.0015382006614657051,0.004469834899107905,-0.0002820517765727004,-0.017877797020769748,-0.0020073931231018305
2023-06-01,0.013779665750743186,0.009501116256561026,0.003923455280306021,0.007898130346476462,-0.0033534894292204243,0.016022564223073354,0.011548404174666516,0.005699101006806151
2023-06-02,0.02100587097945139,0.014461063367353866,-0.01095834264629103,-0.014747450675273832,0.015724152617859533,0.004775153906546592,0.023219652687243464,0.019333180693997587
2023-06-05,-0.009824273703351705,-0.0019162098424383434,-0.0018629727452696976,0.006020416015011243,0.008600606662249932,-0.00757072490003019,-0.004444031534944104,-0.006703551727068491
2023-06-06,0.0017972821063882982,0.0021773131532851764,0.0058940478044477995,0.0010980396887692034,-0.0008845180102721173,-0.0020607005865030947,0.008167966502437896,-0.0072428696608975995
2023-06-07,0.009688523931742354,-0.003457651200929779,-0.014843768649306477,-0.012010543410059138,0.002149340014787393,-0.007756038724505365,0.02242129378541935,-0.0014922097046469185
2023-06-08,0.0002843974850303965,0.006048627846183763,0.011697198319380098,0.013211240429905624,0.01097654728582298,0.015465046455961584,-0.003132844934666923,0.0024906631505676735
2023-06-09,0.0019896332886955026,0.0017943356990339776,-0.0013716408706173633,-0.0026845203333208945,-0.0015598273121824047,0.002159769101360398,-0.007394451234352228,0.0016565949587770135
2023-06-12,-7.099620950068442e-05,0.009071797596873266,0.0029433404413599096,-0.0008788640365902101,-0.0006876085773080964,0.01563883819959133,-0.0090324304384658,-0.0042996069073657495
2023-06-13,0.0072344454301849215,0.006593033199851606,-0.009880538574913889,-0.007367558613950331,0.005253315312244933,-0.002611729234487825,0.00018790621047060085,0.003986043721731836
2023-06-14,-0.0037323401997237937,0.001190716301082917,0.008003059910369537,0.0005539277015322863,0.005101212418683554,0.0034912554862647216,-0.012025560585872008,0.006782493812139467
2023-06-15,0.01130821571896612,0.012397725311585006,0.009605760737574576,0.007030581691497062,0.013431789689174689,0.011198892122217918,0.0069417571385914645,0.013741615302240273
2023-06-16,0.0011882444090289823,-0.0034062534638480413,-0.0038833897460669453,-0.0015392159510750902,0.0030537416829534703,-0.005860096344845078,-0.0071772112729791004,0.00718601333424429
2023-06-20,-0.005095482297440612,-0.005188221050783204,0.006919942229617337,-0.010350739592973501,-0.0006088889470328152,0.00048688990974810054,-0.022924106806201383,-0.006648269407440788
2023-06-21,-0.0014734082964540374,-0.005123692693211224,0.0024200349324738912,-0.0014464228474878604,-0.0015230483209885959,-0.005675331971920161,0.01119572283910708,0.0027750653720759466
2023-06-22,-0.01925256837368816,0.003609855630537284,-0.012070041798684317,-0.009916979914319946,0.010617435518015528,0.016525160175199227,-0.005487814285076276,0.006837034632849459
2023-06-23,-0.005229941651111902,-0.007560142644091328,0.009969531635096063,0.0027572461643308177,-0.0008452298215584353,-0.0017111820005598632,-0.008712397322548138,-0.010509113966484795
2023-06-26,0.002448821833968662,-0.0040855955446138514,0.001064783516248502,0.0017396047357047806,-0.01117975739046806,-0.007553097081445581,0.01845700240681536,0.00032673822317730306
2023-06-27,7.168870406504269e-05,0.01096316014607357,-0.002610566320183527,-0.004593535884055422,-0.0020777525055071244,0.015059143202748926,0.0024929143281275934,-0.0021234790944268944
2023-06-28,-0.0043822474236066,0.0005043830853805886,0.0042650676891717865,-0.002307409851291853,-0.0020207779464705977,0.0063277985596219555,0.008130266250186535,-0.009330614774412327
2023-06-29,0.0349231078214689,0.003941423498616148,-0.018048634836485444,-0.001071764681377263,0.0069953669810707275,0.0017965507272541537,0.012333702860305218,-0.008261752068123185
2023-06-30,0.01401413496620263,0.011800769297567015,0.011794704762193575,0.006663323502016594,0.008653295547712547,0.02310263694597081,0.005154849823253871,0.0033323142005736717
2023-07-03,0.008044402928569339,0.0011504421616792548,-0.005669120885866574,0.0011218766110339118,-0.01311023494881336,-0.007784930622511399,0.0019580214790213546,0.005978174980439288
2023-07-05,-0.006661646457657433,-0.0014871680629818806,-0.00950203812298589,-0.00353003237800964,-0.003305754114579007,-0.005871283577827402,-0.005118156245666028,0.007428053052235484
2023-07-06,-0.009886612340691103,-0.007830716303522278,-0.014142957419540192,-0.002980200124891419,-0.007432080263316099,0.0025087245745185616,-0.03732135172543294,-0.00770106886160371
2023-07-07,0.007890292563634826,-0.00252473617508453,-0.006019448275491279,0.007500997402107412,-0.014541970594910247,-0.0058912604580519945,0.0023321302964203205,-0.013210194962130828
2023-07-10,0.005611661251836431,0.0025311266019802936,0.0013120581793713004,0.0007836956455820054,0.0016325757108293093,-0.010855805867683865,0.01483133868265174,-0.007529979246276963
2023-07-11,0.01563929849321788,0.006368614939907591,0.005140714613093733,0.0037476125602418087,-0.005516755022455411,-0.002810042089924969,0.012226660803936085,0.00354067476417419
2023-07-12,0.004951642868728623,0.008045897930127222,0.011131110388120424,0.013541420874312982,-0.003467217143253709,0.008985406642650462,0.004906864835464431,0.005376421619992744
2023-07-13,0.004860131223763053,0.007936863607577394,0.010513023221639495,0.0007146999149643118,0.004618004009975474,0.004057621056383853,-0.01831154744919239,0.0085224730762532
2023-07-14,0.00604550701619333,-0.0006228156708004695,-0.0058892247456208136,-0.0031866482531701656,0.006674559559088689,0.0007873588625133543,-0.03443654454086975,0.009113687204838739
2023-07-17,0.024103645840362065,0.0034722866080416637,0.000494067266887166,0.000716556732958562,-0.005004060922589981,0.017305427236178783,0.004358868351948653,-0.00147780463872893
2023-07-18,0.0018257330376594272,0.007430505967050305,0.004539011399734338,0.011456278139591047,-6.292685689979205e-05,-0.0013402128212977038,-0.004537282083176497,-0.003946690420720822
2023-07-19,0.0038393571553667627,0.0022237855714153376,0.01129659434374597,0.00016335645500209495,-0.002011796648646036,0.007071696457994214,0.006936393770549998,0.017665513102898434
2023-07-20,0.012317488214726113,-0.006634424603174649,-0.012141768415565468,-0.005063389149303488,0.06072831930728473,-0.01009746694126823,0.01761459495959472,0.01216735127198687
2023-07-21,-0.007684770242395111,0.0,0.00029504119143930474,-0.0030645332195953223,0.010749517594687674,-0.006161522944398312,0.004641587040910222,0.0008013656943754999
2023-07-24,0.019683811829663833,0.004467200772050761,-0.003637173232675539,-0.004281473326684049,0.0052292763928238895,0.004220129010144236,0.015689698156822196,0.00032044976679634907
2023-07-25,-0.007468310514097465,0.0027300664177838385,-0.001874435827054488,0.005567859975790901,0.007657420764640044,0.00451337363380655,0.0015162311465206635,-0.0033621103149501508
2023-07-26,0.005994201828423806,0.00015364151962793393,0.0009884518270721898,0.0048791150253857385,0.0019140097475276452,0.004545037909411631,-0.0055828871798696555,0.012851354976762375
2023-07-27,-0.011029448990425683,-0.006629979638845596,-0.0194528797022685,-0.01571197400361901,0.005616309524486773,-0.006580792746713304,0.003140293572385877,-0.009674993751481176
2023-07-28,0.005704519611813064,0.009790405611119102,0.005135880359712797,0.007981390400291666,0.00454817608847069,0.013507825799232265,-0.011952225977682529,0.0006406326033414622
2023-07-31,0.006691641509514401,0.0019040724619332483,0.002404418288580068,0.0026944104889445875,-0.0398327339796547,0.0031658088847921206,0.02956988050153364,-0.008802858699969662
2023-08-01,-0.004938032612850196,-0.0028617174691807357,-0.016386878780644487,-0.010364679607279492,0.008118031729487551,-0.004275650021119959,-0.005781495596380304,-0.0025835658995675415
2023-08-02,-0.01132473646823362,-0.01391080392054278,-0.010699025486268665,-0.004765602229612864,0.006039618254786605,-0.015490027378801119,-0.012474262775705403,0.0030759440252254855
2023-08-03,0.006113483070051995,-0.0028658001450104775,-0.023071642619868715,-0.0003341470787491252,0.004296180410562345,-0.007321695515357551,0.01738062912943117,-0.005164495392095403
2023-08-04,-0.0021106886583063256,-0.004522745349619384,0.017712204019868283,0.003620414278603157,-0.009376359140176205,-0.04802002054987731,0.0028006471619976825,-0.015087815715266406
2023-08-07,0.004742953424843099,0.008728491776003544,-0.009841231396202077,-0.0022753962847783527,0.024017913207137864,-0.017253523910850888,-0.002048119100253376,0.007906589966587552
2023-08-08,-0.005613643687099601,-0.004348586054148562,0.011613530174397368,-0.006341080194621318,0.00046213130764005683,0.005311328327796794,0.004944267241562494,-0.004412538694577917
2023-08-09,-0.013407826486582342,-0.006685241094615879,0.0051708576366020775,-0.00475820704444585,-0.0006352211824769416,-0.008954119806434568,0.016986810478902603,0.0022981590514841166
2023-08-10,-0.001495378095683897,0.00035901784315828245,-0.01646242204004067,-0.0010686044760203073,-0.005200095310059827,-0.0012346729579790772,0.005111275336212362,-0.002292889626435035
2023-08-11,0.005795692011527853,-0.0005831590983617074,-0.0023013772459463677,0.0,0.00975766234007458,0.00033758785608761777,0.015528506175796375,0.004103855449078653
2023-08-14,0.0020719610990966864,0.005519965181954856,-0.0022023705946825345,-0.003040588549344525,-0.0023583613235257372,0.009393125752537257,0.000804935469409962,-0.004740947759045877
2023-08-15,-0.025457397039787555,-0.011648902799156646,-0.00609480062122103,-0.002654474343068869,-0.0028826829011358024,-0.011200387251690813,-0.025673465976685517,-0.006734539295215725
2023-08-16,-0.004242947027246147,-0.007338229968779197,-0.007824001217757615,-0.005776029417432049,-0.003180224401225673,-0.0049589566206890145,-0.016827035930660816,0.00016537579375208722
2023-08-17,-0.01038699782466479,-0.007619586020097824,-0.004262780809227373,-0.0015378724223797935,0.009397110599832503,-0.014554935976869077,0.019371898714799274,0.0021495987337616373
2023-08-18,0.002287546290488107,0.00048122835497954597,0.0035316812912045137,0.00017112823031739666,-0.008735055567269945,0.0028158747882809365,0.015129278012551373,0.0056094447388743696
2023-08-21,0.003423433339938553,0.006506157783379374,-0.01333002237927905,0.002737670236275802,-0.02979879834210797,0.0077367224357955955,-0.012086588227137263,-0.00853161264070823
2023-08-22,-0.020738331444517977,-0.002708486789015918,0.007673754325251414,0.0016495566176504273,-0.007947421519274744,0.007904831995078965,-0.00561138908601333,-0.006122817240614586
2023-08-23,0.006763122675023547,0.01113773815315322,0.024777541775356626,0.01016464068195777,-0.008974867521838292,0.021948972046754722,-0.008788093287418919,0.0034965997995144438
2023-08-24,-0.0009499842001113867,-0.013859071070219664,-0.006594092368906845,-0.00022482031744353037,0.0034036213243258118,-0.0261704435459309,-0.007466178248447641,-0.0026545858823210366
2023-08-25,-0.0012224589692418908,0.007049797683835957,0.0032661577983490453,-0.0012932863561120334,0.014338161818256756,0.012643034412360032,0.01786556080151569,0.00465804603159059
2023-08-28,0.003468020872637201,0.006341375471605293,0.0010502276821184875,0.0028713533365909427,-0.011789732237077244,0.008846332093362275,0.008406600552743004,0.002815043713939591
2023-08-29,0.008132348023977887,0.014454758364166098,0.010385893815439307,0.009768091768254772,0.00012198308259714352,0.021810079872934596,0.005954415412953384,-0.0009907801030989427
2023-08-30,-0.004033428002910178,0.004118799602859768,-0.0010380732172365903,0.0025018747942815445,-0.0035300335633956514,0.0191724671910658,0.009744130861510936,-0.0004958813609353685
2023-08-31,-0.012351274837400616,-0.001463360569796901,0.004469330009098549,-0.0016637258183913595,-0.012520579304778567,0.0011721657448124922,0.002795788534664112,-0.010583637360651932
2023-09-01,0.0033486310067503133,0.001864958150983309,-0.01557867392688983,0.0004999240959600026,-0.007422202586224502,0.008463433823896027,0.020955057752108264,-0.008691389981675401
2023-09-05,-0.01103429578720394,-0.004321774457110128,-0.014021997037870437,-0.008161685723844458,0.001246524352560563,0.0012666658184712354,8.820822564925557e-05,-0.008261761794462696
2023-09-06,-0.0016525463256860107,-0.006722372421519407,0.002459430652832717,-0.004534245193468567,-0.016616955582329784,-0.03579320599616109,0.008632001509060183,-0.0006800594938713989
2023-09-07,-0.008554369275919682,-0.0030703730264346474,0.0027732734152006167,0.0010684498647577367,0.01278378871346808,-0.029249430640628238,-0.004890306525736632,-0.007655592206091688
2023-09-08,0.0007653159882878846,0.0015060550891452529,0.003829733388823975,0.0003370270596214642,0.003311989424447992,0.0034916317188760093,0.014567780637866345,0.0
2023-09-11,0.00438054261203602,0.006576718439476714,-0.007206089477591937,0.001853109993606994,0.013079202593142769,0.00662257685855705,-0.012542037798399908,0.00942908314531743
2023-09-12,0.01301367815021992,-0.005485570735918599,0.005763946003543907,-0.005156651253074851,0.00565586216522207,-0.017060516577000473,0.029169456113549153,-0.009850601649785018
2023-09-13,0.00047827965459168453,0.0011659670580213,-0.00021225604920616092,-0.0023100098564432514,0.002506553965913927,-0.01185488138720514,-0.008936941365513595,0.0024013668186269044
2023-09-14,0.01939791623642262,0.008622406978120223,-0.00721823778764541,0.0005082241752882855,-0.0015244520331505473,0.008782385133877746,0.017863212316263866,0.008278875459582835
2023-09-15,-0.00294827425590638,-0.012048317343959836,-0.006094252117471388,0.006603816566220333,-0.013985599456624476,-0.004153902236111895,-0.015356091458535448,-0.008895063384079749
2023-09-18,0.0020832358933033923,0.0005864319287232078,0.0057011230176786665,0.005887647601878543,0.00631766531306166,0.01691350235446132,0.008054880540203424,0.006213389295980809
2023-09-19,-0.001273860843327812,-0.0020737576060905205,-0.007380110439637599,-0.0009476457412548323,-0.0016618602413090988,0.0061808223726165235,-0.0026349907428661057,-0.002058340494530797
2023-09-20,-0.004230532153532862,-0.00919340554363679,0.00312481504934925,0.0007253927124595272,0.004377532709163745,-0.01999221324659295,-0.007926498471047205,0.004468794220666483
2023-09-21,-0.007821826991496583,-0.016528360624534222,-0.025673796230048396,-0.007248413758109917,-0.007673094779031331,-0.008889320136681311,-0.014089393039848797,-0.015400360782703681
2023-09-22,-0.009582929964275344,-0.002248501529476976,0.008048348084373824,0.0032013033173832195,-0.007175492878512824,0.004944446053424922,0.0015685510686274107,0.0010426201146940262
2023-09-25,0.004940838895701072,0.0042051361330319725,-0.02460881910495849,-0.005150588926742139,-0.001495477766306763,0.007380266589532614,0.011223289583171425,-0.010416490230736541
2023-09-26,-0.010379129728659398,-0.01469117974189249,-0.003476318358245578,-0.007990985893820302,-0.007737244457614367,-0.023398374450337767,0.0015486409428795422,-0.008245555098158164
2023-09-27,0.005865147494120038,0.00039898074982724907,-0.005176137521479385,-0.012366647894697436,-0.012011220440775738,-0.008897476837743001,0.03255726382590507,-0.010260072331897407
2023-09-28,0.012415838398095902,0.005797620287729677,0.003054235428119778,-0.004997187509914736,-0.0014638621079572367,0.001525509859466423,-0.00607306581184508,-0.002502407980278676
2023-09-29,-0.017413166642738065,-0.0024270904217698064,0.00011233384961029103,-0.01027534966921384,-0.007203033748331644,0.0030466440249703464,-0.01581991660777904,0.003046155432443909
2023-10-02,-0.00861939418203539,-0.00039763515995672183,-0.016739740075682574,-0.010498705650611395,-0.0038523975540083466,0.01483542408302485,-0.016584614546180654,-0.008931707309868364
2023-10-03,-0.007373070114514824,-0.013386022790566443,-0.021511571978716892,-0.0028882419805683623,0.0012247627155457241,-0.007769762880297515,0.001729729557662596,-0.010814671793957897
2023-10-04,0.004484935940010759,0.007281911588457257,0.014107691721914728,-0.00011825651470720455,0.001158758912363389,0.007308612302962203,-0.0373824027081312,0.0029154822018038207
2023-10-05,0.004216121391184657,-0.0003768612261682014,-0.004985056154887535,-0.0018327868021307259,0.010416653376457363,0.007198015587440265,-0.022511134437562585,-0.04832853864469966
2023-10-06,0.015395415695019787,0.011872927132474231,-0.012116992839132923,0.005153083621109555,0.0031819161850930033,0.01475031690358275,-0.016698815049818294,0.014509190179778475
2023-10-09,-0.0022740699819863153,0.006402271281079619,0.023470006426761225,0.01838544744893622,0.0057091568040386065,0.00845137027671572,0.034991178733793316,-0.004892632345424919
2023-10-10,0.006078418245470285,0.0052046930006599545,-0.0013831429343797996,-0.0016780958953311886,-0.0011352660355414823,-0.0033522863435423433,-0.004237383686891083,0.021747345784377092
2023-10-11,0.003433051006186183,0.004096402310989289,0.020886514665812594,0.007303045938392039,-0.013766270975911876,0.0079040068241365,-0.03585319168660628,-0.0059226976553437005
2023-10-12,-0.002326372593597137,-0.006096457270250988,-0.02712823153499544,-0.0030496507265770356,0.000960474240508491,0.005061207933376721,-0.0001879055444703459,-0.016756601904264756
2023-10-13,0.01501946844833002,-0.004980947856252582,0.017892668675590473,0.03214825984540237,0.0033261740610674995,-0.010292561432838965,0.031933839160338096,0.0015148022189335197
2023-10-16,-0.0010135727570534936,0.0105213498338943,-0.01609407768141069,-0.004864928190345896,0.004335403468723298,-0.0007270181904012185,0.0007281950911091073,0.010210055435550869
2023-10-17,-0.0021640300644120147,-4.582392392504797e-05,-0.011021017851069015,0.001854273768354009,-0.009140988884408063,-0.008784602042094636,0.013096832503170841,0.011978026679855036
2023-10-18,-0.0109810396293758,-0.013324875668857206,-0.008797658085227145,0.014470816805260078,-0.021526199664148704,-0.007394988563110827,0.014004835251192116,-0.00036981835702787347
2023-10-19,-0.004249317230455185,-0.008786596633926336,-0.02047347710547831,0.012274016037125302,-0.0026842957870067963,-0.0021610957941101683,0.0006197588421172906,0.005550474865037458
2023-10-20,-0.016105593212883074,-0.012288052505455282,0.005678568607764722,0.0027308974274993236,0.004464229013515508,-0.014704082205972524,-0.017165228490005457,0.004047728450482069
2023-10-23,-0.013641024468499241,-0.0017331547268149006,0.012013322609260024,-0.0033770637265357895,-0.010522838118637412,0.0006940277770204339,-0.014674038491589991,-0.00897916061726578
2023-10-24,0.0012054992338970116,0.0075393921339756975,0.01317666548751495,-0.0001093308866343401,-0.001056833873819274,0.0025433013239100077,-0.00968476958545772,0.02884607372906567
2023-10-25,-0.005454147213835747,-0.014352266568151584,-0.022261254805762798,0.004208823642007475,0.0022483119073279934,-0.013491673120524239,0.001845345392162523,0.00862690385011744
2023-10-26,0.0025637447129824853,-0.01197454003188092,0.015338526567952648,0.0015784524505009223,-0.016956023518589824,-0.02460545203404818,-0.00911697969483305,-0.0060583626789418865
2023-10-27,-0.03601858841480621,-0.004532814857214684,-0.004248509169070269,0.011629799758343662,-0.022818836484924998,0.00796933075176165,-0.01905206830902406,-0.009680916258981154
2023-10-30,0.012749615224413535,0.011955951039254176,-0.004504066272493112,-0.005640547017974562,0.00982149194507742,0.012305256031884593,0.0031264684546321586,0.016473592799385983
2023-10-31,0.011934214814689259,0.006280091010924194,-0.004881895386498636,-0.005456562573315615,0.008909838631897982,0.002818788000102268,-0.00028324518232325513,0.006055272565674841
2023-11-01,-0.0008630105442737346,0.010664845087113184,0.021682449855426444,-0.003150642851826202,0.0023593292041170777,0.018738555554821623,-0.0019839102766440186,-0.0008851947878595334
2023-11-02,0.017849481699832692,0.019164265161966787,0.022796888426357187,0.0033240729584829154,0.01042451592240523,0.020693404559061213,0.03284746009939177,0.011516628990339228
2023-11-03,0.011172528554305616,0.00912352756858259,0.006778562289089685,0.003638921283475316,0.007321402216418305,-0.005181242998834712,-0.012189761630668428,-0.0061305904173564185
2023-11-06,0.007552186405770378,0.002300489870728173,-0.009699879320315685,-0.007792560392528958,0.002378662119191244,0.014605116470489898,-0.01772112147745375,0.004053474239437138
2023-11-07,-0.0004857049454196627,0.0028460456172940685,0.014749844487313979,-0.0041451308444235835,-0.00527326325060129,0.014450829427554268,-0.015679751826945587,0.0036861168263491173
2023-11-08,0.004930081802122954,0.0007322671390859181,0.01703402762108608,-0.009967643912220492,-0.0036448544468912214,0.005884905468601653,-0.012282810158617097,-0.0015739212313513606
2023-11-09,-0.0029712201411942196,-0.007798757139632073,-0.02300162765084368,0.003982968433291489,-0.019487937261685184,-0.002624421781070141,0.0002915255939883732,-0.007531901329522084
2023-11-10,0.014831407956569231,0.015604861740171172,0.005600109607456494,-0.010909752197912237,-0.0011529289150175037,0.023220027195099524,0.007672842900581012,0.0010589591600296266
2023-11-13,-0.004438982335785213,-0.0009531810096826687,-0.002272712937044785,0.005570720464603163,0.002580493022394048,-0.0085836110425358,0.010505907794224667,0.0037022905631569625
2023-11-14,0.0182466577503011,0.019400699264744636,0.022667436337985514,0.008919177105678466,0.00020328720449858118,0.014285667762153453,0.0038503714764672736,0.002986299981221574
2023-11-15,0.008757858855296785,0.002117086057831896,-0.01403423976739171,-0.002635601473798599,0.007720320221453969,0.0030409390233969713,-0.0060408660426687355,0.001926319980232405
2023-11-16,0.011419660137549803,0.001223092010858906,0.012426333103628728,0.011286077178189302,0.008736624783184599,0.009042136775974763,-0.011576342645027937,-0.0010487786865972515
2023-11-17,0.009046083294435903,0.0012438227768831744,0.004686559590402206,-0.00010890234740634774,-0.0020654060298090915,-0.00010550137188403141,0.024399895372616998,0.0019247072575814261
2023-11-20,0.0030752550757060515,0.0076976256679579524,0.006108422725271012,-0.0016333808174913145,0.008815544076340442,0.009278185464786093,-0.004382687641416472,0.002445085743692399
2023-11-21,-0.0020873378025056954,-0.002179493691767731,-0.00044168541347588963,0.010797900632885549,0.008071568696967457,-0.00423070837524353,-0.0003829084942300609,0.01097558033304491
2023-11-22,0.0023533916542337607,0.0038608339289862847,0.0035340074071106287,-0.004262252597287075,-0.0019851271770944257,0.0035143429892234845,-0.004307724001568869,0.00672058962863975
2023-11-24,0.0013692104821056983,0.0006153992582187406,-0.011774686172495885,0.005201596914642392,0.011139172219068127,-0.007004232594340354,0.0053839811557072625,0.002567640903053947
2023-11-27,-0.0022792133278548565,-0.0018008301913844393,0.016703395048933034,0.006737817869841178,-0.008000098100000907,-0.0009475630084722075,-0.005833404943546117,-0.0018779731751998874
2023-11-28,0.002284420008384469,0.000990003561623709,0.0019715668284092658,0.013331852960407176,0.002313749056359393,0.0032140372011655316,-0.000577067127491282,0.0020526362200663506
2023-11-29,0.005080386319703756,-0.0007032939217671563,0.012570853920888636,0.0014794398574640155,0.0031653251979748553,-0.005409619455243431,-0.015014562663333897,-0.005974868376612097
2023-11-30,0.011404832823203925,0.003937357233826377,-0.01155114948732383,-0.004167950375202456,0.016764301063997733,0.0030626700821283492,0.00390868761408969,0.011597658559524993
2023-12-01,0.004869368014686737,0.005915932440088811,0.01883388366329042,0.017271494075952187,0.02405276787615862,0.006791408300227175,0.00243322665929524,0.0034224038390211486
2023-12-04,0.00733225959002981,-0.005249414392136997,-0.003978611826397582,-0.02161342646325959,0.003156987988407023,-0.009464669317555074,-0.005437304028304002,-0.0011936788942925602
2023-12-05,-0.00012658402859810902,-0.0001971255064646682,0.021485739492439038,-0.0037794459254785195,-0.0020770073418497903,0.021063364096969517,-0.01942801463367083,0.0015366842128998748
2023-12-06,-0.010508214202784805,-0.004029909807669374,0.01331747403521244,0.0036868953454944897,-0.012172838665709729,-0.005687127336506781,-0.01324158531256947,-0.0010229542086934718
2023-12-07,0.00307056502723424,0.007630496581647828,-0.005736787166572221,0.0016503277504122948,-0.007789650324572239,0.010139283964222257,-0.006961982225729968,0.0023892673478040916
2023-12-08,0.01103394185818507,0.0042992476402736735,-0.008182944777847534,-0.013340391114851191,-0.006306062761052722,0.007412319327943173,0.011481300331340094,-0.002213207468126366
2023-12-11,0.0036590718402127465,0.0038894620442897487,-0.002115598963538412,-0.011042895165362165,0.004144180338343739,-0.012927270129561186,0.000703305209729832,0.007336691181317523
2023-12-12,0.008925168119820137,0.004567212463758574,0.00296782917920857,-0.0005446421195114404,6.453186101951225e-05,0.007920091652845684,-0.015760073033754263,0.006436107444995898
2023-12-13,0.0033638999466565345,0.01379020038990153,0.0234624181031009,0.022562533466176315,0.004643243817902931,0.016691486318018978,0.008872967428896317,0.00858310503515436
2023-12-14,0.01819198312236292,0.0032093651713736016,0.026013088945872065,0.0058625529824696265,0.006932359741014249,0.0007577778439507021,0.026890447012912322,-0.014850589730644903
2023-12-15,0.007561457562804463,-0.001646595592390887,0.0011104932661514244,-0.009166511771857122,-0.010900721183029982,-0.0027258099555701465,-0.006694116442160003,-0.007452755393808852
2023-12-18,0.006052066258384059,0.0056251551127679544,-0.00796763417630808,0.00454548718457537,0.001804458560410449,-0.008503302930362278,0.007433207036620759,0.007167382112423626
2023-12-19,0.013355207041480632,0.0060808128834979325,0.005388145286789658,0.006813940578695332,0.006562253287590414,0.005360182641509725,0.013182310524367802,-0.003219352807795728
2023-12-20,-0.011279232591463795,-0.013857197336850313,0.006775165870076094,-0.005445982936103211,-0.020388771534289418,-0.010713983482471767,-0.01670051516469595,-0.020737664197691186
2023-12-21,0.0057038067768542255,0.009481945899667776,-0.006327594005901882,0.007070635455129759,0.010243509577436916,-0.0007700309834106633,0.004542298977424197,0.006596079158360357
2023-12-22,-0.0005968887980423165,0.0020095967957121097,-0.0045485400153084665,0.0044344170889421,0.004004222353258591,-0.005547354163178975,0.001769313408939599,0.005690509685359002
2023-12-26,0.005913685248930767,0.004222535037011754,0.0028432381727598877,0.007620733251079592,0.004373708661198794,-0.00284095981431165,0.0022569274274923945,0.004115250357758615
2023-12-27,0.0059980695713419685,0.001808101093975223,0.017719642033334537,0.004537842226414401,0.001345165268639592,0.0005179007903841626,-0.004699365358836416,0.0025614377724980653
2023-12-28,0.005312988654499806,0.0003776462701394756,-0.007263188550156396,-0.005815437657636924,0.0014712521443738247,0.002226323976077582,-0.014460007821553766,0.0006813887812697761
2023-12-29,-0.0011745300098497946,-0.002894854599408525,-0.009019755863891477,-0.001566841018672216,0.001021648214420301,-0.005424066378927672,-0.0020960239254350643,0.00306395220094946
2024-01-02,0.011640302837549132,-0.005596449629076128,-0.005764466445993377,-0.002353909884146743,0.02060739842714554,-0.03578662502652008,0.023804722771564535,0.015102662583482918
2024-01-03,-0.00435841042889229,-0.008166614663216887,0.004170395653806169,-0.008336809604204354,0.006251116435593174,-0.007487490369854077,0.008401853257089087,0.0023401962314839597
2024-01-04,0.0066361196888991,-0.003221075305737564,-0.015194397339927668,0.0010046128932528209,-0.0021121007188540375,-0.012700318546501999,-0.008719346442937925,-0.0033354396291788158
2024-01-05,0.005017175179702793,0.0013696013623756276,-0.009566198686602578,0.0001584554095515056,0.003112664674820076,-0.0040129050887929285,0.0030297739680220648,-0.0015061527775328543
2024-01-08,-0.0014511133946401022,0.014275985591319929,0.009866100840219216,-0.007816271130823171,0.00248260845530468,0.02417478095613168,-0.01666184459154596,0.007374001414397258
2024-01-09,-0.007906014806693396,-0.0015171280196250025,-0.006375951768400667,0.0003193567900841021,0.000618962764642017,-0.002263498766335803,-0.01238594909809454,-0.0018299376572581405
2024-01-10,0.0021093350774650244,0.005655531631118871,-0.004657375390972218,-0.00228804710551489,0.001484794707594883,0.0056715011899532985,-0.009832420522861374,0.0033333522450005315
2024-01-11,-0.004209978359590361,-0.0004407389796123873,0.0056153015976025955,0.0019733072916665595,-0.00444798276097591,-0.003222474390565666,-0.00020276736292146325,-0.006478458980819335
2024-01-12,-0.007339875251677008,0.0006927160733294357,-0.001964983326855907,0.009794068475553752,0.00769476479526765,0.0017781281835438367,0.012972349911008596,0.009697327521122068
2024-01-16,-0.0062705040879516005,-0.0036711752397221575,-0.01761286661277628,-0.009488181898979708,-0.0115153777269561,-0.012317152355517114,-0.02261110170691294,-0.006623583390601762
2024-01-17,-0.005357391064945816,-0.005558562666849731,-0.0015818099904212346,-0.011015950635288596,-0.0005608270482143629,-0.005173500898637551,-0.007267853437972427,0.0
2024-01-18,0.0019749092210648023,0.008892743175694662,-0.009295466882569103,0.008232882099906247,0.0048620356112334395,0.03257072324684107,-0.0018560582942829251,0.0028337364013264477
2024-01-19,0.017261860222838266,0.012466214778504625,0.003198633811836382,0.00298872590696031,0.002915459311525481,0.015532950273943191,0.0015495057407244328,-0.005485250736156133
2024-01-22,-0.0011741564344622812,0.0021142563857137198,0.00595170357967878,-0.003777957126316789,0.004886030334214864,0.012163390330672597,-0.0013408729577167877,-0.004345704922419813
2024-01-23,-0.006584139925451926,0.002916478516551635,-0.007923882253209058,0.0038991332271092194,-0.01637208272952051,0.006653161477371938,0.011257924443846212,0.004700310618447112
2024-01-24,0.008935529232100503,0.0010931331410748424,-0.005857217052069763,-0.008246890539639784,-0.005318988962012439,-0.003483909540267005,0.017260775030558007,-0.015705987908318342
2024-01-25,0.014310913436752726,0.005438906700346635,0.0065342137112240906,0.003969986681303217,0.003774542472039011,-0.0016965932148012008,0.025401573677264366,0.004244047490167269
2024-01-26,-0.003816301981899417,-0.001270398623401059,-0.0019154014184553647,-0.0006946931881824936,-0.00037575731033023807,-0.009012852410508643,0.008518581287838112,0.00354949011782435
2024-01-29,0.0026119455578024198,0.007919437313017141,0.011516272756133095,0.0070584854445865375,-0.0008779879564364546,-0.003586009534462864,0.0012621129889711646,0.006063703391458564
2024-01-30,0.02049442192392581,-0.0007734280679261296,0.009065946032389638,0.0013805262268791196,-0.0037021745411731644,-0.019245645143492474,0.016678084672004934,0.0028460714065987602
2024-01-31,-0.010835673937554802,-0.016317387588725474,0.009820346479395337,-0.0007423479101067443,0.0008187943524369246,-0.019357745929615477,-0.01945642469102915,-0.006844626780370899
2024-02-01,-0.003613304730886391,0.013088114379607774,0.019616025209180377,0.01040067256889099,-0.003398339387970628,0.01334072550697396,-0.0040852988665384116,0.025046144219809552
2024-02-02,0.00575613713352241,0.010527425197725648,-0.022088808395618775,-0.009453300862027891,-0.011050800243757153,-0.005405157209217415,-0.004101895073095219,-0.007215454720872816
2024-02-05,-0.0013161918844128984,-0.003641195932157837,-0.02019372745457637,-0.005513988032274875,-0.005172098842088357,0.00984652353045723,-0.00411887121174348,-0.008259083464144612
2024-02-06,0.0034382575243734337,0.0029033178002926263,0.009773790618745837,0.005224693124019186,0.014505661253032098,0.00863187828905243,0.006893313514461763,-0.0016655318116439721
2024-02-07,0.0018845666208535672,0.008340368497273154,-0.004839416177245592,-0.0002651978305409086,-0.0005060410991304387,0.0005811475222075035,-0.00029339939724604136,0.0008342236417282489
2024-02-08,-0.0035910831137508925,0.0004416873871995186,-0.005814707746002568,-0.0009018470501077624,-0.010001240822971935,-0.00575465458629687,0.017119717514321175,-0.002667058089511176
2024-02-09,0.001201495153080323,0.005779462124994028,-0.0020203184773750493,-0.003876152075833028,0.002301564044082216,0.004093954539986733,-0.02115983086869533,-0.004512897513409331
2024-02-12,0.004456920751457538,-0.0004390181849750485,0.0011717508470028282,-0.002611969494785815,0.006953401567338036,-0.009002033285823496,0.01375649730707873,0.002350618879471744
2024-02-13,-0.008703770822900858,-0.013773114977459255,-0.017134722439242522,-0.013788690196348541,-0.008742380969156582,-0.011274404282606731,-0.008608915060884681,-0.005862697371146419
2024-02-14,0.010157333606491514,0.009087795281126798,0.005089332091785748,-0.0005961123453055439,-0.0046655434472770985,-0.004809704864509157,-0.0049338824736342435,-0.001010992382659559
2024-02-15,0.0218142661655647,0.006899667161367695,0.005171258532130185,0.0067238125229134305,0.013997672250807058,-0.0015747447630488631,0.028659318591245375,0.0018554540235053985
2024-02-16,-0.004669889178978148,-0.004979973893040612,-0.005787781292189598,0.0036625695484679976,-0.0011483273269911054,-0.00843032654313125,0.0,-0.00016847195180214047
2024-02-20,0.0039098777139214835,-0.005505318738834419,0.0008625858995969793,0.0060642100730936566,0.008367936284466193,-0.00411379791473887,-0.009447682704817884,0.022057661230481918
2024-02-21,0.006509903003277362,0.0009058194007618425,-0.00710908460868287,5.331256612173263e-05,0.005194268380708467,0.0041858819518814094,0.02043791034410858,0.008896227881811214
2024-02-22,0.011995522491815791,0.02069555162297987,0.004881645689297054,0.00042672195902415666,0.011154711642963111,0.011243831712689278,-0.0008582228535911618,-0.0014695523460800386
2024-02-23,0.005025450953188626,0.0006895340122825555,0.013386791756015981,0.005651511902278861,0.00866314255952938,-0.010033957550512507,-0.008782074485696012,0.0008175151737295216
2024-02-26,-0.003424097496928402,-0.0036623934615982456,-0.002982764706740859,-0.0022266895335479875,-0.0064879267786521755,-0.007451336427522937,0.003948447450214054,-0.008006632353134369
2024-02-27,0.0004907873444572886,0.00185762380353105,-0.0070520236750639675,-0.0010626830578386315,0.0011817022952624878,0.008114442375183106,-0.0021103984096890738,-0.006094364010366116
2024-02-28,0.005069565835586376,-0.0013215788271536688,0.0063485782633816434,0.001808491158992842,0.0035407203061539327,-0.006625496973454603,0.0027877613565747694,0.0009942689516546643
2024-02-29,0.009111583736099105,0.003594843629673772,0.007057575356661072,0.005150266749303967,-0.0010521900790800842,-0.003692997652714025,0.0019171134617030905,-0.006291257283842722
2024-03-01,-0.004138553692036195,0.009388269409163819,0.006231181680464104,0.01891079117438932,0.004585444225880142,-0.006030527809740671,0.01262913102793184,-0.008164042624809742
2024-03-04,0.007501930420502401,-0.001072399009425462,-0.00402276350296793,0.016174996770490724,-0.014063591288520638,-0.02538124495540084,-0.013983367958845472,0.004703537811942438
2024-03-05,0.01001702281398198,-0.009994130882066354,0.014241867946716003,0.006020141664404344,0.0008132956368853694,-0.028440790667130345,0.01226521801544056,-0.0048486980468473995
2024-03-06,0.0051975202693907985,0.005067315538935135,0.005868005306665536,0.00821540188209502,-0.003938199867027148,-0.005878368939469247,0.010696619471422197,0.0005041212741039303
2024-03-07,-0.008758449390035228,0.009926389913529565,-0.0009374859199258179,0.005683843351386164,-0.002949721099629876,-0.000709535321800181,0.0056197528524157825,-0.0018473525997134699
2024-03-08,0.0018628659168808959,-0.006002148112792316,-0.001772644224484421,0.008452547868211147,0.004091306693162489,0.010236564497697387,0.009406599398427584,0.0013459718203581161
2024-03-11,0.00037208547286038396,-0.0008598627131740644,-0.0005223280489633497,0.00183502012710135,0.010719584308533037,0.01183172572494473,0.005905253882948491,0.012096774471398009
2024-03-12,0.008231944659740975,0.010757349449404208,-0.008361351949713325,-0.01094062729637224,0.009365619436285666,0.0027785031429898854,-0.006420925819016765,0.004316059699069896
2024-03-13,0.008112128379065275,-0.0015674686798269333,-0.004847918213694236,0.00700740378557585,-0.010077421358179017,-0.012122447421752391,0.011170572446911997,0.010247823111247945
2024-03-14,-0.01781803985680297,-0.001976821879233648,-0.015357492042091025,-0.004175139558116436,-0.011731729421294856,0.010927430249103809,0.017712049229573035,-0.0022262712081069225
2024-03-15,0.012395674304064075,-0.00686664601516096,-0.0003225556929992157,-0.0031944066391379478,-0.006469734638623881,-0.002196855343222559,-0.0017942183154977531,-0.01024801403157638
2024-03-18,0.01240150435474452,0.005943094126837689,-0.0030125192353117614,0.0016022835845583838,-0.008977048533101328,0.006372497026019275,0.009256858939193258,0.004175120926980913
2024-03-19,0.005865079630062553,0.00555721163371059,0.002805895774879108,-0.0011498061737871268,-0.0035085044598602844,0.013585080214420842,0.007034675093600562,0.0016629017083327202
2024-03-20,0.01310699342260424,0.009249159824733066,-0.00032291064157963234,0.011911859798154678,-0.0028807394102785544,0.014709084829907848,-0.0008841492177198429,0.008633679252911586
2024-03-21,0.013905018210912168,0.0033047925181852733,0.0021533724702684776,-0.0010386361790747367,-6.407130833507857e-05,-0.04085739096186325,0.004425094288396325,-0.004609007590569925
2024-03-22,-0.012257505528795232,-0.001895693410211785,0.009560314122925018,-0.008020968992406341,-0.003338820335048509,0.005310282866745064,0.0,0.00033064308465102776
2024-03-25,-0.009154594877892497,-0.0027628935483237083,-0.005000648135813357,0.003194406639138503,-6.429006671271331e-05,-0.008300459716255038,0.010221111486711676,-0.001487872927580347
2024-03-26,0.00467101295061223,-0.0018469718880519403,0.002780119136886361,0.003233961285236342,0.0035434180412043936,-0.006672511470028231,-0.007501053971583294,0.002317925250430397
2024-03-27,0.01936333039061955,0.008403804513425595,0.009917961398242747,0.007240660177973091,0.014059141012706666,0.02121269250727087,0.010370065185803412,0.00809387633030112
2024-03-28,0.003909411652245343,-0.00019109890074997526,-0.0008449393421509077,0.012900024807740218,0.0014560014841382696,-0.010559214829302555,0.01104631010508017,0.002457735483260226
2024-04-01,-0.006789859504478635,-0.001739991469008717,-0.01864082725281091,0.010208079384865787,-0.002591819241191007,-0.008455842569834116,0.006452128022260251,-0.008172543443613178
2024-04-02,-0.0004020721183517484,-0.006357897271644597,-0.0055106851181176975,0.014772360490971526,-0.00031687420671822064,-0.00699873391377992,0.019574263146403315,-0.008734400688661936
2024-04-03,-0.00281604125395718,0.0010985353466099745,-0.00021737618093875533,0.008772374739768996,-0.02199985714981678,0.004797442970290611,0.00016780480603406644,-0.0053199225233774294
2024-04-04,-0.007608474754681405,-0.012206090452421381,0.007172416790788061,-0.005734705223284342,-0.011409104931154324,-0.0048923632838192566,0.003520693566787969,-0.008858557142324863
2024-04-05,0.009200152615401525,0.01044697939882111,-0.013918821171462814,0.017114197447370305,-0.000721345133060769,0.00450176986965567,0.013782070499976484,0.003541417513872158
2024-04-08,0.005216406116269168,0.0005593745596352839,-0.00010941514570417255,0.006228485366236658,-0.0052497391956489725,-0.00666340944010424,-0.006756310948654698,-0.004032885537293751
2024-04-09,-0.006700979773010207,0.0011566109046845519,0.009301672910755787,0.0054970549930351,0.004617602757931882,0.00724242209929149,0.0052260422532381945,0.007592219108109699
2024-04-10,-0.008521369841951176,-0.010013104941827389,-0.021793058509988916,-0.00946385618561385,-0.013723604310777904,-0.011139273758554946,0.00841715150167821,-0.013395841218072468
2024-04-11,-0.00020456340803098882,0.007546801980252926,-0.0045446620269108395,0.01943324720349282,-0.009387438426368466,0.04327083076706573,-0.0033550767867507325,0.002206409006673349
2024-04-12,-0.0646780060468588,-0.013802968858963038,0.0053448842563939,-0.013239324939518515,-0.008535410332783377,0.008626811996797157,-0.011659359756899468,-0.013039805078872035
2024-04-15,0.0005471032261772368,-0.012528166703078103,-0.015505947220794458,0.01871915519396472,0.00047421294666460945,-0.02186351559171218,-0.005732303279169404,-0.0024021724552892865
2024-04-16,-0.011427374541467028,-0.0018238497618979777,-0.006637242177286118,0.0012220152803359419,-0.021275307267770938,-0.019167123307231915,-0.008272158105566252,-0.0013759253169488561
2024-04-17,-0.003982321935807831,-0.005918238137195275,0.011098773747706403,-0.007368252752093074,0.0022154341499194263,-0.008147674866781918,-0.0005054324298291446,0.007750445141122109
2024-04-18,0.0064969471149320945,-0.0020577059283769517,-0.005040420589093153,0.0034154561341945833,0.006700320835409057,-0.00571421651824966,-0.0009273254863992886,0.00683653972663012
2024-04-19,0.02510333325041625,-0.008728335232320639,0.003602187912937982,0.003131535140574737,0.014889535200657056,-0.012212575672944204,0.011474887483234886,0.021388553085363027
2024-04-22,0.01942947588327515,0.009209134257071705,-0.00168246502899827,-0.02470249054532203,0.008180812859654552,0.0050908584143942726,0.005672285603882887,0.006315434710371326
2024-04-23,0.01441334994175314,0.01186670029957293,0.00033715451221971726,-0.002458663172418052,0.0029505629498554065,0.006391491294687857,0.0038984453089490056,0.0014863313158095526
2024-04-24,0.004892343480373151,-0.00047465236734567373,-0.007076537065907718,-0.0018600907225296837,-0.006886962079908687,0.012702445543270713,0.00016531061294111637,0.015006581910685712
2024-04-25,0.0015018358301408519,-0.0037988981322694126,-0.00701328504263754,0.005963468053189924,-0.011512746501674886,0.00514721993680789,0.00231308400434993,0.003087051221887016
2024-04-26,0.000620685606659066,0.009473891460768158,0.005240180441177911,0.003241927353549112,-0.004631455642956528,-0.0034727224235122645,-0.027775470550768788,0.0
2024-04-29,-0.001085340124606926,0.003541427118913587,0.008386520431073352,-0.002031218037689575,0.004653005833078927,0.02480805974733502,0.014242125392142979,0.004859009574221362
2024-04-30,-0.007967698403730683,-0.015841227166982663,-0.008541528849427271,-0.019937078844561418,-0.015188508827187697,-0.018270983178707123,-0.011451081541759334,-0.004351968948198559
2024-05-01,0.0006257952728068172,-0.0032470879194256286,0.007371253568398517,0.00906215232545482,0.04557693667498519,-0.006047020011961779,-0.01893963515604835,0.002590200028943279
2024-05-02,-0.0010424787160595583,0.009353449666312796,0.00429069341516275,-0.0030870874411647042,-0.008334463153208627,0.022031834330612066,0.0018098513590201204,0.0009688730719115135
2024-05-03,-0.00600021605415868,0.012395331774329055,0.010118885941519773,-0.0007976266365629092,-0.004335660903232674,0.05981617660157412,-0.0020646244407867,0.0029036745243335993
2024-05-06,0.007821124311691685,0.010326672314621144,0.00389635458206139,0.010518361024399514,-0.004622405064119484,-0.009106754292360075,0.006465405999585894,0.002895267609534846
2024-05-07,-0.0013021066448409835,0.0011034841596206935,0.006097964618621443,-0.004600326433150892,0.000942317254552183,0.0037972795055045694,-0.004967783904495482,0.0043303964806580275
2024-05-08,0.02033899746559853,9.666357929072333e-05,-0.006061004825641425,-0.002941061869504713,0.0015464631893156167,0.0018641233069149887,-0.00017229710072141913,0.003672883545284167
2024-05-09,0.009455764618607976,0.005761925648107624,0.004878371694897243,0.015778607960932778,0.006042300035030479,0.010014323887866494,0.019716037691553723,0.00047744247756842384
2024-05-10,0.006430254650485967,0.0012881083719753494,-0.005627277540939057,0.008112513438038427,0.0004003499612741379,-0.006890362835828889,-0.004052756638007304,0.006043187309753284
2024-05-13,-0.00020116722031238154,0.00013430746360176826,0.0025521152489049737,-0.011202103844459743,0.008738797402122467,0.01764550728773484,-0.0004238930875902769,0.005058447720894144
2024-05-14,0.013988721749466082,0.004588222107252626,0.005644624349114169,0.008462045119477013,0.0010579635251815045,0.006173407155114052,0.0060704133679352346,-0.007549450919353773
2024-05-15,0.0029775890977825625,0.01238294582938071,0.013647451615855344,0.012838750510223651,0.008521548859823369,0.012217931123054582,0.007733620269399388,0.0004753573756353102
2024-05-16,0.0017812179870029254,-0.0020575211449046504,-0.000977188361421133,-0.0038933433506626036,0.01054569666816807,0.0006326099989373279,-0.005987549595946162,0.0030096604059988152
2024-05-17,0.011458506315645822,0.001437661953342273,-0.006738346883530477,0.016497772589880277,0.0023332311161921027,0.00015784983073507952,0.015016532320466958,-0.0045798202989369985
2024-05-20,-0.0449728377974945,0.0011521722092557862,-0.002954339944986839,0.004023937591649318,-0.013885208548692463,0.006162224074906408,-0.008107742225796022,-0.0072982419356423245
2024-05-21,0.020145149318396394,0.0024524661007669923,0.0051580293789605935,-0.001469548604570936,-0.00019836063158540362,0.006857214213925822,-0.006909830718484167,0.0054339068556719106
2024-05-22,-0.006064496607756986,-0.002879396021646441,0.0012010424576782697,-0.018373969565577797,0.01494321360994011,-0.007538333390677554,-0.020110449403419217,0.0014307026948576773
2024-05-23,-0.007009375368086546,-0.007304042866221883,-0.006434127604125095,-0.01994457033971775,-0.024755751319692987,-0.021058132626601167,-0.01705910875853811,-0.014444429948964665
2024-05-24,0.01924650298849584,0.00661603529600896,0.0029635112677761644,0.0009271136061119734,-0.01823646036349935,0.016588115468819664,-0.0007928190660713152,-0.0014495317855059975
2024-05-28,-0.006028620053633249,0.0006989884084422915,-0.014335761128622004,0.010513172896031486,-0.01762273312354312,5.2739868578122184e-05,0.012696103836400185,-0.0029032719559941578
2024-05-29,-0.006967485362158188,-0.007002629786867498,-0.012101735196868413,-0.009303812074717088,0.00041576520820352236,0.0015789532522578753,-0.010708694347048908,-0.0019411283857694306
2024-05-30,0.006158260218049216,-0.006633519225726192,0.009664792135589684,0.0018967600627464165,0.005815610465236487,0.005255122942118495,0.003168142341630764,0.004376082768897005
2024-05-31,0.01655548399153961,0.00910803264827642,0.006790099695190621,-0.00586417430627717,0.009567498340627978,0.005018538517005622,0.02868667832566918,0.015491306420026607
2024-06-03,-0.0039973567673659005,0.0008154781339302364,0.01617444560905934,0.008917780500373507,0.007295356796526153,0.009258838218467957,-0.02396384981816657,0.0
2024-06-04,-0.013180241829081063,0.0011177709187168983,0.011681337919101864,-0.008977059834655576,0.00040609094885035724,0.0016491171987695896,-0.015552602809038585,0.0160496048601404
2024-06-05,-0.00954006298228538,0.011885061250984874,0.007337825149131616,0.011845603201319,-0.012381456465053398,0.007821003861798737,0.003994155663100463,-0.00031276286955561616
2024-06-06,-0.0017742750302174315,-1.864024675468645e-05,-0.0014996950727292901,0.007391356612921562,0.003082778988511281,-0.007096488019490255,0.007514030018524798,0.0035982483873508997
2024-06-07,0.015438564754151951,-0.0012156246633115986,-0.01834585582986814,-0.0356833014337965,0.004507491455873369,0.01239199198036256,-0.010704535977959395,-0.0037412486330101746
2024-06-10,-0.0017003499610476203,0.0030896534756781335,-0.00666655479131717,0.009168181127878539,0.00034016559630156706,-0.019147758292158423,0.002926742488065015,-0.005007000518481464
2024-06-11,-0.026301355292085327,0.002408338954078104,0.010342204848410086,0.0028566106093963484,-0.002514920541045962,0.07264908186963592,-0.008047317173088042,-0.000629032589339662
2024-06-12,-0.014560553548965793,0.008213109386135509,0.007513906142512017,0.0026617200115086614,-0.009198664321324324,0.028578461470792682,-0.011054695620001054,-0.010542847685468981
2024-06-13,0.011120817422610951,0.002013509619053,0.01469953405910851,-0.008150148984962247,0.00027488021331145696,0.005491036262711857,-0.008023056013109375,0.0017493556146519484
2024-06-14,0.0006197561791518869,0.0006082700460166013,0.008414916373957304,0.012959545903254766,0.0006187824054391111,-0.008168405813510082,-0.008451470879921819,0.0007198363289586673
2024-06-17,0.006192485603739417,0.007958943634686966,-0.009929083390637361,-0.005191652247571343,0.0028171420899092414,0.019671597054327083,-0.006873776739982351,0.001119061870237248
2024-06-18,0.01036014428402865,0.0025406055795478277,0.009175279035589234,0.004007271832187076,-0.0020553573289893157,-0.010984577209776414,0.009413075587377362,0.00015977017852875086
2024-06-20,0.008477133416914695,-0.0027164444541963872,-0.006660687475264382,0.012484347826456244,0.014624035194105378,-0.021512881470362233,0.021576040399734042,-0.007185092871081933
2024-06-21,-0.01192948216062073,-0.001340607764340862,0.0,-0.01549323810998593,0.006563997362380114,-0.0104443958685142,-0.008770275250896575,0.009488533679324007
2024-06-24,0.013143316828679419,-0.0032507395346381696,0.00404454317506997,0.003957566385821121,0.0024870968550949613,0.003132713471506232,0.02970396949823817,0.019117536388213008
2024-06-25,-0.004072729354103188,0.003850869326469164,0.0016961660984915472,-0.004962237629221877,-0.012942556716755593,0.0044680684765656675,0.0028056602388024654,-0.002032232845071036
2024-06-26,-0.0032312609707164652,0.0012481564062454265,-0.014285837916044763,-0.00922816811180438,-0.0025135668313192028,0.01999331416412975,0.0003498331685440892,0.003289474100284906
2024-06-27,0.008813284646694841,0.001576461654494432,0.0039721175943183695,0.011336925587312363,-0.006947243998089991,0.003985917823851937,0.004282693672042814,-0.002185771613309906
2024-06-28,0.015514394865150383,-0.003935179546855183,-0.01860592366351177,9.297647872519299e-05,0.002468854922734298,-0.016254113004354198,0.0019146755130918791,-0.004068218355746778
2024-07-01,0.015771576239890672,0.0020580239686431856,-0.017258742754226675,0.002604589701363791,0.0019158351804973162,0.02910458280661765,-0.0013897208357489532,-0.0058131705445980675
2024-07-02,0.01645196924107717,0.006729777642024093,0.0077857598987149945,-4.643394389258759e-05,-0.0027997176792350364,0.01623993862074924,-0.006785070364781931,-0.002054201021651769
2024-07-03,-0.0006705116582745863,0.004462748330993138,0.013133381189009974,0.01127300038083301,-0.002328386553307804,0.005811073656752486,0.005079773536514898,0.002850319968907611
2024-07-05,-0.013250456277600686,0.005766483695770486,0.008278534565813178,0.013486798057396943,0.005422524727424438,0.021620296819540474,-0.012112176708914402,0.006789843929154715
2024-07-08,0.0018555193373390733,0.0011536461572014822,0.0021608920950568766,-0.012402074526820739,-0.00682687890214273,0.006538883683540053,-0.010496732463897152,-0.012547131053075922
2024-07-09,0.011990064051421667,0.0009727349537480556,-0.004419990081544811,0.0016957473442753557,0.010791878028333146,0.003774982455296394,-0.011053566075051369,-0.004288447023500841
2024-07-10,0.0008187727154482793,0.009895168120173325,0.0031399856759941613,0.0036603361122540257,0.01618499293611575,0.018803523957963364,0.008833591146198971,0.002233318795325623
2024-07-11,-0.0016842574342954553,-0.008622565598673693,0.009715258884701816,0.017733403441032136,0.0018067958348806368,-0.023220885948426084,0.011883398605267326,0.004297319724019033
2024-07-12,-0.01209925555954372,0.006307514045889917,0.004276238326051729,-0.0006270969301160889,0.0012025379408433512,0.013050907466516382,0.00017653854529209312,0.009508616441824547
2024-07-15,0.02493392432083863,0.0027500647684435275,-0.011496636656639359,0.0032271131671974818,-0.0042701478949507266,0.01674333554866947,0.017127402009091464,-0.0045526242366077385
2024-07-16,0.016996132700819233,0.005930338055305739,0.01410711073558324,0.019925798233449088,0.011860086901107625,0.001791826398293228,0.007204114212170376,0.01356249290851097
2024-07-17,0.015213800181045345,-0.014021235655336084,0.0002125361150182581,-0.004643206403117328,0.03688491498852642,-0.025295928079181573,0.013788430889343006,0.01462579493444438
2024-07-18,-0.03177011759199477,-0.007684866404461421,-0.007644198648130041,-0.006381186355259083,-0.007408325733648913,-0.020534849530911226,0.009860597569581797,-0.0003066012575729804
2024-07-19,-0.0009524949666329663,-0.00664064103061246,-0.005884509296269824,-0.017937829186175036,-0.004697025587738657,0.0005798559710816775,-0.022979765560965038,0.0015340338562617184
2024-07-22,0.002383621385515511,0.010309740626737618,-0.0029055087030527282,0.00031573231212611574,-0.0029090007075185387,-0.0015602987539841129,-0.006892502897495989,-0.007964708373363605
2024-07-23,0.0002375760468298349,-0.0015683946456270803,-0.0014030716917828867,0.003516676143213937,-0.012253573906703896,0.00468827999410637,-0.016136027142779175,0.0029336834080420093
2024-07-24,-0.008272592088177655,-0.02266253442422783,-0.010808590732002576,-0.0035043524704835294,0.025795839639215057,-0.02875424951399197,0.014108187145005502,0.013084988563555111
2024-07-25,0.0003834148896697531,-0.005210424496925881,0.008194792428374731,-0.01564473026582147,0.02149984054979015,-0.004804624361154031,0.021041638980734634,0.003950826147085085
2024-07-26,0.01710845598796329,0.0111997866618887,0.007803265463838249,0.010534525866662925,0.0062641020951221815,0.002160991266374035,-0.0008516195062562293,0.014832733245825569
2024-07-29,-0.006549195868991942,0.0005879167331797053,0.005377070802482287,-0.0014050562105476505,-0.012948155002268535,0.0012846755779307717,-0.01048332739526947,-0.0032812053370002703
2024-07-30,0.02058330512423301,-0.0050666697863112065,0.0038506284320629636,0.009985461488319025,0.017469731157967905,0.0025659840850451587,0.017829524708809608,0.012718851925592523
2024-07-31,-0.011106510367485,0.01625473240430919,0.010228895490774992,0.018110725786084636,-0.021570711361488915,0.014990858974981425,0.0035541967782093398,-0.013888944401211134
2024-08-01,-0.022744410227105605,-0.0141609832922176,0.008625065289225242,-0.00344294314186655,0.018435132099570595,-0.01675070665527678,-0.013829121065780492,0.01827997007179083
2024-08-02,-0.042411981109419794,-0.018618371424376612,0.031161569934268885,-0.0019046282784817015,0.021025260470061147,0.006869477461282747,-0.0005986848856169846,0.02015886508373499
2024-08-05,-0.0212915331527872,-0.029123751439333545,0.005290837462709641,-0.012691935106198926,-0.017606873716572324,-0.048167088239323474,-0.01805265128340927,-0.017741265026597786
2024-08-06,0.027911634382137063,0.00921954742829767,-0.022368533456589956,-0.00800071383261225,-0.01413976313878662,-0.009748299175637798,-0.005314818769017293,-0.0007340931175361387
2024-08-07,0.00029960141503937443,-0.006683984946629917,-0.007039884553275311,-0.0006796279952806517,-0.0004402875055061761,0.012498302002415196,0.013314616504232601,0.006024911288776247
2024-08-08,0.018263468564245544,0.02311748159032767,-0.006151607092441114,0.015688013635013043,0.008307252373507934,0.01663320416079861,0.019104418830904857,0.003943917742121439
2024-08-09,0.008526933726787034,0.004409456606590423,0.009861290966795222,0.0024552612171104826,0.0024964290289730684,0.01373592239678656,0.00814316287514405,-0.000727481641133676
2024-08-12,0.0018951635395567656,0.0005254051316678776,0.003636184797462416,0.017144665770273848,-0.0046070990408152435,0.007130066923381806,0.0012619953826460417,-0.007426020500241992
2024-08-13,0.008487196641827177,0.016445613272904724,0.0069349286927580245,-0.001532358906807807,-0.009319472072341628,0.01719303512501158,-0.009579760788732683,0.0042543402775720995
2024-08-14,0.011060809755815582,0.0031547803065354874,0.006270629369199199,-0.008155751250824461,0.0005682296124813746,0.0020335914287630263,0.009248267703858781,0.0017529833861713584
2024-08-15,0.0062310175213571295,0.017140279968171024,-0.008069978377800768,0.0031388449312386157,0.003848988324738789,0.013530709775160688,0.00618638693510265,0.0010206076076948456
2024-08-16,0.01143943857364249,0.0022421066199815876,0.003501239714654769,0.022387738526589374,0.0018855955624399456,0.005918384268028376,-0.004716551515982381,0.007720267882179943
2024-08-19,0.006916833478062712,0.009561430105987645,0.004618223535939547,-0.0016380226467286318,0.0015059413911886477,-0.000707689681543,0.003046442396399618,-0.0028909982312945726
2024-08-20,-0.004316552815135433,-0.0016261720245489553,0.007968088347380053,0.0036699887797402297,0.0033201688674833196,0.0027446309080869646,-0.03332481013728483,0.0057986436078836245
2024-08-21,0.00037296438123490816,0.003436571382049669,0.0006081039919165754,-0.0013336178629831386,0.00792961358763078,-0.00048567582102687634,-0.006371109286418819,0.0027388108774972775
2024-08-22,0.009459479584145614,-0.007848624874648658,-0.00992588108895398,-0.011975011209935715,0.005699139496763372,-0.008259753953160254,0.007729435196740075,-0.003449912031479707
2024-08-23,0.007755010399929985,0.010625387116536933,0.006547179155693694,0.011553425520715921,0.010963941317015946,0.010288312244771891,0.01385858037676524,0.006634863209377118
2024-08-26,0.003939470964518632,-0.002383585813368505,-0.002540710266336843,0.0031893380775309677,0.0029246049574331856,0.0014987555551035925,0.02140655486980836,0.015045196449077647
2024-08-27,0.004608266179931597,0.0013729591118225581,-0.0017324486612024792,0.002706671669018057,-0.0025711273785773425,0.003741518464658755,-0.009511033157633908,0.009316690182378462
2024-08-28,0.005041276348253021,-0.005805296430382967,-0.0012247285489708215,-0.007026862307456638,0.0059528270912256875,-0.006753396367190079,-0.00985736320582098,0.0034964908603354328
2024-08-29,0.004157513748866304,8.941711011511977e-05,-0.003270540714033432,0.005177980359189593,0.001891148610977167,0.014570067023204292,0.013817493446524276,0.004181282153320254
2024-08-30,0.011655636455537133,0.009546185515074246,-0.010663135948926428,-0.0071260085162319076,0.009925184885822613,-0.003437840233254219,-0.0016083338897870947,0.005829286074122031
2024-09-03,-0.020017753006871253,-0.020579137680261428,0.01635540157707638,-0.0043235765879541255,0.007837917418531681,-0.027205279993480325,-0.020942844651425374,0.007451376188087444
2024-09-04,-0.004403039097307104,-0.002046831078605038,0.012889727327618505,0.000607926500195255,0.0011964409764255723,-0.0086185557249423,-0.012211102435151222,-0.006163626936495303
2024-09-05,-0.007750885430228727,-0.0024321808589056193,0.005655967156778852,0.008332306942507417,-0.014160949948681889,0.006927637229649397,-0.00780292700637808,-0.019156535104085215
2024-09-06,-0.023755973057178803,-0.01683009220076248,-0.00010034393318836266,-0.00740263040895639,-0.0036971489267698665,-0.007014986527561939,-0.004683181624062893,-0.0004215016919634218
2024-09-09,0.020474400264324677,0.011196253508404475,0.004318957394122691,0.004205876079289794,0.013565858215140336,0.00040747747978553406,0.021040629520538978,0.009980351895173767
2024-09-10,-0.05188871958944363,0.0043558010091993005,0.007000769625957748,0.004404097525006145,0.004621763897062037,-0.0036213354403393794,-0.03643169714710737,-0.004175237473585169
2024-09-11,0.008124142390616651,0.010258848410452215,-0.0007946429150345047,-0.001590555949419148,-0.015294563090731073,0.011585090697250333,-0.009926054703023102,-0.006568830349813259
2024-09-12,-0.003040109527727708,0.00842312265102474,-0.004671521167314396,0.017567284525531468,-0.001092064966487838,0.0004940045590648978,0.013762442371669348,0.0021102901523997186
2024-09-13,-0.011035734072640357,0.0052231190909819425,0.0026965057411845184,0.009943683944142245,0.005344896890501216,-0.001211939111549598,-0.0007193395678033454,0.009399900715971743
2024-09-16,0.01732577361641785,0.0014764818487007503,0.009162311528962297,-8.374817448175698e-05,0.008881136568572368,-0.027775280836770833,0.014035037713255871,0.009662317534387288
2024-09-17,0.006687046528442098,0.0004087336229028349,-0.00483593690935713,-0.005530911354914458,0.0004790443760565033,0.002172654542953234,0.013042330333899788,-0.004160683702500112
2024-09-18,-0.008219851956497548,-0.0029658253212330177,-0.012395677940036598,-0.007710465405288858,-0.005506708302753793,0.01798964078299581,0.0035033479432393655,-0.0006965493330283179
2024-09-19,0.014214835585417696,0.017064269438433977,-0.003313671865081358,0.015540757281972128,-0.008004726878089952,0.0370656593889811,0.012393064516686536,-0.015749120211462242
2024-09-20,0.0028981368904157367,-0.0017283842272000083,-0.0038282251616823526,0.012710660066880486,-0.004004367870884651,-0.0029273983447458685,-0.006293118265740416,0.014443473215643321
2024-09-23,0.0016581576929508568,0.0024987947776549113,-0.0021239327682884834,0.0019404068737312041,-0.005726173351481956,-0.007581089784182704,0.018131327214301995,0.0012564996766952774
2024-09-24,0.0007093444418091455,0.002861268497158287,-0.00020243465996305776,0.01396907347432852,-0.0026957478535014623,0.003974067552902971,-0.0026414674650913073,-0.005576379006383747
2024-09-25,-0.006616506459040328,-0.0022054649913506585,-0.008312140547084512,-0.001381767735032069,-0.013392289655969614,-0.004398091960473027,-0.019478844400830808,0.0016820137302240301
2024-09-26,-0.001950667559181385,0.003964690509809632,0.0023507321413878124,0.005086884066794806,0.0049188716026506984,0.005080203045133569,-0.017164800634563382,-0.000699849288269494
2024-09-27,0.0034322207644654767,-0.0014503989358952696,0.005201063691898211,-0.007935830791900744,6.207005315572722e-05,0.0011865694473873756,0.026773104017516758,0.005462422830683211
2024-09-30,0.0017103159933997691,0.004007306781378839,-0.004768285743677381,-0.007999374253898295,0.004089219220104967,0.022872076682439513,0.012087743463282452,0.0009750368012715338
2024-10-01,-0.018116583244839224,-0.008958495996637117,0.007220140576578382,0.010491249392624358,-0.00043180391078256886,-0.029141597013988996,0.023118880859483992,-0.0020874568996064324
2024-10-02,0.0012076218795740168,0.00042196417751982906,-0.008427375785887259,0.0002035871977259518,-0.005062085021775187,0.002519743152971543,0.013257691647273973,-0.009761582001907687
2024-10-03,-0.009937728121522937,-0.0018281781869303737,-0.009420334474000924,-0.0006920058878574498,-0.004157109749606813,-0.00489463160514958,0.008722905361438382,-0.006900342639728607
2024-10-04,0.035493671376414904,0.00908742566416687,-0.012301061329812013,-0.001996030315693398,-0.0013085018567484674,0.005007265930890625,0.018355344758334002,-0.004963095499528558
2024-10-07,-0.0013729854873989478,-0.00904048416232972,-0.007535422052862173,-0.0033877625757333663,-0.004741297031119696,-0.02253091783811423,0.004325892677072618,-0.016531305932023233
2024-10-08,-0.0008534238057967825,0.009457552416897164,0.001687271696260595,-0.007371925565205384,0.0010027907543115333,0.01840412177767692,-0.02656138253148388,0.0024633867994914294
2024-10-09,0.01266914526685703,0.006926592378890151,-0.005684776481810649,-0.005446185963701722,0.006011720727589154,0.016698384008903222,0.0004095983902685507,0.0056374801950889175
2024-10-10,-0.0027177385997962933,-0.0017500366951881396,-0.003917339223470928,0.007342892553628744,-0.000871486865341109,-0.0021783239985201375,0.008600361358163333,-0.004599726605558296
2024-10-11,0.04439959831530027,0.005988017478069985,-0.004039040261692661,0.010913408354139564,0.005918597934067682,-0.006505207609345809,0.0038166841709599275,0.004620981858757922
2024-10-14,-0.0036439676471239357,0.008178563713568066,0.0007469076651223094,-0.001629502157067031,0.0008670156436068055,0.01647979699711377,0.0038024340128361978,0.011067886804833282
2024-10-15,0.0041087394623648965,-0.00776970892320461,0.012157268358229834,0.003468359323146597,0.015470668106804197,0.011024685474710916,-0.030061351291672866,0.0
2024-10-16,0.005620785601056388,0.004346306574101622,0.004214537206771896,0.005001609209081437,0.0010965633039929923,-0.008851949740342313,0.002575909517736452,0.0032697668224588305
2024-10-17,0.0034878527203150433,8.589743781750592e-05,-0.0158429142914136,0.005988310835030708,0.001156632985279904,0.0015964144381819256,-0.0025692912559364123,-0.009493900333820693
2024-10-18,0.0042330684655202955,0.003846655330890014,0.0007461993189097349,0.010618185005034864,0.0039519821451838855,0.012276553423913095,-0.0028251195969983822,0.007725285843148688
2024-10-21,-0.01051618521915465,-0.0016423863978781705,-0.017470877848209887,-0.00019900127714234106,-0.013868588056710651,0.00629789847412443,0.0005833396525096735,-0.014054563261417408
2024-10-22,0.005022469052390788,-0.0005311797270139973,0.000975577515899051,0.01078732362833379,0.0038076162562239446,-0.002621786466966314,0.005163200841263871,0.0
2024-10-23,-0.003167875470841297,-0.009137259973135414,-0.0027075937900852276,-0.012050555849465017,0.014744659482237132,-0.02162301363855812,-0.0035625236493276313,-0.020734477232018822
2024-10-24,0.007027379596697525,0.0021626945959039023,0.006408146426825745,0.007693259346016168,-0.013203993715982465,-0.000823286853178895,-0.0056539973750688866,-0.010439463833628038
2024-10-25,-0.01186761053294072,-0.00034551236644997374,-0.0056120527206516835,0.0020569789010425055,-0.017046335902980214,0.003643102381711616,-0.000836114581217906,-0.0056465387236595
2024-10-28,0.014349217172286322,0.003091538099100566,-0.002713150815800369,3.945407605776552e-05,0.00447514015261441,0.00859930407844467,-0.004937623451577555,-0.003735640879447333
2024-10-29,-0.01152985920556504,0.0016183796278272933,0.0015233294048113688,0.010894858433216914,-0.0093440331985436,0.001156940092700287,-0.013624923716876625,-0.01664931141669901
2024-10-30,0.00677433120397275,-0.0030252091843017137,0.002934077945866198,0.005505891218995584,0.0032483460417134236,-0.015277908901104698,-0.005030735920682483,0.005491189826096532
2024-10-31,-0.011095804825944522,-0.019603193652644957,0.001624996965625236,-0.015495166963743867,-0.00466977792259049,-0.01820955925362422,0.0007713568074125821,-0.009253632979069448
2024-11-01,0.004596361407341432,0.00422069834587524,-0.014098267581157287,-0.004102375877353404,0.001689123645916224,-0.013279547527441093,-0.015670620621077935,-0.004593436113459304
2024-11-04,-0.014174341070670948,-0.002154001450108689,0.015521840410124721,0.0014259144001700363,-0.01180312648075832,-0.004037535340675413,0.03183991565153166,0.001538293288300574
2024-11-05,0.007780589224608558,0.012091813566522003,0.005311714597372452,0.002254447895035039,0.0006953492228143343,0.0064860787994729385,0.0029509208314828506,0.003993210101679523
2024-11-06,0.11544547597476496,0.02486548513056608,-0.027388470922356523,-0.030386729020158265,-0.002968135760934465,-0.0032668598042842056,0.017148643612892478,-0.025546838098626568
2024-11-07,-0.043228401758255264,0.00773216736757254,0.012527658902104832,0.01607650385553039,-0.007284261418814775,0.02137210678805812,0.001239757440097522,-0.0006279965336806193
2024-11-08,0.002538263993762113,0.0043317116431220715,0.012700939628445429,-0.006769426092267272,-0.00803904392134358,-0.0011881973656511224,-0.0003302860206222391,0.004084164605729246
2024-11-11,0.009747511107756068,0.0009529898599045517,-0.0048653001894299885,-0.02347155656813127,-0.0027659002407856015,-0.012028520619233762,-0.005284453803972022,-0.008760939254593758
2024-11-12,0.001128384625544765,-0.003106439748114198,-0.014993366836465793,-0.008631355179477884,-0.015479856637286571,0.0,-0.0009961156988921305,-0.002525086312915814
2024-11-13,0.006679030648681694,0.0004858730024395186,-0.009485828985405176,-0.010081225320474285,0.003930760071903183,0.0039690871962352325,0.009306193364054582,-0.0031646971114953626
2024-11-14,0.002944037791047016,-0.006430414396718542,0.0057904159597055305,-0.0026091417886486834,-0.008940167348218231,0.013770513408025709,0.0006639551339586713,-0.007142951708854817
2024-11-15,0.014222560464666412,-0.012808537191168923,-0.002656981031095129,-0.0017720694429753658,0.014025190526788078,-0.01410924407914993,-0.010368155182757688,-0.012949453959156698
2024-11-18,-0.0011415362591405964,0.004097410127560819,0.0017759180733611934,0.019020246289590537,0.004999895401855081,0.013422274165116654,0.008381464364045632,0.0019435389087085753
2024-11-19,-0.007917333135722515,0.0036554745910837294,0.005097509161114955,0.008959325127211315,-0.011436334283703165,0.0011402382613747708,-0.01396389214243221,0.011800865778416325
2024-11-20,-0.009502705711394333,0.00033882773833160407,-0.0031972678896474704,0.005632045702723465,0.0007190590132277741,0.0031539969306280113,0.014245839557635698,0.0063908247663295725
2024-11-21,0.01652961883230608,0.005368352731534021,-0.0007742078194989954,0.00833950039098208,0.015609662342676245,-0.0020960983788868015,0.013381041247478631,0.012224049343347199
2024-11-22,0.015484561860768853,0.00309939412825333,0.0005536158100751809,0.012892210445830887,-0.0021221863559774956,0.005907584127903487,-0.0011481531787815857,0.002509433882759815
2024-11-25,0.007000588696705279,0.003392000468597889,0.025887654377389158,-0.029458856541119016,0.003931125052911932,0.013050798837767719,-0.01494360908441672,0.007196476854262279
2024-11-26,-0.0012785018980850937,0.00522148547086676,-0.0038822010069995416,0.0019383092584317474,-0.00012943377558938263,0.009404410213577297,-0.016670975318673897,0.0026406703849652935
2024-11-27,-0.0007200739874441142,-0.0030300883971953185,0.006928894991498291,0.002222714763140843,0.005695103044886407,-0.0005530768936283792,-0.0026277964080211325,-0.001859118951433758
2024-11-29,-0.0002801391762806693,0.006212154403273384,0.010321161651682509,0.008624546377060671,-0.002509683738716628,0.010215948776583161,0.002549693786708662,0.0021112205315543253
2024-12-02,-0.013895581958259684,0.0017924307507057868,0.0024028105798450383,-0.00875440338997513,-0.0013547287542127195,0.009522599861092829,-0.0009325010456826544,-0.006710283978323628
2024-12-03,-0.005807119983843312,0.00046384223378992395,-0.008629052121193581,0.002012776164397767,-0.015762138327673036,0.012771687175992863,-0.0015273906963371164,-0.0020425351520880763
2024-12-04,-0.005800308728400316,0.0062095099785566266,0.010745801528395216,0.003033679807253664,-0.012404935257771865,0.001483543752009986,-0.028809282974528116,-0.020623352632620495
2024-12-05,0.00854566618162389,-0.0016456369760092793,0.0020200219102446404,-0.007397709454119106,-0.006313556133977993,0.0001235402971386801,0.004375150899321278,0.0114129582964686
2024-12-06,0.007658511685917357,0.0018955917276137768,0.0014853132286973825,0.0003705687954558279,-0.0014043645898922374,-0.0008229105266140957,-0.010541906882162055,-0.006198382130928826
2024-12-09,-0.014351488583858707,-0.005149673070058869,-0.009217022442109202,0.009919751769426055,0.0019422097294718998,0.016101137954386058,-0.00589943746381727,0.0011194037450255045
2024-12-10,-0.0038965459151830695,-0.003108991042220177,-0.004704965951502826,0.01316431251835759,-0.002473276234345012,0.004133717309796614,-0.0020371994088912437,0.004952088823539702
2024-12-11,0.00275886625289945,0.007730636209670516,-0.009454150914655957,0.009533812345188464,-0.01735585947518159,-0.005165986892405217,-0.006656611657241629,-0.004291782503632047
2024-12-12,-0.008212621359538486,-0.00515274218354822,-0.012147592656251427,-0.014663722649505995,-0.0027277026088508016,0.005963586016336508,-0.0008935818249066196,0.01915705988522176
2024-12-13,-0.006583071977249388,-0.00019841204399240198,-0.010210677412226699,-0.012091578404740733,0.0025984921373840564,0.0006856941848525366,-0.008764088150010507,-0.011278154241292526
2024-12-16,-0.0015002833407494753,0.004269849806811443,0.0029949211306883328,0.002415209844427002,-0.018892425201352148,0.011727720864164848,-0.02138205962670736,-0.009030537220685919
2024-12-17,-0.005092229712592822,-0.004119991479773488,0.0024330462145774057,-0.0038386247250202787,0.01779628175076975,0.009719464700593372,-0.004240874268221062,0.013589269171646379
2024-12-18,-0.03352071015920888,-0.02980346115350485,-0.012504243434737439,-0.01918507783771306,-0.011337922412246515,-0.021421671159212674,-0.01472084469501067,-0.008675159953754119
2024-12-19,0.011242763275460144,-0.0003071527492615189,-0.015141385839168131,0.0014210967336201197,-0.008082891628308886,0.007014608986329218,-0.008551053603756631,-0.006364287196921281
2024-12-20,0.019917583395985483,0.012011013709321894,0.005693990010296357,0.010434056495473909,0.006198472951060907,0.018815945349621277,0.003411979787805164,0.0016011511719311589
2024-12-23,0.0033248950569604308,0.005988313845908255,-0.009171981105652427,-0.004708795377563857,0.005537678113145761,0.003064859257357,0.0040616906318755586,-0.002717701133043371
2024-12-24,0.016443696478056546,0.011115097673623398,0.0042286905505131145,0.001992014086009908,0.003992555810352405,0.011478076862364572,0.0009407493794637567,0.00737413461547054
2024-12-26,0.0034253336163807546,6.648854481872135e-05,-0.0005690007817615861,0.006751179863859091,-0.0018513572295271175,0.0031756925937183045,0.0008458410117244686,-0.004296626372798262
2024-12-27,-0.008102367755461914,-0.01052648096742248,-0.00819874008020105,-0.0068705038771270655,-0.0036404453246201562,-0.013242079409434782,-9.394472783019747e-05,-0.0019178237458152836
2024-12-30,-0.007670942979625561,-0.011411585176906436,0.00803662196522592,-0.0031896811646237033,-0.011789200164824765,-0.013263452725055913,-0.006761795142254945,-0.00672540846879921
2024-12-31,0.0016295670203843038,-0.00363813553785719,-0.005352965763017581,0.006233636577161361,0.008929800548449274,-0.007057920935259476,0.01711431547172171,0.0037078072597211964
2025-01-02,0.0012098695078737176,-0.002457018332623462,0.002748092372410582,0.013587714119632333,-0.004148813264592155,-0.026235799642565727,-0.0024170706668447117,-0.00674586930324883
2025-01-03,0.013666685762033559,0.012503404560544995,-0.0031972281692972393,-0.007864039973028758,0.001180550733044461,-0.002009572089801348,0.005125235859081201,-0.0014553473073017908
2025-01-06,-0.004875447278684386,0.005760615382937484,-0.004468069413466114,-0.0012320959587240887,-0.0036757594838300323,0.006738943065724534,-0.00111249751120579,-0.015222598430195466
2025-01-07,0.009632538547452274,-0.011304045433904064,-0.011277091611739398,0.005633435188264091,0.0178894359345112,-0.011387652986937558,0.009374389431459518,0.0004932671682105205
2025-01-08,-0.00016447926698104354,0.0014609060507264626,0.0012802120122907823,0.005315681488124113,-0.027080686529889042,0.0020229888322238487,-0.01673561551655378,0.014299788536737745
2025-01-10,-0.013408558764873013,-0.015267429606369842,-0.006625628227817315,0.00955831000439944,-0.001476042061443028,-0.024103789970141398,-0.003647193974854468,-0.010371088567998621
2025-01-13,0.018093221547090144,0.0015505849049237685,-0.00035112346156995766,-0.009951255605703535,0.016964598511142848,-0.010344173195219075,0.0258118398317011,0.009497310571381146
2025-01-14,0.013349131808143122,0.0013759502770052112,-0.0016387065189000793,0.005249423200524239,0.0019382698847383306,-0.004778069660643203,0.0039344415723947535,0.006326005508553445
2025-01-15,0.01971970520121391,0.01819002884394938,0.017235425417658767,0.007488993695735191,0.0015198468201795823,0.01967595541123468,0.01631419745338425,-0.004351902867780866
2025-01-16,0.007608359831852152,-0.00192320642202648,0.003227170907893928,0.006910965874952435,0.019314309969360677,-0.04040030259362071,-0.0017038037070904455,0.0077707117827414685
2025-01-17,0.019231537366742657,0.010039901270404217,0.0017234675001331912,-0.005307269747253374,-0.005007811389510564,0.007535313857827575,0.008983117157784104,0.007389470412230148
2025-01-21,0.014932738010379643,0.009153480443916395,0.008945826658017575,0.01548521901629396,0.0076174380262619135,-0.03191585897303639,-0.007567611237676131,-0.004624372761494411
2025-01-22,-0.0007222865569702641,0.005621538331987974,-0.005229042511956328,0.005135652699768123,-0.019439587034078998,0.005345038978352035,-0.017403858517385462,-0.010253185080593696
2025-01-23,0.011832312704097125,0.00545805853915704,-0.007770525366077696,-0.0014148699521492336,0.009430561960138473,-0.0007594781431519149,0.005660643869422666,-0.004046643398263106
2025-01-24,-0.004173816730878133,-0.0029193667721001404,0.004491458729197095,0.006218705580031125,0.0012275529191763113,-0.0039347113107778275,-0.013527050644476901,0.006338407823984316
2025-01-27,0.0038138764647384082,-0.014145357666793035,0.011809144932317883,-0.0104048052682425,0.041343079625209,0.03178035791339884,0.013896604306420146,0.03149229872673498
2025-01-28,0.004852162449509478,0.008592523358097237,-0.0006796763115444193,0.008656417783572623,-0.016416956606973065,0.0365439462721342,-0.01933382229246161,-0.02364181785134556
2025-01-29,-0.0020963272370347896,-0.0044829666982550975,-0.002041062627826329,-0.0038404097330004827,0.005120311350795381,0.004616809098630714,0.005831159258885998,0.007536941851604473
2025-01-30,0.006189548691961644,0.005367082266790391,0.003749524156197337,0.01514551884715587,0.011379485115485366,-0.007394764006926402,0.008281944773215866,0.01941748433774504
2025-01-31,-0.0034670984362420443,-0.005321911081975883,-0.006565662296538988,0.0019763991077346166,-0.00470989454379489,-0.0066921551124439205,-0.025006749030443864,-0.008899352225332002
2025-02-03,-0.001833217659306663,-0.006729655863189077,0.008142315048838,0.00533727141028395,-0.001840328077930442,-0.033855973855805965,0.0024336634795600887,-0.0020478798252835384
2025-02-04,0.00423531663405341,0.006708265932884538,0.003062386240539894,0.00984841707528572,0.010667094111232123,0.021007815329716406,0.026799922600474257,-0.010734089467896002
2025-02-05,0.009293115778499228,0.004054526641777523,0.016510145657930853,0.006209542410714253,0.007818115839262285,-0.0014174875042234358,-0.0007275493789511422,0.007180554302239628
2025-02-06,0.023924814105505954,0.0034757322910417,-0.0004449253352049043,-0.0026502562908058414,-0.0076282616027171235,0.0032262255941553075,-0.013196178212167675,0.0038022252702458736
2025-02-07,-0.003972538914881252,-0.00915361540214743,-0.006455147650815007,0.0017841598670260694,-0.0025405827223388133,-0.02396868746614378,0.0042424387594706126,0.0075757718512432515
2025-02-10,-0.01725893672308454,0.006791224986284927,-0.0030244904768758074,0.016938239196991,0.0073146797231553595,0.0011872561854504582,0.01910186712807871,0.011121618841600567
2025-02-11,0.014573468980057847,0.0007605411933127026,-0.006404567725438626,-0.0036516022155236305,0.012253631039576662,0.021831898745981793,0.006307898583854499,0.04725021475688873
2025-02-12,0.001672867405647871,-0.003221485072722685,-0.013570061984560122,0.0010471549570203464,-0.00557231684073789,0.018270070070558475,-0.030086785200437505,0.016420110870924765
2025-02-13,0.0031584139574774017,0.010557604278849553,0.01662276461440282,0.009862831092105395,0.012817092542720232,0.019673266018733537,0.007265972609650229,0.011497737475838044
2025-02-14,0.0009772682711786107,-4.927878362037674e-05,0.0052997764158255745,-0.014871773334245386,-0.006995263350971892,0.012710697826131767,0.0010172930262413171,-0.009064841947916569
2025-02-18,0.012147994582752508,0.0029357958462659095,-0.01177757958606307,0.01656090548123368,0.0005164700696327351,-0.0005314861821118511,0.017553574549493467,0.0026135810984484475
2025-02-19,-0.0025005596298053323,0.0023550205989428807,0.001248427137583441,0.000554096378723612,0.01871095079040086,0.0016360283125638198,0.0014528263532020969,0.014771916436794541
2025-02-20,-0.04458377397718083,-0.0041602448320542385,0.0037412559569045545,0.0005168326664386491,0.011336810521359375,0.00392051818870498,0.015412337620709149,-0.0004281369465714002
2025-02-21,-0.009595052350041766,-0.01710410610424462,0.012084709632199653,-0.0009225433005247696,0.01640793985599398,-0.0011389591287577217,-0.01169632127711795,0.018703472440274593
2025-02-24,-0.010974960207454476,-0.004550406396044981,0.0029012775408403524,0.005429568123388684,0.008872485178345713,0.006312429397624886,0.005239716735597311,-0.010651634804279775
2025-02-25,-0.015076121763539008,-0.004973182424069411,0.017247157694688653,-0.013188334192659745,0.01435200888915511,-0.00024278608422911852,-0.01384005365566332,0.012749605686948051
2025-02-26,0.005400038993155443,0.0005046930393417526,0.005906989717241906,0.0015263333689308212,-0.018122629049106664,-0.0270402460862893,-0.0024605693810981766,-0.00965166902907355
2025-02-27,0.0010047073864158929,-0.015961911190013223,-0.007068415290856889,-0.015239958822878874,0.0039858009649222925,-0.012730896109299117,0.0063036726009806365,0.000988873375753485
2025-02-28,0.021617459239674508,0.015605596661077747,0.012265861269008305,-0.006265820058134697,0.007878777485496702,0.019131861615869106,0.010712646822025773,0.004797295347014341
2025-03-03,-0.015227724376834062,-0.01751997766630431,0.004666820241759462,0.013180390342641513,0.013695253089083925,-0.0157541055956002,-0.03206692523264898,0.015587693082900422
2025-03-04,-0.03978967856015636,-0.01183676164866676,-0.012314900029487985,0.00869763593445505,-0.01111911908551555,-0.008822465720090822,-0.0020414982498812018,-0.029452441663687656
2025-03-05,0.005114930765363512,0.010747730837302738,-0.007983992702899512,0.0020813110966890758,-0.0018136146878854342,-0.0008053630534643474,-0.019527551073707627,-0.0015670762263116922
2025-03-06,-0.01983862727172614,-0.01775115672124894,-0.003307606316395484,-0.005081207410422395,0.0043000550355840605,-0.001739169589466849,0.020675264010243,0.005422332226401094
2025-03-07,-0.01727913007462023,0.005604885844907148,-0.0032079903172851365,0.0005219558189655249,0.005185971177000148,0.01589261720118329,0.01300864001729285,0.01376688764614209
2025-03-10,-0.04152212939520983,-0.026635403858402795,0.010431493487009336,-0.008755937163287819,0.006059161352791609,-0.04847958752014625,0.025499962941820442,0.00027969306861508336
2025-03-11,-0.01326331725919061,-0.00831300007873792,-0.007138711425779154,0.011727541035094546,-0.010971907285756144,-0.029189390099861323,-0.023613571450348037,-0.005738120295215365
2025-03-12,-0.00541160389436246,0.005306487954566119,-0.005973431278048835,0.004346793335703092,-0.018147853569012606,-0.017478623870416543,-0.0002749778391006874,-0.015484378704430313
2025-03-13,-0.011891152811499328,-0.013330325248605779,0.008791206811279872,0.017756144523255468,0.0008596584148499176,-0.033643703453495544,-0.0042150597819041735,-0.004575207433226924
2025-03-14,0.03219516029893543,0.02065556373777766,-0.00529487597602285,0.00039975774946587883,-0.0011043534132224586,0.018170488266351592,0.02972301823088319,0.0007233567043745115
2025-03-17,0.006410223891808009,0.007711337640769589,0.004990347171448306,0.0054135329342379634,0.00018427854079305916,0.0023889651065525097,0.016622012467201408,0.013880877394836899
2025-03-18,0.004445712725730688,-0.010808379622018083,0.000993184918382406,0.011671955843306048,0.008658720707096279,-0.006121500615978048,-0.0010548766323733583,-0.010553212337888973
2025-03-19,0.01761930136761558,0.010890845995021214,0.005181337439921885,0.004107707999658539,-0.007671172096936241,0.011989248203646774,0.015575581280721451,-0.0014414249847453098
2025-03-20,-0.000418311662045312,-0.0028916989401738258,0.0006579679240859004,-0.0012805854303336028,0.00018407503215756016,-0.005296387612504838,0.004245646649462476,0.006206606869773257
2025-03-21,0.01096195770218844,0.0003298919546212975,-0.005918172479553063,-0.008049901213267985,0.0037417830994679324,0.01947689810001929,-0.0034512850288702657,-0.014918860053285576
2025-03-24,0.0266108974131245,0.01790848775160092,-0.010253767010957926,-0.004452548665506595,-0.002077831435756017,0.011270430382703367,0.0025974626312075255,0.0040775355383491085
2025-03-25,0.012376009521089637,0.0024038215328545665,-0.00011127853992454195,0.004400365088198743,-0.013901596066601574,0.013681841146429008,0.006822012780218989,-0.002030602974489537
2025-03-26,-0.00039816456153862756,-0.011938335860707916,-0.006573108938122241,-0.0008259812019960622,0.0043472404339599535,-0.009921772080253355,0.014409530030246476,0.01758472396504107
2025-03-27,-0.011592268647677262,-0.002655627315210407,-0.002915887022382657,0.013405732882559862,0.008718882748545154,0.010472595574967603,-0.003212971839740675,0.01028279172407065
2025-03-28,-0.021239726009169235,-0.020138212342233786,0.013834312387064562,0.007412123023167627,0.0035553427369543478,-0.026580389521724812,-0.0013571837702173184,-0.005230303345754472
2025-03-31,0.01008866653200946,0.006712688489439067,0.00987355452363392,0.014363222998346359,0.013010692316638428,0.01941270106318549,0.01019277914522676,0.01776314925202027
2025-04-01,-0.006685797818243633,0.002824442743211364,0.008665409389948753,-0.0019782303576065807,-0.07591642184458203,0.004771908676459935,0.0009249129048698457,0.003490691544375979
2025-04-02,0.008864858224146621,0.0063284086265045225,-0.0006558587654567072,0.0020516615880092903,0.01376821409911555,0.0031364045607933377,-0.003108226207319431,-0.007513714218746359
2025-04-03,-0.06968510861466348,-0.04928069145016545,0.004593759721046586,-0.006038278082531101,0.028707676830975748,-0.0924561866874124,-0.05258273628484589,0.025935984281248547
2025-04-04,-0.07483831449021827,-0.05854310111696115,0.010887316180926199,-0.02339226273628292,-0.041171339964809706,-0.07288731642094837,-0.07195596480582123,-0.04441108890887768
2025-04-07,0.019783110957341643,-0.0017811884523963872,-0.030156061348697638,-0.02148580630415131,-0.01709728469664662,-0.03673429969943298,-0.013417577477281006,-0.02230799763584057
2025-04-08,0.011331779369826434,-0.015662692960500824,-0.01887868532926784,0.005443793790763651,-0.004116332661259103,-0.04981817733023208,-0.021080366669301243,0.0007311859172227653
2025-04-09,0.08055519330102112,0.10501930911064017,0.005885913039604063,0.03699125081478161,0.006466655652821229,0.1532885256174954,0.049915755296930264,0.0223618445311351
2025-04-10,-0.03085262909005604,-0.043818949755874415,-0.027568420259639792,0.0244235794430141,-0.015102391289447348,-0.0423938616432078,-0.05548202042205741,0.011579760292320218
2025-04-11,0.04002466138414196,0.017842773668405254,0.005438389790096698,0.019086664805096243,0.020445259195253307,0.04059450740721626,0.032122431319382416,0.00946865457382895
2025-04-14,-0.006265926207252859,0.009701389940211191,0.007135656662643042,-0.005705977012200658,0.01733324212416454,0.022054074005721125,0.0024239715510923077,0.014279652570819756
2025-04-15,-0.006773897971731668,-0.0028010217219820444,0.0035425499114432046,0.005232379352138938,-0.00479385973921187,-0.001876449715328743,-0.002805029257157643,-0.008143464392968869
2025-04-16,-0.015098932755485683,-0.022227850695285878,0.0055793863694519885,0.0325408102664011,0.0018878227678922332,-0.03893338032138538,0.010572376192660826,-0.0025049566959817193
2025-04-17,0.010234810974314446,0.0014267171117980926,-0.008832365452296376,-0.004390692094044635,0.023130295557591385,0.013949651319910217,0.026202047835911957,0.018415262104681362
2025-04-21,-0.01280389910226798,-0.02380276591259234,-0.017479699708195517,0.03093558529908469,-0.0034926065848045473,-0.01939285578008043,-0.014683868365495067,-0.0031507571829092473
2025-04-22,0.02882212978822407,0.02601794197538787,0.0055814398460292125,-0.014195668551963636,0.005289237888140841,0.03406507640562206,0.0280018917404683,0.015528550189094714
2025-04-23,0.02245435696357445,0.015495243709833462,0.009713118955183786,-0.023978630729734163,-0.015023769185564029,0.024331638502555597,-0.008587162612991195,-0.008119144364626574
2025-04-24,0.015609335177599215,0.021049146580611966,0.010535951987037828,0.014556277018207942,-0.0028961533889247937,0.018426113288234847,0.011735021617963026,-0.010641350485684042
2025-04-25,-0.004455511313627536,0.007225084062630893,0.007366355908048794,-0.010841679678267213,-0.0022590612148776223,0.0043673564728285985,-0.0005523463750074509,-0.008411254461339168
2025-04-28,-0.0013549473928955447,0.0003814976130547265,0.006299789928357891,0.01424210344049559,0.004981330343276635,0.004109273666969004,0.0005526516301319617,-0.0016688098149046926
2025-04-29,0.005756076400934784,0.006299164115236566,0.008384617701434616,-0.009738925467677295,0.0036047457832262264,0.005091920047891385,-0.0024854124093622865,0.0078005403752117175
2025-04-30,0.0,0.0003970534524835312,-0.008093213878347827,-0.007482221012837242,0.0025654834672159677,0.006107658252637593,-0.02519393855585461,0.002764398504977228
2025-05-01,0.00927968337393792,0.007086979683865069,-0.005070342436539366,-0.02077228754256477,-0.01183538959099284,0.003858746323233131,0.0014200840196321174,-0.01736738350727507
2025-05-02,0.02276318968953439,0.014844134866078829,-0.0108242213257993,0.0017481999132260562,0.010747055959241747,-0.03736166699984034,0.004065159726684975,0.005049748255164577
2025-05-05,0.00019808168316814978,-0.005734324171199123,-0.00558533783548576,0.029867754776654154,-0.007173934415313998,-0.031458456524213974,-0.027681122765567445,0.0006977136561983066
2025-05-06,-0.01310588168766802,-0.00835843551316362,0.0033240939048237994,0.02802400275899264,-0.003419322003574754,-0.001910697305796516,0.013944045022484142,0.0002791333136518137
2025-05-07,0.0005617073093668878,0.00420552756227166,0.004227382534782276,-0.014993060801348546,0.018320739152696497,-0.01138482578047606,-0.0009549901154803919,0.009481164034570666
2025-05-08,0.016360002125269446,0.006967762571935099,-0.011149435218468007,-0.0196942722998793,-0.010425965596158715,0.006318587695328448,0.013956593831911723,-0.01698898987472708
2025-05-09,-0.0015387044269007388,-0.0012741118157988396,0.0014960053974544252,0.007254674259445482,-0.0092509590032811,0.0052660730415103885,0.011690388482895164,-0.009132895598848889
2025-05-12,0.027540615463398144,0.03304742941467098,-0.009305231364125643,-0.028190568373488878,-0.000518678512297921,0.06314609922458425,0.01723985002709827,-0.014038716327691048
2025-05-13,0.011382517332089837,0.006603860821533747,-0.0040582029880555925,0.004258992599597278,-0.03697934586189622,0.01015229570024756,0.0027482499276347827,-0.008197841856198651
2025-05-14,0.009999540160886555,0.001277977174232836,-0.006636655996691387,-0.021037827999516923,-0.01401255447859684,-0.0028178117705190964,-0.008953079063091174,0.0029001790498499602
2025-05-15,0.006964353423230651,0.004884390984280174,0.008790565373401282,0.015963953531585195,0.022205567202573162,-0.004144435260722168,0.010140474000419397,0.03542502732476427
2025-05-16,0.0002617023904059046,0.006334043929497213,0.00267224889273332,-0.012087047232674286,0.011496630614228343,-0.000898511457325113,-0.0035918242224057817,0.005446354822828292
2025-05-19,-0.010016374312174392,0.0010938196429841618,-0.002897099873583664,0.012880671121226372,0.007665352103984668,-0.011739157895545915,-0.015897918133059963,-0.0009722921964113729
2025-05-20,0.0030201189854675015,-0.0033620496266493216,-0.0072050481847987236,0.0186222454642182,0.007672624746873247,-0.009196290225973569,-0.014276399723221034,-0.0033365822215695173
2025-05-21,-0.01746466444499928,-0.016850773587324563,-0.017089823217516287,0.007378683875855163,-0.0031237206490982716,-0.023059040715290968,-0.012291518860237716,0.002231834848188896
2025-05-22,-0.0014173438277514938,0.00039449566516691625,0.005239843830679103,-0.008861493387459118,-0.003721202668482082,-0.0036122341120673473,-0.00665631113912335,-0.009881781518275345
2025-05-23,0.0001533968592548618,-0.006825745833528796,0.0016584546865983096,0.021906288045034472,0.0021622369182805468,-0.030244479231270605,0.0005826649493811953,0.00885574970661862
2025-05-27,0.017567509738517284,0.02079068471986001,0.013956182982481025,-0.016949152542372836,0.010617369365266027,0.025298421663112247,0.004755875960739786,0.00013948558333387595
2025-05-28,-0.006785060662433451,-0.005785451740996206,-0.004315767004827942,-0.002266017869971493,-0.005350784053663404,0.0010488851004830657,-0.013620600756535262,-0.008776679501880214
2025-05-29,0.003339561678526781,0.003947336966600545,0.009255030359109462,0.0059247154716219885,0.007544529964394142,-0.002345136061230768,0.0056802004145311,0.004778504171613074
2025-05-30,-0.0013992547789154486,-0.0011184011499958402,0.0015089097975122812,-0.006576942326457891,0.010613295933547207,0.0045012535107264995,-0.003797764043228846,0.008532660472991616
2025-06-02,0.0024998620920855252,0.005632921295571913,-0.009306774927148154,0.026581051258171673,0.001224218383066411,0.004231977181112123,0.0073312820478090845,-0.0013869371690942156
2025-06-03,0.006083281850145061,0.005702661694633404,-0.0017612958504102938,-0.008855551213511115,-0.006306340398259613,0.0077838415394115845,0.007278078314744585,-0.011666628440731963
2025-06-04,-0.007698905508278675,-0.00026861623700524806,0.016233303250032582,0.006441974072654677,-0.007771002652386616,-0.0022138294743112574,-0.014450829568508516,0.0029510863379846874
2025-06-05,-0.008591429269264705,-0.004832756264298466,0.0006946543957675466,-0.00504987891618125,0.0028716971093984967,-0.010797774052893838,-0.004594421942962779,-0.006445211111164029
2025-06-06,0.014430450150302976,0.010269030973764526,-0.01272414375319586,-0.013416073696802311,0.00891582395899193,0.016398311888850436,0.023961419898999026,0.006204889724091611
2025-06-09,0.003800765468849443,0.0009012287764704752,0.0010545374379082872,0.004718534884218695,0.0012900036570449025,-0.012112573294913553,0.006713409438321216,0.0058863454172384255
2025-06-10,0.006973124216932636,0.005669821601985259,0.005149710553692177,0.000293510988597534,0.007859317560761303,0.006056094961710334,0.021434641484376016,0.008081576717731354
2025-06-11,-0.0016755363089102637,-0.002852077351950366,0.0030275475783114736,0.005412290790508978,-0.007606291087612571,-0.019193789486923962,0.019492703204927242,-0.003870354482534477
2025-06-12,0.00033587946752033915,0.0039742753822695764,0.01195716876135644,0.0124202002480438,0.00901725381481766,0.0021129385173965787,0.0038423082139042997,0.002358972537380488
2025-06-13,-0.012265270598010747,-0.011180059785133145,-0.009636119557764333,0.013100564311248064,0.002808639063474061,-0.013805233102505365,0.021780737917065807,-0.009898214574190711
2025-06-16,0.02041893054829491,0.009514136167775744,-0.010077770946463116,-0.01425909653729851,-0.011966974118164275,0.010028016154186137,0.003210826033586356,-0.0070402612003075404
2025-06-17,-0.0031068604884629814,-0.008545069578243969,0.01216942549076272,0.0005131941200071655,-0.018296697987399524,-0.014010672570188176,0.013513447305786519,-0.012762231227176679
2025-06-18,0.016473686730944737,-0.00015060950756184965,0.0017341034576823233,-0.005385627565021256,-0.010828151716469114,0.004804632818980137,-0.007105151575001578,-0.00588928203858563
2025-06-20,0.0037960967437731252,-0.002348577608368929,-0.001846514478686112,-0.00041901914110908933,-0.00623640782577195,0.022484682623141072,0.013340350665852485,-0.0053460484063310165
2025-06-23,0.011890926128774959,0.009877485739587577,0.0032371699092059725,0.0030631724583116693,0.010214531473052624,0.0024874463490283105,-0.025806448070381238,0.013073914795096453
2025-06-24,0.010744936680500139,0.011047186039507384,0.007260591403743355,-0.015719378751237634,0.005749256550069859,-0.005955377660487704,-0.030427837322434148,0.006739292526716678
2025-06-25,0.00995537426098303,0.0005603844216792719,0.0012588314478649831,0.003037305817845004,0.0005914217233566887,0.006290559785556926,0.0002770012651081011,-0.008261036645059727
2025-06-26,0.016510588355147293,0.007823809728070064,0.005027988676434836,-0.0011070472235482631,-0.001773113745493271,-0.002778166663854331,0.014948768230563791,-0.0022976409519119834
2025-06-27,-0.0056797698177470934,0.0049683222933454285,-0.006367318371289787,-0.018123728993798327,0.0026314706439161117,0.00039799751308722264,-0.005545956881910397,0.012379390246959998
2025-06-30,0.009752310725974489,0.004781279687299023,0.009841006843049671,0.01198454729743359,0.0022308179823282703,0.02034000393268065,-0.014445030238361967,0.005971834191076608
2025-07-01,0.001724849386940619,-0.0003237141327537829,0.002479168407528265,0.008923010663382636,0.020752780267841553,0.01291618357444646,0.013357989097996237,0.013003400218830174
2025-07-02,0.005474911471336608,0.00453326557880418,-0.006353239692479917,0.005527596405484614,-0.002308792842491414,0.022230784557691008,0.016569050815901987,-0.010604022040865413
2025-07-03,0.018582285471492543,0.007881400243543668,-0.006964953354450021,-0.006822911403597365,0.002892845573543079,0.005224968132215846,0.010355735467626692,0.0062051196773567074
2025-07-07,-0.013614743577350485,-0.007451971921066947,-0.009543590919513845,0.000748780548875283,-0.004743341752685537,-0.016857856327623377,-0.009714860671990788,-0.004765335957944372
2025-07-08,-0.03147593106327329,-0.0005477352950125081,-0.0012770350117808915,-0.010443411868664265,0.0033488051637233784,0.00028573694703482033,0.02772029154447897,-0.010843667540999746
2025-07-09,0.0013436799364729968,0.005996656078344209,0.01046143221377105,0.004471282664348264,0.0031454780590556286,0.005380765928293174,-0.003415293812270348,-0.010819907020507946
2025-07-10,0.017763914901917754,0.002820258275139098,0.0006903428350983898,0.0022257895319868215,0.009022349013209974,0.00601490590341025,0.009929633017615513,0.004173859471783947
2025-07-11,-0.004615081443819724,-0.0035154084840562927,-0.013794764184928976,0.009601575193336043,-0.00500999161711857,-0.005884752465364573,0.004350440366409414,0.0014332563142664956
2025-07-14,0.006414352745816032,0.0019080851570825175,-0.002098176822422082,-0.0036553174266280575,-0.0005097718397211182,-0.012028962197125792,-0.01308147316686381,-0.0057248201224777695
2025-07-15,-0.007447207337646811,-0.004273113843065612,-0.00700847278375627,-0.004155705135267751,-0.01052167560518913,0.0023488604461725515,-0.008865786496475292,-0.0015835482638903997
2025-07-16,-0.0025475906805850768,0.0033431741923299896,0.0014114937933966676,0.004988096125243757,0.061932044164257904,0.005021289252517214,-0.006022590588995347,-0.0012976236475169545
2025-07-17,0.014274849920113741,0.006119736739210957,-0.00023501108572032692,-0.0021735334020257513,-0.010923734696662968,-0.0006661748290880398,-0.0050788486642970865,0.019055862160822556
2025-07-18,0.004725503061647984,-0.0007324327901533367,0.0015274625049053192,0.002600924347578637,0.00441784819499369,0.005523257552692229,-0.03483801154124888,-0.010483071288041157
2025-07-21,-0.001029772974780685,0.001896143492131186,0.008916089707800001,0.015370115792427752,0.0040317306633090855,0.006155875978032466,0.0025982401101709574,0.0031495304177180383
2025-07-22,0.0015808836851201047,0.00014309729281114514,0.0060464339711898685,0.009484882235462067,0.02172059545605065,0.00903615217897702,0.004534991097160157,-0.005851013623701773
2025-07-23,0.01828913578910929,0.008507575318954297,-0.005547715553795185,-0.01240118112003663,0.006967192503059438,-0.0011660263965397322,0.012806268711364144,-0.007177822407347878
2025-07-24,-0.0007078409154267495,0.00033102965109055305,-0.0017434774889288907,-0.006118276977772341,0.0027203137850320136,-0.0018211504107996657,0.007823248341388478,-0.0008674706339579785
2025-07-25,0.00698043343333743,0.004224338152491125,0.006287295290936967,-0.0092499926477293,-0.007430959101223045,0.00056135978496763,-0.0035202465337934585,0.0010128709891199517
2025-07-28,-0.0011385725724407658,-0.0002510690047468067,-0.0064793038287902505,-0.00647361832754334,-0.01235888877799296,0.0007949746770590238,0.009420296365957759,-0.015613689605399328
2025-07-29,-0.004157211192167609,-0.002637758576639282,0.01688580462411804,0.002750389076383808,0.011370413158037884,-0.012987679414280251,0.012921673516093746,0.018945375444512136
2025-07-30,0.008719575771142907,-0.0012591754567060631,-0.005153305117594709,-0.017273497289540862,-0.005056244533635734,-0.010507879767783224,-0.008681679919466223,-0.009080296051575232
2025-07-31,-0.011314128793398992,-0.0037511637886928906,0.0005755758766121666,0.0066454015709211944,-0.015066285991815698,-0.007079718520164202,-0.0023235750030974334,-0.012509152091789266
2025-08-01,-0.02319051436581654,-0.016390611285710288,0.014216475403283857,0.020299689958884537,0.015721692622491235,-0.025003555467844718,-0.01791465755992261,0.014287900047680546
2025-08-04,0.016898709953468538,0.015199864928028717,0.002732840973738826,0.005823229257701401,0.022171797124859616,0.004792984751981866,-0.020704108574539304,0.0014521971802583522
2025-08-05,-0.009821155844169427,-0.005070024116712868,0.0030660557416442025,0.0008040912066364925,-0.0017539273167618274,-0.0021146466969287347,-0.0012107672868322261,0.0013052642548612159
2025-08-06,-6.87418082233604e-05,0.007659759469106797,-0.005773746022829429,-0.00212110700071233,-0.000878641893704124,0.050906782152972285,-0.006807250594004555,0.006661770400251621
2025-08-07,-0.0151364068940818,-0.000837636431655131,-0.0017081500301733277,0.008437987494967825,0.0055102768285626436,0.03179364967503995,-0.005257805735704779,0.013235482673837229
2025-08-08,0.006342760762549027,0.007797554830949682,-0.004334198070023776,-0.00022357985855403495,0.010493776167423308,0.04235786562676558,0.00802276163531146,-0.001277909575198688
2025-08-11,0.0027704330748479222,-0.0019774044951013092,0.0011455290773023652,-0.014374701087597641,0.0028271734572697937,-0.008337359373312592,-0.009082375089884298,0.005828888331950832
2025-08-12,0.011362065504348928,0.010646077812391797,-0.005034906252389892,-0.0009074665058316222,-0.0059832933514334385,0.010872419065924843,0.0028346682320101735,-0.0005654279038392884
2025-08-13,-0.007922175655965091,0.0034230360367946133,0.008280463527556847,0.0030492830145867345,0.009491746476644636,0.01602444528652036,0.013850953668024468,-0.003535618589014522
2025-08-14,0.012494514996126416,9.301357079483097e-05,-0.007414165365935865,-0.006338706734070332,0.0017200286223093553,-0.002357234632724192,-0.0020445323794326953,-0.012915065876968446
2025-08-15,-0.012476296759548311,-0.0023411979263346927,-0.007124720274435781,0.0005858183101099534,0.010989030662619914,-0.005112134601489071,0.0009399013719406657,0.005319913358091455
2025-08-18,0.0035801570712412634,-0.00021771255650937515,-0.0028934611402070542,-0.0015612675411803556,-0.002207881577647175,-0.003022531587090427,0.002159816456253072,-0.011298614083799063
2025-08-19,-0.002984147277675042,-0.00542510102815319,0.005803899589585271,-0.005473279447945512,0.008794364933356169,-0.0014292607707683258,0.006559184612582536,0.014465480181490964
2025-08-20,0.0054357363282671045,-0.002657080804944645,0.002192516865743732,0.010122175284489776,0.005849271651501731,-0.019734587754066668,0.010333305522837621,0.008127713833949946
2025-08-21,-0.0026347436666964708,-0.004011809805612443,-0.004951493500895965,-0.0034698951143765644,0.0005032029999083587,-0.004911237335397112,0.006449866239876201,-0.0005657168696926451
2025-08-22,0.01636528990824737,0.015356930140372649,0.007406491163775453,0.01070642694476942,0.002011974473499878,0.012716749948596728,0.01876772148992667,-0.007500713097918332
2025-08-25,-0.0045233728771065795,-0.004401210875694894,-0.00287176446090609,-0.0024148368614391735,-0.004908265095863618,-0.0026343741790885167,0.004133696128124198,-0.017111011819993527
2025-08-26,0.012444991171061126,0.004187065214133812,-0.0005760436694567383,0.007262047243691283,-0.0035005792366349375,0.009464701590599311,-0.0022373194886783354,-0.0029015584850753395
2025-08-27,0.0023779441616460506,0.002278452752666471,-0.0011527513740450246,0.0020187288833615202,0.0016996965776374662,0.005145918125483151,0.01130151213405406,0.0014550580876036001
2025-08-28,0.005981158959574406,0.0035414199062957508,0.006578192568957197,0.007419038046796889,-0.007579494010702348,0.008980879291928812,0.005321369677290022,-0.006828506106422494
2025-08-29,0.0011624673356285253,-0.005963734491660877,-0.0071085636503036564,0.00964990177666114,0.009803245725637177,-0.0018060204541949787,0.00829298913008314,0.009215896500458953
2025-09-02,-0.005706325887824826,-0.0074102526816088865,-0.00744144543934111,0.023642559312442524,0.005023433722845194,-0.01042469754672981,0.003499869101264652,0.0010145997976940269
2025-09-03,-0.000633962148235856,0.005419546163007771,0.01097728289690214,0.007831992196408066,-0.0003369245796420728,0.038089829254487784,-0.024239194822029186,-0.0010135714283280306
2025-09-04,0.01439017382246699,0.008357417548391144,0.007623872728722558,-0.004418882618094533,0.004269673074752456,0.005493291605817241,0.004378487255653596,-0.010726077955425573
2025-09-05,-0.031071099385670098,-0.0028961941058495144,0.015247092990277933,0.01334594055214322,-0.001846089226516856,-0.00037536957821637795,-0.028202859341491804,-0.004249195394476879
2025-09-08,-0.004993572221855924,0.0024565777359784047,0.013324302312037295,0.011388067271604019,-0.0016813036028643369,-0.0075513878695669945,0.005676018226726587,-0.007798710947136689
2025-09-09,0.016865219359341488,0.0023118846201510834,-0.005682852225640467,-0.002269905468609279,-0.006568231660712187,-0.014839387013392824,0.007282730339734478,0.006377014683573989
2025-09-10,0.009031572128213261,0.002890900188266654,0.005715331610604002,0.0035922056391106683,-0.006611658565834122,-0.03225947784379701,0.016719369299702525,-0.0005895081878514175
2025-09-11,0.01670321241414996,0.008310195052279257,0.006685879745557344,-0.0014913797811720864,0.015416123156581252,0.014286370691166894,-0.0032000141994823483,-0.0029488168408895454
2025-09-12,0.004418178053990474,-0.000334630409346115,-0.004316797047181464,0.0019715725978484144,-0.002465037607914944,0.01756295951024689,0.000178411114435173,-0.009021123465351444
2025-09-15,0.006483857744872479,0.0053238689277832485,0.002334493231025858,0.01040483601055886,-0.003706693550876383,0.011235861035975292,0.0016939425870434732,-0.004360842219630845
2025-09-16,0.0009388817671476257,-0.0013767915798059693,0.0021074335391448873,0.0020064107533963593,-0.005298561202709773,0.006125955224930424,0.020738789613595987,0.0004530812760545899
2025-09-17,0.008279758298493256,-0.0012423635595048,-0.0025456649961643762,-0.007715171664187115,0.004193520486888591,0.003527257082143187,0.005319146041897094,0.01207732250912863
2025-09-18,0.004747265595967054,0.0046724054804268,-0.01031942037734368,-0.0040063094596702875,-0.017155709095165728,-0.004644626316983702,-0.011796354353530103,-0.00865154777867927
2025-09-19,0.0049483430557277774,0.004952868450893266,-0.0019062312797498704,0.010607227252210416,0.011655973169188538,0.03203299068174581,-0.009742787987233381,-0.0004514940834242642
2025-09-22,-0.007433688440153352,0.004731049353107419,-0.0035946607180445955,0.01730643093326134,-0.011237926397785869,0.04309567263758818,-0.007090941861729649,-0.0033116708150453533
2025-09-23,0.0009600980464667952,-0.005443470649980853,0.00698989817491702,0.004086375052867464,0.013604239322174694,-0.006443278871197444,0.017228952667485142,0.007551628981820713
2025-09-24,0.002174433200397674,-0.0031816642308674092,-0.0038065596236479537,-0.009063049726670935,0.0006230480838194108,-0.008332328960039437,0.0053532226838644,-0.0038974292419469148
2025-09-25,9.575921627869022e-05,-0.004613467564511753,0.0,0.004165188877066628,0.005885922090155704,0.018072939472633998,0.008990913288762004,-0.007072910049165659
2025-09-26,0.008326682095157967,0.005729127602591033,-0.0008991358384637937,0.00577227044053652,0.01114046523914869,-0.0054890943685314,0.014101693524480652,-0.004698474898435889
2025-09-29,-0.0011707061128138907,0.0028103535347194786,0.008211619762992006,0.016496514338703028,0.010628166654643278,-0.004031963397017835,-0.02559290410840598,0.005634268702795042
2025-09-30,-0.0008236172441806744,0.003766834755358328,-0.0029009552201472166,0.008540004081594166,0.020922857445968335,0.0007861175643599783,-0.0128698772581064,0.004239722957294578
2025-10-01,-0.014963637299440169,0.0034075722246513784,0.00258261534471238,0.0015753722020723782,0.0033977858708276187,0.0032203038937570483,-0.006740659862015552,0.006936154926204363
2025-10-02,-0.010170341508824898,0.0011517326256851312,0.0029118847608595733,-0.003482825151325697,-0.0003762811522031173,0.006576637201686886,-0.006250524109890798,-0.01018269009139694
2025-10-03,0.00806381395343192,-1.4805406382656372e-05,-0.001898413680630262,0.008032937892485048,0.01430264693094796,0.0034612549164674267,0.01770151289608668,0.008320863561536385
2025-10-06,0.002106665278273967,0.003586271966467658,-0.007943593662107284,0.01884573861512795,-0.002544552508638387,-0.005154640398047916,0.008299440439263117,-0.008252198146675216
2025-10-07,-0.004819127069288998,-0.0037075138893177817,0.005751585255940883,0.005159462258136571,0.0038796230138866683,-0.0008180041021813578,0.0005254419282167966,0.010438683116714254
2025-10-08,-0.01189511831594936,0.005963055269571305,0.0007850210829558613,0.01649095687844504,0.0042353356220108385,0.006160338232429563,-0.002100527405090258,-0.010031372665133098
2025-10-09,0.004933742537515995,-0.002896974724933221,-0.0007844053082511904,-0.018452848086064955,0.007327682697899629,-0.015577920734133444,-0.009735029551375507,0.0037810130500881556
2025-10-10,-0.015186548903284858,-0.027027862178845674,0.016147336974767335,0.01009770001194199,-0.0018839637277260346,-0.03452204809648318,-0.019307420625539917,0.01009496931389764
2025-10-13,0.02353006525728496,0.015344118135168339,-0.0005520303634981572,0.02430104394061705,0.0009436784654968111,0.009744415443628807,0.013636665575055495,-0.003580006870603003
2025-10-14,-0.019125314011642858,-0.0012216462876413203,0.003202081191629569,0.007141189222626965,-0.00026180444013512716,0.0004441188177246591,0.00044552617294257857,0.010628837223180199
2025-10-15,0.011950451466736789,0.004439622839291779,-0.0022012472403009076,0.017332403569977117,0.0016767519092162342,0.006336506208048043,-0.006055790796115068,-0.006369533264175331
2025-10-16,-0.023389623273267435,-0.006810318970138396,0.007500594991800558,0.02338727694573106,0.004969288536371241,-0.007579973963228515,-0.008690989239048763,0.007602833652613494
2025-10-17,-0.003282639365214668,0.0056762988463516795,-0.0015327411156551562,-0.01881705572696668,0.005725627453983417,0.019559419889786378,0.014461318222672492,0.012575969858680258
2025-10-20,0.016131073986504374,0.010400500262923273,0.003837648539766203,0.03640197438905224,0.0025876538305280583,0.039438767662544505,0.004098409928138258,0.0
2025-10-21,-0.017429500547240573,-1.503455288609512e-05,0.004915478111722882,-0.06426889260666147,-0.009498225825027684,0.00202092745830873,8.872769332501917e-05,0.04061936104488373
2025-10-22,-0.010030584212953886,-0.005198824867010954,0.0006519682959729156,0.00010605594835544352,0.005524431371720873,-0.016440071254245958,0.017744656326262875,-0.005756779876413987
2025-10-23,0.0014620421528654948,0.005929962705964353,-0.00684322070391552,0.004002358382396931,-0.002436099758659438,0.004372055505519334,0.011071374804727974,-0.012286231220756005
2025-10-24,0.020031198920174687,0.008172554694480416,0.00043747030681084986,-0.0033528327110016187,-0.010754920841737126,0.012481961631328753,-0.005087020739630077,-0.0032887405803403436
2025-10-27,0.012348641116870729,0.011797664492784632,0.003389127950080839,-0.027839530498784404,-0.0005252285000837409,0.022791192752595002,0.004766461437918812,0.005020812459352708
2025-10-28,0.003978183439713678,0.002656016019079832,0.0026148980855054127,-0.007166030388359279,-0.017708873764940014,0.0007067783895675639,-0.007848985275718534,0.0014274625117449702
2025-10-29,0.000491286182563444,0.0004802810674313651,-0.010106613910116358,-0.0037872684129753864,-0.001765320660190417,0.0026022429598195895,0.012344600773871006,-0.0257983005838206
2025-10-30,0.012863715932680986,-0.010998098598900663,-0.005818334752407672,0.01964188672951095,0.01312960826593379,0.006303249053230431,-0.015113731431859345,0.009217491168834968
2025-10-31,0.00542911503594512,0.0032802220875831622,-0.0029813367431307247,-0.005430550723012573,-0.0009520967934139035,-0.0037950435186790976,-0.002877277552855162,-0.0011598492602292731
2025-11-03,-0.005689093389093847,0.0018767398754619968,-0.00250112364891264,0.0017929035935666526,-0.013819012239522643,-0.004882341269010548,-0.005246590002962015,-0.013497830836920022
2025-11-04,-0.00032326635286517025,-0.01185354736001909,0.0022288441780828894,-0.01751719582531963,0.003221333135943638,0.0036797500454426313,0.0033402355909657455,0.010151491738818796
2025-11-05,0.007857682380530084,0.0034653852011290454,-0.010896130951444483,0.011564369498526794,-0.004602404390908532,0.00037036583712879434,-0.0040300503317224345,-0.002184569782064605
2025-11-06,0.00558274596941799,-0.010729363869237507,0.008992661133165436,-0.0012005195756796816,0.005215094692416544,-0.0013697782796735503,0.007213223951158421,0.008027815517071879
2025-11-07,0.0025204533162137555,0.000984565078659072,-0.0021166892143256177,0.006119021470095687,-0.002139289485510787,-0.004818894404181151,0.02375548819163864,0.02157553879377172
2025-11-10,0.008529458003624146,0.01560437034633999,-0.00022326353364043872,0.02734111859838051,0.0098622283892702,0.00454869456011342,0.008530901494518073,-0.00042531960494940346
2025-11-11,-0.004007729282882844,0.002289177027853917,0.004578363425339571,0.003937814406542062,0.028766968184098518,0.02160114657791201,0.013195817764820594,0.015456689417809422
2025-11-12,0.01517646646955173,0.0005563903663643455,0.0017787146506020868,0.016110762091908537,0.0028891026888246962,-0.006466862149501096,-0.013858787421057395,-0.001396564982891646
2025-11-13,-0.03411247895856662,-0.016593996414786205,-0.008211381581960109,-0.008083098515826892,0.004424123184406881,-0.0019014031834500011,0.00567217525216801,-0.006152935276647509
2025-11-14,-0.018967392418583584,-0.0001635496688257021,-0.005705938251263087,-0.018047911171504505,0.003482693327370834,-0.00197850671637112,0.012992572952308823,0.0012665135077427614
2025-11-17,-0.010671601797418995,-0.009316528985265693,0.0024754200501062584,-0.011463979297139493,0.01862908159962129,-0.018171161859606544,-0.01349655870681532,-0.006745465148466523
2025-11-18,-0.003196074651120706,-0.0083974608943449,-0.00033678791678715125,0.007264932736103624,0.0021044775225356194,-7.464669137968727e-05,0.011471750936518976,0.0076400196604626824
2025-11-19,0.012892068184872096,0.0038631762831033978,-0.002020966969630722,0.0016294519610446923,0.0125499658464987,0.0041877290655558674,-0.014114072796207577,-0.0015444699220276137
2025-11-20,-0.01612424214775965,-0.015242318774626007,0.003937797585671143,-0.0002933255655774847,0.0027652697817071026,-0.00860134970367199,-0.002812120835141596,0.0014062752679822044
2025-11-21,-0.001206586184712699,0.009961232480063087,0.0030259831604200205,-0.0015473311468576778,0.004087228043133662,0.019680647235321702,0.0005127606026471554,0.02443476196812422
2025-11-24,-6.69866099478611e-05,0.014718418739979588,0.005698375532608768,0.01584423909859045,0.010544488133396479,0.016317468883471742,-0.009480681209980912,-0.004934962532322396
2025-11-25,0.01677851756491,0.00940592893130443,0.002555154188246034,-0.0003156907704157108,0.00937721155318405,0.003805495657415614,-0.012589498743030503,0.0002756494198437043
2025-11-26,0.015313557904943043,0.006903582418005261,0.004432727671529246,0.007998338908444147,0.004306393793274799,0.002093957526739132,0.0022705543238479287,0.0037184188259777873
2025-11-28,0.017682894070448985,0.0054584342293309,-0.00474419390418257,0.012424331348639184,-0.003083395585486426,0.0046839067924580036,0.01002002050289219,0.0032932418941562513
2025-12-01,-0.013287209450729809,-0.004565470301164498,-0.012448651632072538,0.004821066034977672,-0.007635849085302349,0.01524119743713337,0.006124933787519327,-0.009089803643971273
2025-12-02,-0.003366609350882177,0.0018522768711999316,0.0004504480259301946,-0.006440050713598433,0.00038964775197047885,0.010914832876105063,-0.010717659116543987,-0.017790073118353567
2025-12-03,0.013804165125219203,0.003462749080359595,0.002815068900306361,-0.0009296182229129313,-0.0004381642076319858,-0.007128157809805358,0.020974189690391887,0.0019809447707301864
2025-12-04,0.012718902691460032,0.0007310498015529188,-0.005389534593283618,0.0006461951944911615,-0.01388013007024147,-0.012141479874668626,-0.005602756822066679,-0.0050840212497522685
2025-12-05,-0.0033533925242493767,0.0018994848443159018,-0.0046284768179126745,-0.0017823532991586566,-0.0027163044787670287,-0.006840055245008081,-0.005121957224785589,-0.006387528187695279
2025-12-08,0.0005396567123105989,-0.0030042091058060105,-0.0032892816909179112,-0.002639449868615973,-0.0015351724331837957,-0.003192433705098474,-0.004805299577161026,0.0035714885296194154
2025-12-09,-0.04663544047604784,-0.000863208114894487,0.0010242848745514177,0.005137202012788666,-0.008233257493549861,-0.002555062909471273,0.019572353826043054,-0.002277723825765965
2025-12-10,0.031945542195775944,0.006632325948745521,0.0038649181415020273,0.00425914796716631,0.03290652141574579,0.005772469911613065,0.010909092098001505,0.0017123030790791027
2025-12-11,0.023443298901162812,0.0023269460314641055,-0.0013589152235934376,0.010769830543307712,0.016800628837750464,-0.002690246960942222,0.0,-0.015667390625201283
2025-12-12,0.003591860075829567,-0.010752075575282682,-0.009638325861015873,0.005594579039939651,0.007475820684034407,0.0008992046267306542,-0.006023090659561858,0.020402259181139693
2025-12-15,0.004709298659068439,-0.0015108085502177904,0.000687048600280793,0.0009103412637567754,0.012241291015919309,-0.01498499906996098,-0.008920997001540143,0.006381297344446146
2025-12-16,-0.013967861210784638,-0.002732285145230273,0.005491898150741248,0.00022745542760294057,-0.02273892795806076,0.0018241281266524467,-0.02615494655067152,-0.008454373498198331
2025-12-17,-0.0018063453766493653,-0.011003593983400228,-0.0009101090196697026,0.008588228474273762,0.004921152175137333,-0.010087028861802239,0.02380544455603384,0.0042632296851661255
2025-12-18,-0.0062860902124498574,0.00755126270975226,0.004783517721496766,-0.0018032036998042456,-0.009603977673704356,0.001287574790797441,-0.0074099358629659,-0.004386698098634345
2025-12-19,0.013450402327430444,0.009063506223587092,-0.003732505462159752,0.0011289903434379411,-0.009313090252136114,0.005437411303821804,0.001287048508750832,-0.004263725990169109
2025-12-22,0.01853660192935669,0.00622989400678442,-0.0021701458126595075,0.02308160549906857,0.004603468633660235,-0.009865948891234266,0.012511819059337626,0.002141101951302904
2025-12-23,0.00879010597213381,0.0045704023396588855,0.001602546640689706,0.013252341857567629,-0.007428153205194743,0.005129713035979089,0.010749017598797206,-0.0048427000676460885
2025-12-24,0.00994089571854806,0.003517674396244841,0.0060571597638305885,-0.004134082564786645,0.009719090083900817,0.005323781322749577,-0.0016748086913416227,0.003435056811278425
2025-12-26,-0.0038277523658882817,-0.00010140966545213459,-0.003294327239046546,0.011676735474757116,-0.0007219543779483084,-0.0014973926274014504,-0.0009226057941849053,-0.0034232975895763795
2025-12-29,-0.012686471507801111,-0.0035636535074947684,0.003760963399947137,-0.0435283019531133,-0.000337125731550314,0.001316908213532919,0.011921726355147655,0.004150661372646081
2025-12-30,-0.0010193012365934395,-0.0012211244085722495,-0.0023843969683412514,0.0007275678386380324,-0.0031316363582306606,-0.0024840480713893553,0.0038164696994500424,-0.0012829181682899593
2025-12-31,-0.0037103405970364545,-0.0074089416209803804,-0.007967134360794548,-0.006467991163222386,0.0001933455862588307,-0.00446757506501283,-0.005372337046501641,-0.00228335441910843
2026-01-02,0.010117308447080475,0.0018329931020035772,-0.0014915511442610274,0.004970859258759619,0.0019328584596236542,-0.003126592761770741,0.019195686318152383,-0.011300237285076564
2026-01-05,0.02629953855086753,0.006660117292359935,0.00494089298087852,0.026313174195160993,-0.014661222215699321,-0.013837114156417418,0.022095367401979038,-0.017071829557316343
2026-01-06,0.006224839167100926,0.0059472480516442605,-0.002058099424133597,0.010813149047262716,0.0023493705511323792,-0.018334270451824564,-0.034381009885611324,-0.0014719799205323847
2026-01-07,-0.022772807845484522,-0.003223412281198157,0.005843307810150966,-0.009559953917112063,0.013184310033714564,-0.007737497507594893,-0.02114832148341028,-0.004421993654602607
2026-01-08,0.008563061304545982,-0.00010152731427326422,-0.005012146645661186,0.005522515913727544,-0.00838601827640717,-0.004955093401707855,0.037302828957526124,0.027095103933858944
2026-01-09,-0.0018193423758875449,0.006613382996888628,0.006640125102822525,0.007242001159325273,-0.006609912153779929,0.0012738888084979916,0.013831208350639113,0.016433538063876485
2026-01-12,-0.014277444122410943,0.00157043300066384,-0.0029569792527850414,0.018722729613168898,0.026077526958648845,0.0033929113461488303,-0.0046545667374646715,-0.00014177797919334711
2026-01-13,-0.04188112643568365,-0.0019995067653818532,0.001710974757226147,-0.0014210408732292512,0.018739230950654218,0.003073874731586601,0.02023703229344309,0.010496457789572977
2026-01-14,-0.009745948660904502,-0.0049151644595419874,0.005807377897580901,0.010222226854542216,0.022934798989867167,-0.004175458991876879,0.02892357479748653,0.0028073715316594416
2026-01-15,0.004514954855955988,0.002723208385480236,-0.0002264842602713868,-0.0061276608305878,0.004667123074731494,-0.0067318453757286845,-0.008217996984016374,-0.013437832007836215
2026-01-16,0.01037957688229696,-0.000837905189162047,-0.005775066615504754,-0.004818883830700504,-0.004144451449883513,-0.01037904480746421,0.005885480467530568,-0.0005675726877528708
2026-01-20,-0.03113902321993889,-0.02035680001149731,-0.013097991130678888,0.03783617488689295,-0.0020579537616237653,-0.03455564430294311,0.004388446903649923,0.0185974090860348
2026-01-21,-0.0023120661313811297,0.0115411092816613,0.007616818104379419,0.014568979615140476,-0.0009165951445767595,0.0038508468560267684,0.02414533121193818,0.0036237064906574634
2026-01-22,0.005264063123871843,0.005223257672714476,0.0043524011529787465,0.01846258414950319,0.0022017333200761158,0.002826561879143208,0.0002245462112051566,-0.0019441896879783815
2026-01-23,-0.019464404154289627,0.00036273518897367296,0.0027369350722659114,0.013745304981574558,0.007551795863194544,-0.0012482700788881695,0.009951991457124665,0.014053123787758803
2026-01-26,0.011151475686179468,0.005078142735685631,0.004776474498804806,0.014628847613605389,0.006132494913357434,0.0297129735567756,-0.0009632672853026047,-0.004390738256984328
2026-01-27,-0.0024250174432784988,0.0039842543077575066,-0.006225229475358973,0.02453194232197564,0.013318870872032207,0.011197539980376536,0.014758381549826671,0.013643835873332177
2026-01-28,0.0015316195091061857,-0.0001006645803248718,-0.0022778921823767284,0.038773348494905324,0.014614170340161214,-0.007085403423770176,0.005481211167172262,-0.006662187225772609
2026-01-29,0.018785277715230198,-0.001984377154833794,0.00022828256161711025,0.0027094717415592218,-0.0018883398469721202,0.007175070687510443,0.021296690027909237,0.0050643860755996695
2026-01-30,-0.00172963965455053,-0.002982572514766746,-0.005592403193730444,-0.10274245274560034,-0.00017594133876830398,0.0046461584937966816,0.006334044404567862,0.01879343676398948
2026-02-02,0.007355520871264121,0.004971400525214165,-0.0028570597045332047,-0.04004945911975233,0.015401513864166327,0.04058126002356821,-0.021216352129170724,0.006950967557776355
2026-02-03,0.021775845373529057,-0.008455473390127866,0.0024263661892902633,0.06358720612372104,0.01018423557623871,-0.0019629088916998105,0.03851159348080202,0.020708852761804675
2026-02-04,0.0076862018384213915,-0.004843853725993386,-0.0025357931616991625,-0.0007044119795716064,0.0058772491656997605,0.02601286642781786,0.026855818751763127,0.005982547776823388
2026-02-05,-0.02240996439539278,-0.012489284060324235,0.010861978700512642,-0.026631707613677613,0.014159569094184699,-0.002097593092373451,-0.010231005223689915,0.014996814962250804
2026-02-06,0.03946354478197245,0.01918478647681998,0.0006859284009810285,0.03073229479090611,0.009251945693301566,0.008009748840153375,0.020331365797741086,0.0066233839388305515
2026-02-09,-0.0009304747294303084,0.004821815563577747,-0.00022854526852245094,0.02540290594406658,-0.00562526502125682,-0.01166048390953256,0.014491837868381152,-0.013412691160907042
2026-02-10,-0.011859774587850813,-0.0026371459581814305,0.01154026677702813,-0.009913720520981939,-0.0012152300645732472,-0.003422959769044165,0.0025129582881242563,-0.01487756355292924
2026-02-11,-0.023438490009594637,-0.00023112214366449724,-0.005309085903064337,0.011310577541873812,0.010530740519032022,0.006650117732854843,0.026189084387423733,0.023304269681378775
2026-02-12,-0.02631733644129297,-0.01544885969788623,0.01328653724924389,-0.03472828959819363,0.015320131393375513,-0.04998173910671744,-0.029767761278130633,0.005089084804767996
2026-02-13,-0.0002974903603247814,0.0007044991031190939,0.005491392091980796,0.024878663914389865,-0.004498098533082029,-0.022733450234726726,-0.009871235092451358,-0.004050595003623481
2026-02-17,0.015138027414531408,0.0016134830190519533,0.0016719212184552745,-0.03117025433910059,-0.0004929142467997583,0.03166790148756515,-0.015223895115815345,0.011184464462449917
2026-02-18,0.005372250834655201,0.005037707550576753,-0.0037832415278369336,0.022489929267582198,0.0068220308812356745,0.0017811375828364895,0.03071336442023953,-0.0008798461017589521
2026-02-19,-0.002364231324463506,-0.002637433731113581,0.001005246834588025,0.0027930496262249527,0.007836989707255881,-0.014261551090285374,0.0019246787699103152,-0.007296489907679726
2026-02-20,0.008894804889022057,0.007231939581382241,-0.0023432493421807754,0.019714504323102178,-0.017901214742469418,0.015350449692731916,-0.024441991405953267,0.01178558789398454
2026-02-23,-0.04221500565994296,-0.010211366038766267,0.0036908231458843144,0.027015500392687075,0.013814946584348453,0.006047257970275721,0.023628491290873965,0.00901802442844013
2026-02-24,-0.0012430563929834992,0.00726847527019836,0.0017829332278731513,-0.01385890426498504,0.007115489805411324,0.02239103564464129,-0.00994966372170536,0.001986222739102539
2026-02-25,0.020181667132352255,0.008438306300538434,0.00011135928707917131,-0.0025072627221415233,-0.004507065528890797,0.007679860855135612,-0.0013398578585576137,-0.0030971773886894205
2026-02-26,0.00933074592937988,-0.005554445579207146,0.004003906131807344,0.008575889154321725,-0.006933955783152701,-0.0046676776162442035,-0.0034886340611473,0.00037278521864325675
2026-02-27,-0.01904426117671354,-0.004801940858611298,0.006092854094136069,0.01313141674919538,0.02037206746427689,-0.03213044438249635,0.026659598092395154,0.013167572318833809
2026-03-02,-0.00912415181227677,0.0005686124327104469,-0.010042081281831594,0.012919896640826822,0.0005232885326853509,0.0020440108677830526,0.011278690083532883,-0.016429523640789312
2026-03-03,0.009073762373418282,-0.008814339520359149,-0.0020086982209081006,-0.04461221500318879,-0.007281952172203177,-0.003664168116717992,-0.015497333153763782,-0.01096985081249624
2026-03-04,-0.0028974061672935036,0.00705526576749449,-0.00313090189690568,0.007818116439543887,-0.005876342371654575,-0.0046635601744375865,-0.013238460348413805,-0.015628853727170267
2026-03-05,-0.019506440877797182,-0.005575491873376914,-0.004038125395655068,-0.012017768242597704,-0.023114533632765055,-0.008494547048829904,0.006274141468621597,-0.01370050560317293
2026-03-06,-0.013864691959295072,-0.01310712873041986,-0.0037167540109821484,0.01583250339069653,0.0032132123593111572,-0.010872595974432131,0.002984939876281789,0.00012987793782337498
2026-03-09,0.0015200543179132442,0.00875996072290297,0.008704546015823489,-0.0020696732193965506,0.009109807903278533,0.009399570490431275,-0.005092304689750193,0.009865025774010716
2026-03-10,-0.004104644959157855,-0.0016071058958396778,-0.010646596529769847,0.01127967872100144,0.004616931693298243,0.0036555398041986376,-0.015354902720048136,0.0010282431471573261
2026-03-11,-0.004190927525510646,-0.0012551345486657706,-0.012913504895611494,-0.003390104145245987,-0.0029543873127018117,-7.670678451010549e-05,0.02329025727098477,-0.0032100212624819324
2026-03-12,-0.01610307770092656,-0.015184966271003186,-0.001950862863870917,-0.019653925633074443,-0.003909677012704615,-0.01936274610273281,0.012864530415857,-0.0002576486133036848
2026-03-13,0.0019441943253268867,-0.00566013575260893,-0.00494423329555338,-0.012936961278600778,-0.002148351321223707,-0.022051876328148534,0.016869575258289915,0.003373107981295531
2026-03-16,0.009596336831564134,0.01017686501045656,0.007742075709884277,-0.0008896876689684641,0.006914522575214965,0.010794859745288043,0.007109961700376477,0.006206364524507402
2026-03-17,0.002551115996153097,0.002630544991105488,0.0027518807197972617,-0.00251939204778584,-0.020889006544951627,0.005577047742174601,0.010048992858355144,-0.003083992240042077
2026-03-18,0.0029627319339777802,-0.013953644515257158,-0.005603111378958081,-0.03163716142328721,-0.003485794183459623,-0.016874444795081822,-0.007682146137123036,-0.02075284836612379
2026-03-19,0.0007992643855008197,-0.002464288275344284,0.006094722720583645,-0.041215062676522196,0.001348643485331813,-0.003920930967820202,0.0036170120053331534,-0.005528387211086505
2026-03-20,-0.00489618556543292,-0.014335787930812693,-0.01897351006571457,-0.0305574415876555,-0.00938554792261681,-0.0038962445152317393,0.009547273778944598,-0.010589119772431377
2026-03-23,0.011690279368677725,0.010499991225476402,0.006524534993637143,-0.02259421410703788,0.0002124274075954169,0.014113480475494988,0.009143907680765118,0.004816132997753186
2026-03-24,0.00858889146089048,-0.0033568144771775055,-0.004398763077112955,0.00022274115430986896,-0.0006371468753272325,0.0005964238375686381,0.026376193256980818,-0.005858102889436556
2026-03-25,0.010328428537211387,0.0055726882440485515,0.00964999656383414,0.030089336389747867,0.01980700157751003,0.0038944425565474727,-0.012818994405623618,0.007767501069221749
2026-03-26,-0.012727681578398986,-0.017858729983344035,-0.008406165056295323,-0.0375939695290467,-0.0028757579806601985,0.0010688333127271132,0.013291648141221524,-0.007441812908849932
2026-03-27,-0.03024072633607411,-0.01705189415742525,-0.005458193137448997,0.03509384246336822,0.005057610795283107,-0.016173068672430957,0.03360941870519185,0.013656362393707822
2026-03-30,0.0032880668110599753,-0.0033433906874337227,0.013311496526826172,-0.00028942761329309175,0.008484159105459632,-0.008721851736991582,0.002807163374213051,0.007396598086188977
2026-03-31,0.03661416754282243,0.029067865784757174,-0.0010370576023588374,0.037893826237359374,0.00804154027924775,0.029031290418426448,-0.010555741608490044,-0.0028844028007601885
2026-04-01,0.004147398728892249,0.00753449141030349,-0.0009844268251663069,0.017499822514495555,-0.0013091397378595104,0.007250134515282447,-0.052339947978418455,0.00039448380980688924
2026-04-02,-0.002640680795986672,0.0009004595313388819,0.006144239346246083,-0.019208815315471806,-0.0044240441335712255,0.0011344553655323608,-0.0005598211782673612,0.008412201507288719
2026-04-06,0.008017798550562727,0.004726845083763864,-0.0016131842808549957,-0.004098669687746526,-0.008517129511906751,0.011487876222620041,0.01667803857807426,0.006517145803409452
2026-04-07,0.006600097448735687,0.0004400005646272298,-0.00011540727145953333,0.009727589667910319,-0.010623677748186844,-0.0207060792616357,0.0033054882558405385,-0.01696443238629286
2026-04-08,0.03554131170863384,0.02546963651219092,0.003231865630481945,0.00629906958171822,0.012121972862090713,0.021301735790709264,-0.0469160615120342,0.018179418057121977
2026-04-09,0.0076630179280876565,0.005769017699185586,-0.002531161704951712,0.007778530578574028,4.1403229871672664e-05,0.006141348347641795,-0.007553437836438803,0.011514997314111097
2026-04-10,-0.0014822259329182463,-0.0006617754265585418,-0.0024221550291355642,-0.0017811851128632927,-0.011810497821745924,-3.834482173115106e-05,-0.01631844232987434,-0.009081592704553443
2026-04-13,0.01229546105901469,0.009772447246481741,0.0030061399444860637,-0.004049183335572026,-0.0020968116762440925,-0.004913954203973225,0.0008524794530593294,-0.013682611078787765
2026-04-14,-0.008161195883457983,0.012184877209840739,0.005302614883985202,0.022349346089928224,0.008993102697498534,-0.001427586909096612,-0.022274613211083927,-0.006674628372763003
2026-04-15,-0.01668164506679881,0.007890969227043909,-0.004357227346368342,-0.010402401583740839,-0.005955877761235184,0.02936295529114563,-0.0015411767067384785,-0.007773446775051984
2026-04-16,0.013140301225801565,0.002457347646937613,-0.006334241051640377,-0.0008627455164704756,-0.017304229491238332,-0.011372633634406881,0.01993157920727917,-0.0017260910039142985
2026-04-17,0.0010969357503831656,0.012085686101644066,0.009156271541616912,0.013293051904224695,-0.0015349161024200697,0.02593021154924191,-0.036452191056455696,0.0074487418317292775
2026-04-20,0.02159270356483467,-0.0019997351150194964,-0.00022978975610910002,-0.008611208936292858,-0.014903015584691093,0.010435475371396441,0.008467550271490154,-0.003432785432661789
2026-04-21,-0.012587150870674635,-0.006546892848539487,-0.005514005727006777,-0.028320000717914406,-0.0196367760884244,-0.025196703995697067,0.004604650712823677,-0.010333931850435185
2026-04-22,6.385654138285624e-05,0.01012671209511895,0.001963647344588315,0.013245809401007946,-0.00026525308734171027,0.026298995241013978,0.007683974480842126,-0.0009370629039966438
2026-04-23,-0.004248833052150736,-0.0038807408683984024,-0.002190285086659971,-0.00969535708776803,0.020123790467088787,0.0009516944880663125,0.0068896321963785034,0.022109128233705144
2026-04-24,-0.010940380150622708,0.007749309237231605,0.0018485603383555649,0.005127114447075254,-0.013657059679457184,-0.008667702544387423,-0.010761917027958812,0.004588367163997242
2026-04-27,0.01086669445655386,0.001722787837563633,-0.004959078348952928,-0.007755303754327758,-0.009494484857008989,-0.012727861582673916,-0.004835155130816782,-0.015529154628795339
2026-04-28,-0.00057753054980203,-0.004865992267119479,0.0010431195427158535,-0.0185629131043068,0.010872454453272784,0.011584102768505522,0.0159929614507357,0.03857362319905633
2026-04-29,-0.007063802772193428,-0.00015450932498595193,-0.007757353637483422,-0.010665781709228828,-0.001931606926378393,-0.001994705758897819,0.02729808106235354,0.006636962809154046
2026-04-30,0.01286987049440036,0.009949633527564838,-0.000933492612911424,0.014973287523456946,0.010996319732185178,0.004367659937803081,-0.002198226559964156,-0.0013946581816928205
2026-05-01,-0.0024263326381473993,0.0027690952923506984,0.0035754234651741434,-0.0011330099187528697,-0.011572835317945729,0.03239351812191993,-0.010237822397487384,-0.002285461580466608
2026-05-04,-0.01542553598523233,-0.0036633921467564834,-0.007592594887455784,-0.02001512681908013,-0.013160780695198215,-0.011815603186417278,0.0061538941189072105,-0.004963078856082159
2026-05-05,0.005688299482735193,0.008022228723942426,0.0055320437688115565,0.008584306218673232,0.006021430537417105,0.026550690927708454,0.00774285199079916,0.0037089096618732054
2026-05-06,0.01777636689210116,0.013899399692774095,0.0076085923613695705,0.030339261182306565,-0.0041232565207836025,0.011717924952267644,-0.039966430551094834,0.009556536325268095
2026-05-07,-0.027405562904829983,-0.0030660824190705815,-0.00499530280958882,0.001670691560653248,-0.009393694034258826,-0.00024350711440246364,-0.014190627753102536,-0.010097190241298515
2026-05-08,-0.01361536214096759,0.00825609701116825,0.005020381133570506,0.004841540894530816,-0.005348012936037483,0.020456497888878378,-0.013712618052667547,-0.00012756960228832437
2026-05-11,-0.006951422136867502,0.002277563042387465,-0.006040928921091204,0.0020287362083613036,0.0004969667140473089,-0.0012626705737772692,0.035346173729486674,0.003060592325518474
2026-05-12,0.016266698193691642,-0.0015149526145865622,-0.006661947667267021,-0.003957209812161411,0.012780538949712428,0.007243389265544797,0.0063469281852877035,0.017416657929833157
2026-05-13,-0.01518625903724935,0.00559483781461112,-0.0022354819854379926,-0.005612899814961825,0.02746816512514605,0.013805995565634221,0.006240504976167571,0.0028739056505400207
2026-05-14,-0.0011323737917798837,0.0078943149045545,0.00141497032805038,-0.007642296271595517,0.00164921060077039,-0.00220833028705536,0.007983012925278699,0.00236731339492402
2026-05-15,-0.007002182681687286,-0.012029343756796207,-0.014837463068841261,-0.02322039069444226,-0.017721001185035057,0.0067738157309671365,0.0406589665169379,0.004599173874371143
2026-05-18,0.009804966055655173,-0.0007035093177317764,-0.0011953322496193186,0.00273187497307803,0.009748111179074481,-0.007960612067346995,0.016274109384609492,0.004701725416461411
2026-05-19,-0.01672598122328084,-0.0066607880874933745,-0.006462408602854852,-0.016561892782745558,0.0047177950854322415,0.003793999787491842,0.012835675045705486,0.008867046968010328
2026-05-20,0.021237827780780094,0.010248994582563453,0.010720357660096935,0.014337773746013083,-0.0029564782698280334,0.0109709963070026,-0.038572772406928246,-0.004516550954165366
2026-05-21,0.0033776595528693942,0.0019830877010671433,0.0036944163227163873,-0.0009822799906678004,0.010509290139404603,0.009065310949131433,-0.006334818920508023,-0.0046598258400802894
2026-05-22,0.011155101734823258,0.003931549076803931,0.005461802797472659,-0.0076020599640160835,0.011263116632473036,0.012557845216167651,-0.0023826075934316737,0.0038192711760107745
2026-05-26,0.0011749537442633518,0.006638641352187502,0.004959868848041893,0.00043495402009452455,-0.012103035726260702,-0.001586751960143129,-0.03298477066065375,-0.012518520459158466
2026-05-27,-0.02432027250362001,-0.0001732421647460125,0.0023502115063884776,-0.013309202332427494,0.004822315777527342,0.008173125031610828,-0.012749507330859777,0.014417180636625782
2026-05-28,-0.008520381291236778,0.005516578600909927,0.005158233968638903,0.010477609933210896,-0.002118510305669896,0.005340207912225559,-0.0063555593063451266,-0.01482482193373702
2026-05-29,0.008694742151130974,0.0024914048034492264,0.00023339237930386503,0.010538571648365469,-0.023700178285857576,-0.001439992937726342,-0.011567856078975258,-0.017410801679544008
2026-06-01,-0.00912103426891464,0.0027231134609038143,0.0005383893767152426,-0.014048680044494555,-0.008077074998576128,-0.018425943872925732,0.028363007929087303,-0.004682899162122056
2026-06-02,0.014768341793673478,0.0013579397972762752,0.0021060787433517802,0.001677776649860796,-0.0027739033261376944,0.02902293336585271,0.001204931516252561,-0.002924703221176883
2026-06-03,-0.0003653631645685884,-0.00701718232049986,-0.003969688711890074,-0.009904155768766798,0.001570308692512512,-0.015672595971098935,0.0198582593553438,0.00446372436842335
2026-06-04,0.033372080535216675,0.0037786857621391334,0.0022271676938250273,0.008335974543818736,0.022083822587668722,0.0031264139436979477,-0.0032125188296440177,-0.024631839554786428
2026-06-05,0.004760511625581776,-0.025809371248925683,-0.00514624663884089,-0.036545333189379026,0.02016043362593889,-0.012498841728371679,-0.013943667526989167,0.034626402888340735
2026-06-08,-0.004033725371046182,0.002264172608771542,-0.005172777465239142,0.002599431669397134,-0.0026206151959233814,-0.01887156849768501,0.012206522501370776,0.0007549193176357161
2026-06-09,0.005110785750300106,-0.0029354505508077944,0.00590878240803594,-0.01633647245916592,0.020847675144487265,-0.03644631040831148,-0.018714967630251267,0.022630012639752284
2026-06-10,-0.011384721351222371,-0.015765562508027298,-0.00281959140124477,-0.04145558180468856,0.006286943009131241,0.003544996808021894,0.011483388711468034,0.027661652917340573
2026-06-11,0.014071240233745508,0.016996847886747934,0.012959502827969871,0.03134182597256374,-0.0006709030081932799,0.013889904990249002,-0.026689610569593958,-0.012680846560691017
2026-06-12,0.023063020107523702,0.005408247901529384,-0.002442443077200429,0.0005694792310315666,0.010657463460824967,-0.015221729613622226,0.002796646563785421,0.001090530499684661
2026-06-15,-0.004115760495236875,0.01763396989375332,-0.0005829111416291166,0.025896360083728975,-0.021629889818959858,0.018170605764429082,-0.04142572998740868,-0.014374470071240819
2026-06-16,0.03675641092824922,-0.005961562844234103,0.005482953639441401,0.002723533282284585,-0.0020368793128610063,0.009513449426140408,0.006670468731338586,-0.007786489362223814
2026-06-17,0.0070060237177231866,-0.012487870885051433,0.0016243576710675,-0.02270955075927472,-0.004167002968190725,-0.010994446379867018,-0.007895073398905494,-0.004359721966156194
2026-06-18,-0.024710573715507,0.010396992441959574,0.004864992834276327,-0.003808571701190089,-0.024807846431687874,0.006960626705947437,-0.020818586188790733,-0.0067559228508145
2026-06-22,0.019248533511496246,-0.003146979693962715,-0.007608139924100477,-0.0065354381359996605,0.012697552012935542,-0.0033555919842641613,0.0047892291836719725,0.0017634386034104388
2026-06-23,0.008024618744603806,-0.014521954010491611,0.0012777445802372167,-0.018903219228002532,0.03368069856478706,-0.00912434558954689,0.009099404172226988,0.009807604567698247
2026-06-24,-0.002064954886221937,-0.0004635170636431152,0.013689110194512022,-0.030213064971900017,0.008030776954327079,-0.004145434153267291,-0.020253359461721687,0.0036110188562235024
2026-06-25,0.005008141585630899,0.0014456352254532678,-0.0003432674663504942,0.009674185334065832,0.016099605322873467,-0.06117781321571136,0.004748058321791815,-0.002233254448926303
2026-06-26,-0.018112939266905714,-0.007231373616869652,0.0001144910015857814,0.011286779419095394,0.03993792300019372,0.03136472859984596,-0.007342855276018745,0.02748071542889008
2026-06-29,0.0010333563941116175,0.016474862380159383,0.0010301257433611433,-0.013516094115971211,0.015118220561340934,-0.007188697419469814,-0.003515422228952292,0.0002420945555594578
2026-06-30,-0.006254044887290422,0.007786800986842035,-0.011778126014661217,-0.0005425733809176769,-0.017562215672182413,0.02704619642688466,0.004850828119595807,-0.01669697347047716
2026-07-01,0.020590950646787842,-0.001352504438058455,-0.006759433580661112,0.006026389031102086,3.9353099924754886e-05,0.017348699838890536,-0.0032182741184734187,0.00024614585071036643
2026-07-02,0.001197315436734403,-0.001314069480687241,-0.00011686748395989266,0.020318398961908235,0.03567215123155654,0.0484068203126522,0.005943627574472865,0.035059643769504545
2026-07-06,0.014265549396600186,0.008727409093039817,-0.0007017329726256571,0.01057837238078907,-0.014104401810124845,0.01305770247720095,-0.004741366356756704,-0.014024249034175207
2026-07-07,0.004441549196311012,-0.004751899671231685,-0.010532404079891422,-0.012142502784779907,0.030501693100212224,-0.006396724801939757,0.03847845137832362,0.013138910068878795
2026-07-08,-0.025352296658711193,-0.0030894297130047432,-0.0022472198054201975,-0.008053135463158223,-0.014369093242829645,0.008787777487112347,-0.003952272912306043,-0.007733509842690167
2026-07-09,0.01466942766663748,0.00846525000257925,0.001540982129888846,0.009961224054354512,-0.01632493505166377,0.009030238488741738,-0.02600437923879262,-0.00923266496850128
2026-07-10,0.002980892468361418,0.0043101596888019955,-0.0002366746783287743,-0.003093719744077905,-0.008182150008674727,-0.0028461004775477416,0.010330264073834527,0.010407849920580636
2026-07-13,-0.005765751580729228,-0.007656174850540931,-0.005919261190651559,-0.02620621369961662,0.0030740835612532713,0.0063110179758709695,0.04053851833295985,0.00910291239281813
2026-07-14,0.02499033240560311,0.00355064169730146,0.0013099989133313894,0.013673600487310367,-0.015207289743680574,-0.0077211944971219415,0.004013575898567101,-0.013887218622496311
2026-07-15,0.011723843920603993,0.003963635929681075,0.001902902345748414,0.0005374505181017231,-0.02690565951087487,0.040144874663333496,-0.003997531502474949,-0.007583111084826788
2026-07-16,-0.010838574056478478,-0.005418617756386079,-0.000356110874378035,-0.01984695723728025,0.011942340285074238,0.017587816078244334,0.009964725597841895,0.029957565944528364
2026-07-17,-0.00597402835328964,-0.009897156017872222,0.003681244056098265,0.009453124418586922,0.012281441974787644,0.0014402582208634662,0.00966086804790689,-0.03956665900612666
2026-07-20,-0.006537704328423155,-0.0016143782471810253,-0.0074538248750587455,-0.0021986307389650905,-0.016677150149708497,-0.021423845225929217,0.006786102034867625,0.006866174653646473
2026-07-21,0.018768306314465022,0.008341309298597777,-0.002741634631212575,0.019613686984128575,0.00719392827523091,0.0035212159263280363,0.022580251346277613,-0.0018266137464925114
2026-07-22,0.008631869692429461,-0.0011627413779321527,-0.0026297060850209997,0.011499153135369422,0.02003114105676107,-0.0056446440503478135,0.018060708675221138,0.0028058524352074787
