Date,Portfolio Value,Running Max,Drawdown
2016-01-05,0.9991729133703073,0.9991729133703073,0.0
2016-01-06,0.994491271068597,0.9991729133703073,-0.004685517630695847
2016-01-07,0.9777214413546854,0.9991729133703073,-0.02146922892781793
2016-01-08,0.9701971153177417,0.9991729133703073,-0.02899978338566794
2016-01-11,0.9675416745891101,0.9991729133703073,-0.03165742221183917
2016-01-12,0.9765520288637564,0.9991729133703073,-0.022639609424807697
2016-01-13,0.9672477169726164,0.9991729133703073,-0.03195162315800194
2016-01-14,0.9785588888975434,0.9991729133703073,-0.02063108816994532
2016-01-15,0.9678942722503165,0.9991729133703073,-0.03130453268041954
2016-01-19,0.9669226685050485,0.9991729133703073,-0.03227694069135205
2016-01-20,0.9564241823817772,0.9991729133703073,-0.04278411715979623
2016-01-21,0.9570223329868178,0.9991729133703073,-0.04218547142287065
2016-01-22,0.9754396511565405,0.9991729133703073,-0.023752907926329003
2016-01-25,0.966094343066034,0.9991729133703073,-0.03310595179436567
2016-01-26,0.9831245250947003,0.9991729133703073,-0.016061672670323185
2016-01-27,0.9730155258635532,0.9991729133703073,-0.026179039840584454
2016-01-28,0.9781720905301381,0.9991729133703073,-0.021018206717925755
2016-01-29,0.9965876535497573,0.9991729133703073,-0.002587399824350413
2016-02-01,0.9925905467970603,0.9991729133703073,-0.006587815267173431
2016-02-02,0.9808136569391247,0.9991729133703073,-0.01837445369616264
2016-02-03,0.9931592901505215,0.9991729133703073,-0.00601860112430519
2016-02-04,0.9998911892089625,0.9998911892089625,0.0
2016-02-05,0.9909898663620652,0.9998911892089625,-0.00890229151227876
2016-02-08,0.9964448807262265,0.9998911892089625,-0.00344668351909614
2016-02-09,0.9968550484373001,0.9998911892089625,-0.0030364711724926072
2016-02-10,0.9927713145756298,0.9998911892089625,-0.007120649436830557
2016-02-11,0.9907331253023699,0.9998911892089625,-0.009159060511211958
2016-02-12,1.0056148078305818,1.0056148078305818,0.0
2016-02-16,1.009660361871811,1.009660361871811,0.0
2016-02-17,1.0163804563616976,1.0163804563616976,0.0
2016-02-18,1.0192344593342813,1.0192344593342813,0.0
2016-02-19,1.0196176848034015,1.0196176848034015,0.0
2016-02-22,1.0229443451752842,1.0229443451752842,0.0
2016-02-23,1.0121774436751,1.0229443451752842,-0.01052540302018012
2016-02-24,1.017014911820752,1.0229443451752842,-0.005796437882958418
2016-02-25,1.0253959875420566,1.0253959875420566,0.0
2016-02-26,1.0202848764752492,1.0253959875420566,-0.004984524153501978
2016-02-29,1.0152574404220258,1.0253959875420566,-0.00988744567289911
2016-03-01,1.0325138457998313,1.0325138457998313,0.0
2016-03-02,1.0384013346714678,1.0384013346714678,0.0
2016-03-03,1.0426456484894204,1.0426456484894204,0.0
2016-03-04,1.0442506878944675,1.0442506878944675,0.0
2016-03-07,1.046720623103479,1.046720623103479,0.0
2016-03-08,1.039970872628349,1.046720623103479,-0.00644847376286256
2016-03-09,1.0414467922333561,1.046720623103479,-0.005038432179243893
2016-03-10,1.0432868523694425,1.046720623103479,-0.003280503563458429
2016-03-11,1.0464992307928327,1.046720623103479,-0.00021151041238664028
2016-03-14,1.045452813375524,1.046720623103479,-0.0012112207402542794
2016-03-15,1.0488921870644503,1.0488921870644503,0.0
2016-03-16,1.053189067065214,1.053189067065214,0.0
2016-03-17,1.0567117786559,1.0567117786559,0.0
2016-03-18,1.0617912439766843,1.0617912439766843,0.0
2016-03-21,1.058992449686931,1.0617912439766843,-0.0026359176586078907
2016-03-22,1.0602325797564809,1.0617912439766843,-0.0014679573118025076
2016-03-23,1.057149877389997,1.0617912439766843,-0.004371260935722375
2016-03-24,1.0557184985977814,1.0617912439766843,-0.00571934023128585
2016-03-28,1.056415542496714,1.0617912439766843,-0.005062861000658511
2016-03-29,1.0673281893219988,1.0673281893219988,0.0
2016-03-30,1.0685859022255846,1.0685859022255846,0.0
2016-03-31,1.0650635525586574,1.0685859022255846,-0.0032962718856678567
2016-04-01,1.0696743913694164,1.0696743913694164,0.0
2016-04-04,1.069046489888611,1.0696743913694164,-0.0005870024428664148
2016-04-05,1.065329599171448,1.0696743913694164,-0.004061789487552544
2016-04-06,1.0702947047478824,1.0702947047478824,0.0
2016-04-07,1.0632530886665283,1.0702947047478824,-0.006579137549795431
2016-04-08,1.0663010452964938,1.0702947047478824,-0.003731364299638634
2016-04-11,1.0679152544358081,1.0702947047478824,-0.0022231730209622087
2016-04-12,1.0755007430878747,1.0755007430878747,0.0
2016-04-13,1.0828758101122067,1.0828758101122067,0.0
2016-04-14,1.082469410886808,1.0828758101122067,-0.00037529624505744125
2016-04-15,1.0806298115438535,1.0828758101122067,-0.002074105402835105
2016-04-18,1.081306623213773,1.0828758101122067,-0.0014490922077862042
2016-04-19,1.0889066331333512,1.0889066331333512,0.0
2016-04-20,1.0846075936141297,1.0889066331333512,-0.003948033181551047
2016-04-21,1.0785691198217615,1.0889066331333512,-0.009493479970677846
2016-04-22,1.0804816338574974,1.0889066331333512,-0.007737118150902176
2016-04-25,1.0789661533605812,1.0889066331333512,-0.009128863274683232
2016-04-26,1.0780610566286133,1.0889066331333512,-0.009960061014165716
2016-04-27,1.0735790446858196,1.0889066331333512,-0.014076127356691942
2016-04-28,1.0691339846908043,1.0889066331333512,-0.01815825878996686
2016-04-29,1.0695733768774138,1.0889066331333512,-0.017754741928888394
2016-05-02,1.0723926126367476,1.0889066331333512,-0.015165690054696639
2016-05-03,1.0702072208693452,1.0889066331333512,-0.017172649789264412
2016-05-04,1.0654719713647907,1.0889066331333512,-0.021521277449772575
2016-05-05,1.0661008985465394,1.0889066331333512,-0.02094370067449017
2016-05-06,1.0685859429349032,1.0889066331333512,-0.018661554241776325
2016-05-09,1.0666437327706948,1.0889066331333512,-0.020445187571862318
2016-05-10,1.0761441729680503,1.0889066331333512,-0.011720435689308525
2016-05-11,1.0732521783917366,1.0889066331333512,-0.014376305796364402
2016-05-12,1.0706179001504963,1.0889066331333512,-0.016795501493299506
2016-05-13,1.0666943005372533,1.0889066331333512,-0.020398748543005427
2016-05-16,1.0761063188261881,1.0889066331333512,-0.011755199130645334
2016-05-17,1.0716392676396744,1.0889066331333512,-0.015857526227009564
2016-05-18,1.0727915995339907,1.0889066331333512,-0.014799279487341504
2016-05-19,1.0705631127760944,1.0889066331333512,-0.016845815609069236
2016-05-20,1.0720731574163613,1.0889066331333512,-0.015459062517188664
2016-05-23,1.0726867544769783,1.0889066331333512,-0.014895564195159637
2016-05-24,1.0777875942660444,1.0889066331333512,-0.010211195826139422
2016-05-25,1.0839440437082863,1.0889066331333512,-0.004557405817967089
2016-05-26,1.0840005740444536,1.0889066331333512,-0.0045054910491089065
2016-05-27,1.0848035585584002,1.0889066331333512,-0.0037680683082482376
2016-05-31,1.0819110791764441,1.0889066331333512,-0.006424383637720386
2016-06-01,1.0823169578582714,1.0889066331333512,-0.006051643983578173
2016-06-02,1.0836546643004505,1.0889066331333512,-0.004823158086371501
2016-06-03,1.0878503336160101,1.0889066331333512,-0.0009700551775514248
2016-06-06,1.0935956401557274,1.0935956401557274,0.0
2016-06-07,1.0960170312746116,1.0960170312746116,0.0
2016-06-08,1.1004012147976365,1.1004012147976365,0.0
2016-06-09,1.1036760115858928,1.1036760115858928,0.0
2016-06-10,1.1001758978709555,1.1036760115858928,-0.0031713235389685818
2016-06-13,1.096549784054215,1.1036760115858928,-0.00645681110839573
2016-06-14,1.0938174354034629,1.1036760115858928,-0.008932491128681812
2016-06-15,1.0931465549183952,1.1036760115858928,-0.00954035111478742
2016-06-16,1.0966974494439392,1.1036760115858928,-0.006323016962129995
2016-06-17,1.0904159154899618,1.1036760115858928,-0.012014482471968707
2016-06-20,1.0913211193877952,1.1036760115858928,-0.011194310711115868
2016-06-21,1.0915315266451027,1.1036760115858928,-0.011003668479973108
2016-06-22,1.089545063643455,1.1036760115858928,-0.012803529110080801
2016-06-23,1.0952501191400326,1.1036760115858928,-0.007634389401789122
2016-06-24,1.0782370811809958,1.1036760115858928,-0.02304927364357888
2016-06-27,1.073265798622379,1.1036760115858928,-0.027553568841110133
2016-06-28,1.087486581116624,1.1036760115858928,-0.014668643967359394
2016-06-29,1.0987180953611315,1.1036760115858928,-0.00449218445695594
2016-06-30,1.112560289532018,1.112560289532018,0.0
2016-07-01,1.1159289115130528,1.1159289115130528,0.0
2016-07-05,1.1134871287342016,1.1159289115130528,-0.0021881167820452583
2016-07-06,1.1191829536214244,1.1191829536214244,0.0
2016-07-07,1.1176823320715727,1.1191829536214244,-0.0013408188044644266
2016-07-08,1.1277499456003177,1.1277499456003177,0.0
2016-07-11,1.1283317556598262,1.1283317556598262,0.0
2016-07-12,1.129061268867661,1.129061268867661,0.0
2016-07-13,1.1316007309696638,1.1316007309696638,0.0
2016-07-14,1.1343522405160449,1.1343522405160449,0.0
2016-07-15,1.1323763886999578,1.1343522405160449,-0.0017418326913941616
2016-07-18,1.1335810223943135,1.1343522405160449,-0.000679875345757306
2016-07-19,1.136166215244276,1.136166215244276,0.0
2016-07-20,1.1329228139151981,1.136166215244276,-0.002854689116398804
2016-07-21,1.1332532115995955,1.136166215244276,-0.002563888633191055
2016-07-22,1.1340483849407088,1.136166215244276,-0.001864014503469305
2016-07-25,1.1266086925870462,1.136166215244276,-0.008412081374180702
2016-07-26,1.1242335241588572,1.136166215244276,-0.01050259277675599
2016-07-27,1.131653280086548,1.136166215244276,-0.0039720730093683616
2016-07-28,1.131909110106087,1.136166215244276,-0.00374690347333882
2016-07-29,1.1331661806167592,1.136166215244276,-0.00264048920594927
2016-08-01,1.128588495691634,1.136166215244276,-0.006669551911480353
2016-08-02,1.1265371015902406,1.136166215244276,-0.008475092398311759
2016-08-03,1.1303723833774213,1.136166215244276,-0.005099457974649418
2016-08-04,1.1319958269586017,1.136166215244276,-0.003670579383297058
2016-08-05,1.1355854708618247,1.136166215244276,-0.0005111438578785755
2016-08-08,1.1372582432749279,1.1372582432749279,0.0
2016-08-09,1.1394257005956177,1.1394257005956177,0.0
2016-08-10,1.1358397933088007,1.1394257005956177,-0.0031471181358665853
2016-08-11,1.135986201256192,1.1394257005956177,-0.0030186253808630165
2016-08-12,1.1389118243565344,1.1394257005956177,-0.00045099582957858187
2016-08-15,1.1406179010522268,1.1406179010522268,0.0
2016-08-16,1.1366022400917528,1.1406179010522268,-0.0035206013834865636
2016-08-17,1.140145745675686,1.1406179010522268,-0.00041394701600352453
2016-08-18,1.1420447219459684,1.1420447219459684,0.0
2016-08-19,1.1376348229740603,1.1420447219459684,-0.0038614065519202764
2016-08-22,1.1361700104357417,1.1420447219459684,-0.0051440292987971195
2016-08-23,1.1372571815299146,1.1420447219459684,-0.00419207787931118
2016-08-24,1.1335505326307618,1.1420447219459684,-0.007437702877986327
2016-08-25,1.130796108870005,1.1420447219459684,-0.009849538165893
2016-08-26,1.1281191808115187,1.1420447219459684,-0.012193516476939241
2016-08-29,1.135054716000941,1.1420447219459684,-0.006120606146768845
2016-08-30,1.1308971443487534,1.1420447219459684,-0.009761069232227816
2016-08-31,1.1304017766769092,1.1420447219459684,-0.010194824287809302
2016-09-01,1.1303191019138958,1.1420447219459684,-0.010267216166537578
2016-09-02,1.1353983038430404,1.1420447219459684,-0.005819752917909319
2016-09-06,1.1419173591151386,1.1420447219459684,-0.00011152175425564402
2016-09-07,1.1404084478442837,1.1420447219459684,-0.0014327583414566738
2016-09-08,1.1351035968609149,1.1420447219459684,-0.006077804968290817
2016-09-09,1.1145395753298037,1.1420447219459684,-0.02408412392931313
2016-09-12,1.1252618136598729,1.1420447219459684,-0.014695491309218224
2016-09-13,1.115925728659064,1.1420447219459684,-0.022870376951963263
2016-09-14,1.1199591363375572,1.1420447219459684,-0.019338634629630664
2016-09-15,1.1276603711733548,1.1420447219459684,-0.012595260497420447
2016-09-16,1.1224552640192778,1.1420447219459684,-0.01715296918785414
2016-09-19,1.1203005485650945,1.1420447219459684,-0.019039686417729105
2016-09-20,1.1204787006197852,1.1420447219459684,-0.018883692478729
2016-09-21,1.1290638854269508,1.1420447219459684,-0.011366311904930588
2016-09-22,1.1363853589087656,1.1420447219459684,-0.004955465340761477
2016-09-23,1.1312457563248306,1.1420447219459684,-0.009455816758854313
2016-09-26,1.1238412008141185,1.1420447219459684,-0.01593941181290368
2016-09-27,1.1300454686620462,1.1420447219459684,-0.010506815585536983
2016-09-28,1.1367669980386408,1.1420447219459684,-0.004621293549988763
2016-09-29,1.1275597641198998,1.1420447219459684,-0.012683354292279568
2016-09-30,1.1333368671444932,1.1420447219459684,-0.007624793175032211
2016-10-03,1.1308050825180205,1.1420447219459684,-0.009841680638212068
2016-10-04,1.1234220790990574,1.1420447219459684,-0.016306404196833206
2016-10-05,1.1270750310418052,1.1420447219459684,-0.013107797458803421
2016-10-06,1.1257223723519116,1.1420447219459684,-0.014292215777894022
2016-10-07,1.126299307618621,1.1420447219459684,-0.013787038304873296
2016-10-10,1.1336681668952278,1.1420447219459684,-0.0073346996748669775
2016-10-11,1.1261418928919953,1.1420447219459684,-0.01392487417382022
2016-10-12,1.1278053125824523,1.1420447219459684,-0.01246834654535514
2016-10-13,1.1263323886381114,1.1420447219459684,-0.01375807182146446
2016-10-14,1.1228021143673652,1.1420447219459684,-0.01684925923550092
2016-10-17,1.1236387454387957,1.1420447219459684,-0.016116686285113355
2016-10-18,1.1248269580453225,1.1420447219459684,-0.01507626064880188
2016-10-19,1.1269721807049404,1.1420447219459684,-0.013197855522982813
2016-10-20,1.1261767120365878,1.1420447219459684,-0.013894385749047207
2016-10-21,1.1244466123762535,1.1420447219459684,-0.015409299856251555
2016-10-24,1.128280056512307,1.1420447219459684,-0.012052650101308921
2016-10-25,1.129879767984759,1.1420447219459684,-0.010651906818921373
2016-10-26,1.1263649119092773,1.1420447219459684,-0.013729593715011177
2016-10-27,1.1236282244158995,1.1420447219459684,-0.01612589872898184
2016-10-28,1.1188470022336932,1.1420447219459684,-0.02031244422087768
2016-10-31,1.1191624345337363,1.1420447219459684,-0.020036244616797653
2016-11-01,1.1148004689121598,1.1420447219459684,-0.02385567965095642
2016-11-02,1.1139956899951984,1.1420447219459684,-0.024560362139738567
2016-11-03,1.1114222362518338,1.1420447219459684,-0.026813736017234014
2016-11-04,1.1089261337223346,1.1420447219459684,-0.02899937943516074
2016-11-07,1.1221903307874115,1.1420447219459684,-0.0173849506740212
2016-11-08,1.1256607453117242,1.1420447219459684,-0.014346177797947326
2016-11-09,1.130798870517856,1.1420447219459684,-0.00984712000502942
2016-11-10,1.125539861389803,1.1420447219459684,-0.014452026474096482
2016-11-11,1.119039572841323,1.1420447219459684,-0.02014382507319522
2016-11-14,1.1163972550423644,1.1420447219459684,-0.022457497863921122
2016-11-15,1.1240752151375195,1.1420447219459684,-0.015734503617187635
2016-11-16,1.1226734465722366,1.1420447219459684,-0.016961923645796004
2016-11-17,1.1206080858593157,1.1420447219459684,-0.01877039985800739
2016-11-18,1.1171144308567789,1.1420447219459684,-0.021829522618615125
2016-11-21,1.1248483846288453,1.1420447219459684,-0.015057499051194505
2016-11-22,1.123560314147272,1.1420447219459684,-0.016185362484929758
2016-11-23,1.1201334880119687,1.1420447219459684,-0.019185968388930035
2016-11-25,1.1237538304601078,1.1420447219459684,-0.016015915256535788
2016-11-28,1.1228936367518298,1.1420447219459684,-0.01676912018078099
2016-11-29,1.1214593514821867,1.1420447219459684,-0.01802501256580007
2016-11-30,1.116097736894644,1.1420447219459684,-0.022719762678918887
2016-12-01,1.1147509153395239,1.1420447219459684,-0.023899069871745216
2016-12-02,1.1178545587538218,1.1420447219459684,-0.021181450014433924
2016-12-05,1.1212142803487781,1.1420447219459684,-0.01823960235260891
2016-12-06,1.1233231083963278,1.1420447219459684,-0.016393065166257458
2016-12-07,1.1309874603733543,1.1420447219459684,-0.009681986493290095
2016-12-08,1.13169110157211,1.1420447219459684,-0.009065862461337292
2016-12-09,1.138455029072567,1.1420447219459684,-0.003143215676602214
2016-12-12,1.1437796095633066,1.1437796095633066,0.0
2016-12-13,1.1498955663956416,1.1498955663956416,0.0
2016-12-14,1.138829674509215,1.1498955663956416,-0.009623388601377719
2016-12-15,1.14387373945668,1.1498955663956416,-0.005236846818913352
2016-12-16,1.1437317032317753,1.1498955663956416,-0.0053603677968661
2016-12-19,1.1466871062338202,1.1498955663956416,-0.0027902187429753836
2016-12-20,1.1472330909738748,1.1498955663956416,-0.002315406285209308
2016-12-21,1.1470647083354029,1.1498955663956416,-0.0024618392686842866
2016-12-22,1.1465329147910195,1.1498955663956416,-0.002924310435566238
2016-12-23,1.1486008717886655,1.1498955663956416,-0.0011259236445569558
2016-12-27,1.1504124175979769,1.1504124175979769,0.0
2016-12-28,1.1465413484574818,1.1504124175979769,-0.003364940330336254
2016-12-29,1.1491444989291344,1.1504124175979769,-0.0011021427180782982
2016-12-30,1.1465256144573526,1.1504124175979769,-0.003378617164738017
2017-01-03,1.1542886770362675,1.1542886770362675,0.0
2017-01-04,1.1539740492841861,1.1542886770362675,-0.0002725728479717798
2017-01-05,1.1574663062343615,1.1574663062343615,0.0
2017-01-06,1.1564090360328694,1.1574663062343615,-0.0009134349706747155
2017-01-09,1.1558426272194453,1.1574663062343615,-0.0014027872830256404
2017-01-10,1.1539575403479094,1.1574663062343615,-0.0030314194612431813
2017-01-11,1.156893463923203,1.1574663062343615,-0.000494910571541621
2017-01-12,1.153460587918884,1.1574663062343615,-0.003460764511158487
2017-01-13,1.1537454220617926,1.1574663062343615,-0.0032146803345612777
2017-01-17,1.1559675213386162,1.1574663062343615,-0.0012948842550945198
2017-01-18,1.1521214789955543,1.1574663062343615,-0.004617695746320099
2017-01-19,1.1453865182399834,1.1574663062343615,-0.010436405733206934
2017-01-20,1.1493987089368973,1.1574663062343615,-0.006970049369048925
2017-01-23,1.150092300126006,1.1574663062343615,-0.00637081707574347
2017-01-24,1.1501067547827386,1.1574663062343615,-0.006358328887832678
2017-01-25,1.1553887848615891,1.1574663062343615,-0.00179488712680656
2017-01-26,1.1538126587756867,1.1574663062343615,-0.0031565907698526295
2017-01-27,1.1553030389642462,1.1574663062343615,-0.0018689678122494509
2017-01-30,1.1510495245613288,1.1574663062343615,-0.005543817248476748
2017-01-31,1.1505286253764773,1.1574663062343615,-0.005993851242594648
2017-02-01,1.155848007670381,1.1574663062343615,-0.0013981388099714386
2017-02-02,1.1576385697862137,1.1576385697862137,0.0
2017-02-03,1.164721950584554,1.164721950584554,0.0
2017-02-06,1.1673525866378138,1.1673525866378138,0.0
2017-02-07,1.1697895726769012,1.1697895726769012,0.0
2017-02-08,1.1715169199151891,1.1715169199151891,0.0
2017-02-09,1.1715938751191393,1.1715938751191393,0.0
2017-02-10,1.1721334156308332,1.1721334156308332,0.0
2017-02-13,1.1765176716463512,1.1765176716463512,0.0
2017-02-14,1.1804318313031894,1.1804318313031894,0.0
2017-02-15,1.1847548206424554,1.1847548206424554,0.0
2017-02-16,1.1883229397702346,1.1883229397702346,0.0
2017-02-17,1.1889642759132035,1.1889642759132035,0.0
2017-02-21,1.194101946090388,1.194101946090388,0.0
2017-02-22,1.1935300369355286,1.194101946090388,-0.0004789449985671347
2017-02-23,1.199367630201926,1.199367630201926,0.0
2017-02-24,1.2024251590407187,1.2024251590407187,0.0
2017-02-27,1.2015609003444492,1.2024251590407187,-0.0007187629847657122
2017-02-28,1.202639810035818,1.202639810035818,0.0
2017-03-01,1.215915799201264,1.215915799201264,0.0
2017-03-02,1.2105969446294433,1.215915799201264,-0.004374360934626012
2017-03-03,1.2116786599828635,1.215915799201264,-0.003484730785786146
2017-03-06,1.2070851524179351,1.215915799201264,-0.007262547940514999
2017-03-07,1.2032217063230313,1.215915799201264,-0.010439944021264797
2017-03-08,1.1979168936413462,1.215915799201264,-0.014802756549212679
2017-03-09,1.1999477225841446,1.215915799201264,-0.013132551306273626
2017-03-10,1.2024770098982807,1.215915799201264,-0.011052401253286789
2017-03-13,1.2024313419833241,1.215915799201264,-0.011089959705102716
2017-03-14,1.2012171211570128,1.215915799201264,-0.012088565716397996
2017-03-15,1.2137685478893947,1.215915799201264,-0.0017659539527981665
2017-03-16,1.2134375320842226,1.215915799201264,-0.002038189748557697
2017-03-17,1.210725819427124,1.215915799201264,-0.004268371031570798
2017-03-20,1.2129393702825355,1.215915799201264,-0.0024478906522010986
2017-03-21,1.2072641391426953,1.215915799201264,-0.007115344717333172
2017-03-22,1.2088092843369944,1.215915799201264,-0.005844578110538389
2017-03-23,1.2064607119297532,1.215915799201264,-0.007776103639513304
2017-03-24,1.2048163709294515,1.215915799201264,-0.00912845139367681
2017-03-27,1.2075028722777261,1.215915799201264,-0.00691900453062971
2017-03-28,1.2137777183316947,1.215915799201264,-0.0017584119484044401
2017-03-29,1.2143716242840807,1.215915799201264,-0.001269968626279502
2017-03-30,1.2170792259401195,1.2170792259401195,0.0
2017-03-31,1.211392344420964,1.2170792259401195,-0.0046725647747070526
2017-04-03,1.2131242697393072,1.2170792259401195,-0.003249547043872479
2017-04-04,1.2158833974079097,1.2170792259401195,-0.000982539597030819
2017-04-05,1.2132092695799557,1.2170792259401195,-0.00317970784290936
2017-04-06,1.214526061028143,1.2170792259401195,-0.00209778037251797
2017-04-07,1.2124208768944282,1.2170792259401195,-0.0038274821773356615
2017-04-10,1.212765195102082,1.2170792259401195,-0.0035445768410887813
2017-04-11,1.2135407546203134,1.2170792259401195,-0.0029073467399567685
2017-04-12,1.2170179690485246,1.2170792259401195,-5.033106332716905e-05
2017-04-13,1.2112609543508919,1.2170792259401195,-0.004780520006603015
2017-04-17,1.216819446108521,1.2170792259401195,-0.00021344529268236642
2017-04-18,1.2129023383633726,1.2170792259401195,-0.003431894561769843
2017-04-19,1.2061674704627046,1.2170792259401195,-0.008965526027269341
2017-04-20,1.2120347603635209,1.2170792259401195,-0.004144730654409218
2017-04-21,1.2091761948066353,1.2170792259401195,-0.0064934401681037805
2017-04-24,1.2187777290943869,1.2187777290943869,0.0
2017-04-25,1.2197902640396014,1.2197902640396014,0.0
2017-04-26,1.220623528794886,1.220623528794886,0.0
2017-04-27,1.2180453808572862,1.220623528794886,-0.0021121565140933213
2017-04-28,1.218216716594746,1.220623528794886,-0.001971789125281053
2017-05-01,1.2200099271677853,1.220623528794886,-0.0005026952312695155
2017-05-02,1.2218358887859178,1.2218358887859178,0.0
2017-05-03,1.2205425080899546,1.2218358887859178,-0.0010585551691793566
2017-05-04,1.2180656651247652,1.2218358887859178,-0.003085703813217368
2017-05-05,1.2217130678210748,1.2218358887859178,-0.00010052165431561582
2017-05-08,1.2268423498588343,1.2268423498588343,0.0
2017-05-09,1.2236848488423746,1.2268423498588343,-0.0025736811390828208
2017-05-10,1.2246511185447722,1.2268423498588343,-0.0017860740740766841
2017-05-11,1.2279420077369236,1.2279420077369236,0.0
2017-05-12,1.2311562085974093,1.2311562085974093,0.0
2017-05-15,1.2374756073934035,1.2374756073934035,0.0
2017-05-16,1.2397396106058605,1.2397396106058605,0.0
2017-05-17,1.2288522462039553,1.2397396106058605,-0.008781976722180018
2017-05-18,1.2296245816681475,1.2397396106058605,-0.00815899472048794
2017-05-19,1.2344994792733304,1.2397396106058605,-0.004226799956782251
2017-05-22,1.2382753392653991,1.2397396106058605,-0.0011811120076624427
2017-05-23,1.2399389694789262,1.2399389694789262,0.0
2017-05-24,1.2429088142251485,1.2429088142251485,0.0
2017-05-25,1.2447637320486082,1.2447637320486082,0.0
2017-05-26,1.2449390412947219,1.2449390412947219,0.0
2017-05-30,1.2419667190884098,1.2449390412947219,-0.002387524294539651
2017-05-31,1.2391591479328792,1.2449390412947219,-0.004642711948234576
2017-06-01,1.2447923022641336,1.2449390412947219,-0.00011786844634228367
2017-06-02,1.2494155850884887,1.2494155850884887,0.0
2017-06-05,1.2491357817281934,1.2494155850884887,-0.00022394739079191147
2017-06-06,1.2547456106755082,1.2547456106755082,0.0
2017-06-07,1.2539097855867376,1.2547456106755082,-0.000666131111883772
2017-06-08,1.251997888302675,1.2547456106755082,-0.0021898641042895463
2017-06-09,1.2524928938696074,1.2547456106755082,-0.0017953573909599094
2017-06-12,1.2503762237492029,1.2547456106755082,-0.003482289070493716
2017-06-13,1.2536372467059393,1.2547456106755082,-0.0008833375945998436
2017-06-14,1.2532958575813824,1.2547456106755082,-0.0011554159518798938
2017-06-15,1.2507265180671945,1.2547456106755082,-0.003203113502943397
2017-06-16,1.252288498522758,1.2547456106755082,-0.0019582552286652845
2017-06-19,1.258632951231365,1.258632951231365,0.0
2017-06-20,1.2563543242737076,1.258632951231365,-0.00181039830192598
2017-06-21,1.2551063098663093,1.258632951231365,-0.0028019617328510363
2017-06-22,1.2555826200158704,1.258632951231365,-0.0024235272185670472
2017-06-23,1.258872576432972,1.258872576432972,0.0
2017-06-26,1.2581597406326908,1.258872576432972,-0.0005662493675897526
2017-06-27,1.2519155580053587,1.258872576432972,-0.005526388101428102
2017-06-28,1.258717921650503,1.258872576432972,-0.0001228518162714587
2017-06-29,1.2505685851607082,1.258872576432972,-0.00659637156906954
2017-06-30,1.2506162928231992,1.258872576432972,-0.006558474435249897
2017-07-03,1.2534987772451875,1.258872576432972,-0.004268739575701284
2017-07-05,1.2553914703172466,1.258872576432972,-0.002765256929807093
2017-07-06,1.2464045359208364,1.258872576432972,-0.009904132273231248
2017-07-07,1.2474390145451872,1.258872576432972,-0.009082382205975034
2017-07-10,1.246630927744022,1.258872576432972,-0.009724295308455198
2017-07-11,1.2471874279625443,1.258872576432972,-0.009282232919504578
2017-07-12,1.252193101290776,1.258872576432972,-0.005305918380653165
2017-07-13,1.253666416947817,1.258872576432972,-0.004135573037826123
2017-07-14,1.2581507353032026,1.258872576432972,-0.0005734028552871545
2017-07-17,1.257177726421155,1.258872576432972,-0.001346323721356606
2017-07-18,1.261758859605311,1.261758859605311,0.0
2017-07-19,1.2657828456340752,1.2657828456340752,0.0
2017-07-20,1.2673874158833656,1.2673874158833656,0.0
2017-07-21,1.266502557627886,1.2673874158833656,-0.0006981750366068733
2017-07-24,1.2646567589022333,1.2673874158833656,-0.0021545558579094963
2017-07-25,1.2666332031382512,1.2673874158833656,-0.0005950924994695889
2017-07-26,1.2682667096507378,1.2682667096507378,0.0
2017-07-27,1.2656469315813934,1.2682667096507378,-0.0020656365490078067
2017-07-28,1.2644558673860458,1.2682667096507378,-0.0030047640892044963
2017-07-31,1.2660552201329713,1.2682667096507378,-0.0017437101367862278
2017-08-01,1.2704362629247858,1.2704362629247858,0.0
2017-08-02,1.2779636799835072,1.2779636799835072,0.0
2017-08-03,1.2784164207175628,1.2784164207175628,0.0
2017-08-04,1.277596838708005,1.2784164207175628,-0.0006410915850859933
2017-08-07,1.2809790219104122,1.2809790219104122,0.0
2017-08-08,1.2799281478066684,1.2809790219104122,-0.0008203679262261339
2017-08-09,1.2850799004165117,1.2850799004165117,0.0
2017-08-10,1.2773673679462847,1.2850799004165117,-0.006001597618737346
2017-08-11,1.2772752639445837,1.2850799004165117,-0.006073269428148697
2017-08-14,1.2824095716275252,1.2850799004165117,-0.0020779476732310123
2017-08-15,1.2835051732638352,1.2850799004165117,-0.0012253924072472772
2017-08-16,1.2836151493517287,1.2850799004165117,-0.0011398132243047282
2017-08-17,1.272501933738643,1.2850799004165117,-0.00978769232465002
2017-08-18,1.271407628508175,1.2850799004165117,-0.010639238777219435
2017-08-21,1.2725116849222273,1.2850799004165117,-0.009780104326751046
2017-08-22,1.279041919586011,1.2850799004165117,-0.004698525615834218
2017-08-23,1.2778135852439167,1.2850799004165117,-0.005654368393933946
2017-08-24,1.2744551948824796,1.2850799004165117,-0.008267739251534822
2017-08-25,1.2781920608533566,1.2850799004165117,-0.005359853158486599
2017-08-28,1.2807677125020023,1.2850799004165117,-0.003355579612685361
2017-08-29,1.2823092514093783,1.2850799004165117,-0.002156013027855547
2017-08-30,1.2814160336292233,1.2850799004165117,-0.0028510809219729084
2017-08-31,1.2872751173911778,1.2872751173911778,0.0
2017-09-01,1.2877512351613594,1.2877512351613594,0.0
2017-09-05,1.2855446722747357,1.2877512351613594,-0.001713500889282546
2017-09-06,1.2896202302006412,1.2896202302006412,0.0
2017-09-07,1.292964286803306,1.292964286803306,0.0
2017-09-08,1.2875468413430702,1.292964286803306,-0.004189942069962178
2017-09-11,1.2948920204763648,1.2948920204763648,0.0
2017-09-12,1.296904647504158,1.296904647504158,0.0
2017-09-13,1.295221415727777,1.296904647504158,-0.0012978839883257178
2017-09-14,1.2962425760671075,1.296904647504158,-0.0005105012448868683
2017-09-15,1.2990424592812313,1.2990424592812313,0.0
2017-09-18,1.2989327876284684,1.2990424592812313,-8.442499471769321e-05
2017-09-19,1.300493304598205,1.300493304598205,0.0
2017-09-20,1.295338987593893,1.300493304598205,-0.003963355279175752
2017-09-21,1.2870820465366357,1.300493304598205,-0.010312439144554283
2017-09-22,1.2863367536399168,1.300493304598205,-0.010885523907146843
2017-09-25,1.2886454671142844,1.300493304598205,-0.009110264114416995
2017-09-26,1.2878207400967427,1.300493304598205,-0.009744428869149403
2017-09-27,1.28452041876516,1.300493304598205,-0.012282174599876107
2017-09-28,1.2860117150058554,1.300493304598205,-0.01113545878409866
2017-09-29,1.287827312639356,1.300493304598205,-0.00973937498491176
2017-10-02,1.2891361140922477,1.300493304598205,-0.008732986525806192
2017-10-03,1.294007439879438,1.300493304598205,-0.004987234225531791
2017-10-04,1.294111932475111,1.300493304598205,-0.004906885795206496
2017-10-05,1.2986738859481683,1.300493304598205,-0.0013990219277589997
2017-10-06,1.2977361283261528,1.300493304598205,-0.002120100320627204
2017-10-09,1.2996468252374138,1.300493304598205,-0.0006508909794446889
2017-10-10,1.3046880927234348,1.3046880927234348,0.0
2017-10-11,1.3108135763633535,1.3108135763633535,0.0
2017-10-12,1.3093010731064731,1.3108135763633535,-0.0011538660295818354
2017-10-13,1.3124649484709543,1.3124649484709543,0.0
2017-10-16,1.3198356790084742,1.3198356790084742,0.0
2017-10-17,1.3248778789393325,1.3248778789393325,0.0
2017-10-18,1.3222635830778005,1.3248778789393325,-0.0019732353472646123
2017-10-19,1.3221038850693312,1.3248778789393325,-0.002093773255707251
2017-10-20,1.323206858233596,1.3248778789393325,-0.001261263949152973
2017-10-23,1.3242100424624461,1.3248778789393325,-0.0005040739886313532
2017-10-24,1.3241293327706043,1.3248778789393325,-0.0005649925782801083
2017-10-25,1.3217638239596503,1.3248778789393325,-0.002350446806595672
2017-10-26,1.3228744598258002,1.3248778789393325,-0.0015121537957416824
2017-10-27,1.3319456793596283,1.3319456793596283,0.0
2017-10-30,1.3332075928489044,1.3332075928489044,0.0
2017-10-31,1.3332469302026573,1.3332469302026573,0.0
2017-11-01,1.334279557911685,1.334279557911685,0.0
2017-11-02,1.3370718927658671,1.3370718927658671,0.0
2017-11-03,1.3411724316225375,1.3411724316225375,0.0
2017-11-06,1.3430925420615294,1.3430925420615294,0.0
2017-11-07,1.34163838377557,1.3430925420615294,-0.0010826940366501399
2017-11-08,1.3441359162898643,1.3441359162898643,0.0
2017-11-09,1.343413229352589,1.3441359162898643,-0.0005376591225016772
2017-11-10,1.3383477803631503,1.3441359162898643,-0.004306213275433221
2017-11-13,1.339818450771047,1.3441359162898643,-0.003212075108248287
2017-11-14,1.3382724979919738,1.3441359162898643,-0.004362221280475067
2017-11-15,1.3336721233200868,1.3441359162898643,-0.007784772985354094
2017-11-16,1.3335577520590152,1.3441359162898643,-0.007869862044939157
2017-11-17,1.330109442871858,1.3441359162898643,-0.01043530884638708
2017-11-20,1.329186299578269,1.3441359162898643,-0.0111221019618758
2017-11-21,1.3363514773949623,1.3441359162898643,-0.005791407550799549
2017-11-22,1.338976087791597,1.3441359162898643,-0.003838769900970726
2017-11-24,1.3396296926440947,1.3441359162898643,-0.003352505941666846
2017-11-27,1.3390708862706464,1.3441359162898643,-0.003768242450658239
2017-11-28,1.3490760462131204,1.3490760462131204,0.0
2017-11-29,1.3464701077300663,1.3490760462131204,-0.0019316468410873061
2017-11-30,1.3536154094095398,1.3536154094095398,0.0
2017-12-01,1.357755663947286,1.357755663947286,0.0
2017-12-04,1.359324011710766,1.359324011710766,0.0
2017-12-05,1.3557726919672632,1.359324011710766,-0.002612563092322015
2017-12-06,1.355278306971306,1.359324011710766,-0.0029762622484453055
2017-12-07,1.3489182141210128,1.359324011710766,-0.0076551267395453424
2017-12-08,1.351189773253945,1.359324011710766,-0.005984032053243539
2017-12-11,1.3549700012770198,1.359324011710766,-0.0032030703469045287
2017-12-12,1.3574758078020763,1.359324011710766,-0.0013596492762336474
2017-12-13,1.3620009733767786,1.3620009733767786,0.0
2017-12-14,1.3588176230382671,1.3620009733767786,-0.0023372599584999274
2017-12-15,1.3671824130988919,1.3671824130988919,0.0
2017-12-18,1.3692851167523274,1.3692851167523274,0.0
2017-12-19,1.3636811538260354,1.3692851167523274,-0.004092619468167118
2017-12-20,1.36134074885667,1.3692851167523274,-0.0058018361541093124
2017-12-21,1.3663965903710034,1.3692851167523274,-0.002109514188086041
2017-12-22,1.365946286275529,1.3692851167523274,-0.002438374912536512
2017-12-26,1.3632128957152547,1.3692851167523274,-0.0044345921552662645
2017-12-27,1.3673754402230032,1.3692851167523274,-0.0013946522210463016
2017-12-28,1.3692860516813061,1.3692860516813061,0.0
2017-12-29,1.3656269316351834,1.3692860516813061,-0.002672283151960652
2018-01-02,1.372717871574188,1.372717871574188,0.0
2018-01-03,1.3789483773826134,1.3789483773826134,0.0
2018-01-04,1.386455538609475,1.386455538609475,0.0
2018-01-05,1.3890494375791964,1.3890494375791964,0.0
2018-01-08,1.389577611051049,1.389577611051049,0.0
2018-01-09,1.3905899452310422,1.3905899452310422,0.0
2018-01-10,1.3902157577153258,1.3905899452310422,-0.00026908544607246837
2018-01-11,1.3972790156970463,1.3972790156970463,0.0
2018-01-12,1.4082892092983,1.4082892092983,0.0
2018-01-16,1.4088658427112164,1.4088658427112164,0.0
2018-01-17,1.4162438115204818,1.4162438115204818,0.0
2018-01-18,1.4134980579778058,1.4162438115204818,-0.0019387576632925844
2018-01-19,1.413999762430902,1.4162438115204818,-0.0015845076047821555
2018-01-22,1.4205404354984974,1.4205404354984974,0.0
2018-01-23,1.4152177630376088,1.4205404354984974,-0.0037469348480888122
2018-01-24,1.417965778446094,1.4205404354984974,-0.0018124489722814187
2018-01-25,1.41781812899231,1.4205404354984974,-0.0019163879029125408
2018-01-26,1.4256763832114296,1.4256763832114296,0.0
2018-01-29,1.41132690327844,1.4256763832114296,-0.010065033062178244
2018-01-30,1.3999530050399984,1.4256763832114296,-0.018042929289105305
2018-01-31,1.4000826553775627,1.4256763832114296,-0.017951989760969022
2018-02-01,1.4054558700402133,1.4256763832114296,-0.014183101725840672
2018-02-02,1.3716239580166012,1.4256763832114296,-0.037913530609991454
2018-02-05,1.3284170229930137,1.4256763832114296,-0.06821980174724707
2018-02-06,1.3390717653871669,1.4256763832114296,-0.060746336857443184
2018-02-07,1.3293918454342293,1.4256763832114296,-0.067536040374263
2018-02-08,1.2975890638116185,1.4256763832114296,-0.08984319366452996
2018-02-09,1.3091754908459337,1.4256763832114296,-0.08171622518082966
2018-02-12,1.3277109736697372,1.4256763832114296,-0.06871503988936037
2018-02-13,1.3326684244164735,1.4256763832114296,-0.0652377775841735
2018-02-14,1.342471427612916,1.4256763832114296,-0.05836174083987355
2018-02-15,1.3557720174742867,1.4256763832114296,-0.049032421775605774
2018-02-16,1.3583898209833372,1.4256763832114296,-0.04719623823502293
2018-02-20,1.3453763983654616,1.4256763832114296,-0.056324132034148607
2018-02-21,1.3360165651374734,1.4256763832114296,-0.06288931985531784
2018-02-22,1.3415324761059422,1.4256763832114296,-0.05902034157004677
2018-02-23,1.3602158801199205,1.4256763832114296,-0.04591540118245847
2018-02-26,1.3721314045518729,1.4256763832114296,-0.03755759672397966
2018-02-27,1.3603288190785472,1.4256763832114296,-0.04583618337401562
2018-02-28,1.3488254626315759,1.4256763832114296,-0.05390488436565248
2018-03-01,1.3374140802322194,1.4256763832114296,-0.06190907278718723
2018-03-02,1.3427258420728287,1.4256763832114296,-0.058183289079776546
2018-03-05,1.3506049624722323,1.4256763832114296,-0.052656705002080535
2018-03-06,1.3509270719494817,1.4256763832114296,-0.052430770504572864
2018-03-07,1.3438011548783553,1.4256763832114296,-0.05742904160946052
2018-03-08,1.3530583321593816,1.4256763832114296,-0.05093585887175255
2018-03-09,1.3674626702726655,1.4256763832114296,-0.04083234710505191
2018-03-12,1.368294262513432,1.4256763832114296,-0.04024905046735827
2018-03-13,1.3654421766405296,1.4256763832114296,-0.04224956468397025
2018-03-14,1.3563476825531093,1.4256763832114296,-0.048628637939665424
2018-03-15,1.3581222336320422,1.4256763832114296,-0.04738392974373138
2018-03-16,1.3585588984277062,1.4256763832114296,-0.047077643688350185
2018-03-19,1.344812910067911,1.4256763832114296,-0.05671937481447819
2018-03-20,1.344273820250959,1.4256763832114296,-0.05709750397709896
2018-03-21,1.3451442140016916,1.4256763832114296,-0.056486991127912244
2018-03-22,1.3232749882415202,1.4256763832114296,-0.0718265352332228
2018-03-23,1.307515640655442,1.4256763832114296,-0.08288047971295057
2018-03-26,1.3318893827054445,1.4256763832114296,-0.06578421415295084
2018-03-27,1.3221830289125254,1.4256763832114296,-0.07259245893221483
2018-03-28,1.317737419495239,1.4256763832114296,-0.07571070474847252
2018-03-29,1.3304075783455065,1.4256763832114296,-0.06682358351993171
2018-04-02,1.3141260955183578,1.4256763832114296,-0.07824376485903309
2018-04-03,1.3294345095415516,1.4256763832114296,-0.0675061148541206
2018-04-04,1.342396617560433,1.4256763832114296,-0.05841421421557364
2018-04-05,1.348544180729056,1.4256763832114296,-0.05410218152637725
2018-04-06,1.3311678629783508,1.4256763832114296,-0.06629030356818581
2018-04-09,1.3379289193051815,1.4256763832114296,-0.06154795361664839
2018-04-10,1.3535431340616595,1.4256763832114296,-0.05059580841711446
2018-04-11,1.3509264919191248,1.4256763832114296,-0.052431177350308465
2018-04-12,1.3557152946772988,1.4256763832114296,-0.04907220836227848
2018-04-13,1.356162406192065,1.4256763832114296,-0.04875859475400714
2018-04-16,1.3624223106880986,1.4256763832114296,-0.04436776344772373
2018-04-17,1.3659434492263727,1.4256763832114296,-0.04189796133853646
2018-04-18,1.3599196521229373,1.4256763832114296,-0.04612318185447597
2018-04-19,1.3556128222865587,1.4256763832114296,-0.04914408469546799
2018-04-20,1.3400862568206524,1.4256763832114296,-0.06003475080226822
2018-04-23,1.3398232709019853,1.4256763832114296,-0.06021921476741769
2018-04-24,1.3276235007389545,1.4256763832114296,-0.06877639527955466
2018-04-25,1.3266553020601746,1.4256763832114296,-0.0694555106034678
2018-04-26,1.3353861701541379,1.4256763832114296,-0.06333149242039568
2018-04-27,1.3307338679031384,1.4256763832114296,-0.06659471702436916
2018-04-30,1.3278343996652513,1.4256763832114296,-0.06862846624826796
2018-05-01,1.3254967214747777,1.4256763832114296,-0.07026816388091572
2018-05-02,1.3244456694509246,1.4256763832114296,-0.07100539431850322
2018-05-03,1.323063379197532,1.4256763832114296,-0.07197496235629239
2018-05-04,1.3383174993060085,1.4256763832114296,-0.061275395267921536
2018-05-07,1.3414676535993297,1.4256763832114296,-0.05906580946681197
2018-05-08,1.3427411763366717,1.4256763832114296,-0.05817253329815352
2018-05-09,1.3529170232174983,1.4256763832114296,-0.05103497599506847
2018-05-10,1.3686732137834965,1.4256763832114296,-0.039983245916951904
2018-05-11,1.37130731821162,1.4256763832114296,-0.038135628562030156
2018-05-14,1.368607779195502,1.4256763832114296,-0.04002914314072934
2018-05-15,1.3572106885618824,1.4256763832114296,-0.048023307011177206
2018-05-16,1.3591423849565372,1.4256763832114296,-0.046668373719581636
2018-05-17,1.357337598903012,1.4256763832114296,-0.0479342893753209
2018-05-18,1.353928038702604,1.4256763832114296,-0.05032582804465608
2018-05-21,1.3603909653668187,1.4256763832114296,-0.04579259263420725
2018-05-22,1.357360592284475,1.4256763832114296,-0.0479181613242894
2018-05-23,1.3619542720914941,1.4256763832114296,-0.04469605576014193
2018-05-24,1.356452118483082,1.4256763832114296,-0.0485553843379347
2018-05-25,1.3532939048782695,1.4256763832114296,-0.05077062311301942
2018-05-29,1.3447963558013438,1.4256763832114296,-0.05673098633218448
2018-05-30,1.3602252129695542,1.4256763832114296,-0.04590885492150915
2018-05-31,1.3529049617600128,1.4256763832114296,-0.051043436160101346
2018-06-01,1.3620986356813631,1.4256763832114296,-0.044594796041197975
2018-06-04,1.3636515645130636,1.4256763832114296,-0.043505538443900635
2018-06-05,1.362443418836474,1.4256763832114296,-0.04435295773962337
2018-06-06,1.3732864396538573,1.4256763832114296,-0.03674743032465792
2018-06-07,1.3774621783009917,1.4256763832114296,-0.03381847765608088
2018-06-08,1.381116189863677,1.4256763832114296,-0.03125547555706707
2018-06-11,1.3782047417792676,1.4256763832114296,-0.033297627702318464
2018-06-12,1.3773634403806856,1.4256763832114296,-0.03388773455159296
2018-06-13,1.3728215317988417,1.4256763832114296,-0.037073526667762376
2018-06-14,1.3716744910629555,1.4256763832114296,-0.037878085647200924
2018-06-15,1.3666392798217009,1.4256763832114296,-0.041409890831426856
2018-06-18,1.3624954053045237,1.4256763832114296,-0.044316493315675616
2018-06-19,1.3603511488006301,1.4256763832114296,-0.04582052082791056
2018-06-20,1.3565290373183057,1.4256763832114296,-0.048501431816780925
2018-06-21,1.3519799971255566,1.4256763832114296,-0.05169222619783256
2018-06-22,1.355569422517122,1.4256763832114296,-0.04917452622479944
2018-06-25,1.3464838623914637,1.4256763832114296,-0.05554733300805588
2018-06-26,1.3490141675557092,1.4256763832114296,-0.05377252268360771
2018-06-27,1.345598396831623,1.4256763832114296,-0.0561684175474842
2018-06-28,1.3527047428035825,1.4256763832114296,-0.05118387403140794
2018-06-29,1.3536197998807826,1.4256763832114296,-0.050542033366881504
2018-07-02,1.3533998848073328,1.4256763832114296,-0.050696286517203384
2018-07-03,1.3536031027701034,1.4256763832114296,-0.05055374507851243
2018-07-05,1.3643795263894118,1.4256763832114296,-0.04299493036697613
2018-07-06,1.3700188487682825,1.4256763832114296,-0.03903938867092326
2018-07-09,1.3792272586319,1.4256763832114296,-0.0325804124459857
2018-07-10,1.3838593785994007,1.4256763832114296,-0.029331344128625758
2018-07-11,1.3743138355546998,1.4256763832114296,-0.03602679279924127
2018-07-12,1.3820118421266308,1.4256763832114296,-0.030627245845541502
2018-07-13,1.3803955317178853,1.4256763832114296,-0.03176096064069339
2018-07-16,1.3824675888206368,1.4256763832114296,-0.030307575337302137
2018-07-17,1.389095711008034,1.4256763832114296,-0.02565846824297903
2018-07-18,1.3870240012782151,1.4256763832114296,-0.027111609891543192
2018-07-19,1.382517200361158,1.4256763832114296,-0.030272776738471775
2018-07-20,1.3823507229789738,1.4256763832114296,-0.030389547545749466
2018-07-23,1.3828892022330417,1.4256763832114296,-0.03001184664503387
2018-07-24,1.3952246740259664,1.4256763832114296,-0.02135948209850315
2018-07-25,1.4040334660433422,1.4256763832114296,-0.015180806403859567
2018-07-26,1.4050614842116587,1.4256763832114296,-0.014459732406687251
2018-07-27,1.3999015338331937,1.4256763832114296,-0.018079032297761987
2018-07-30,1.39870632416615,1.4256763832114296,-0.018917377998875093
2018-07-31,1.4002042882610506,1.4256763832114296,-0.01786667384711914
2018-08-01,1.405447812426509,1.4256763832114296,-0.014188753508951582
2018-08-02,1.4079052413187745,1.4256763832114296,-0.012465060165073717
2018-08-03,1.415336895237226,1.4256763832114296,-0.007252338676546785
2018-08-06,1.4163088383567235,1.4256763832114296,-0.006570596921585483
2018-08-07,1.4164527319322322,1.4256763832114296,-0.006469666880797003
2018-08-08,1.4146332126071033,1.4256763832114296,-0.0077459167693098
2018-08-09,1.415552066686141,1.4256763832114296,-0.007101412806237963
2018-08-10,1.4114908406269198,1.4256763832114296,-0.009950043889031826
2018-08-13,1.402554448648024,1.4256763832114296,-0.016218220934067832
2018-08-14,1.4040614637685143,1.4256763832114296,-0.015161168198793023
2018-08-15,1.3987277378371163,1.4256763832114296,-0.018902357990675068
2018-08-16,1.4098812088193522,1.4256763832114296,-0.011079074170042561
2018-08-17,1.4205572333395762,1.4256763832114296,-0.003590681540450468
2018-08-20,1.4259765194184297,1.4259765194184297,0.0
2018-08-21,1.4231650914361595,1.4259765194184297,-0.001971580838804274
2018-08-22,1.4240863147414233,1.4259765194184297,-0.0013255510530967949
2018-08-23,1.4202490957218805,1.4259765194184297,-0.004016492290409584
2018-08-24,1.427286690905057,1.427286690905057,0.0
2018-08-27,1.4347839336794053,1.4347839336794053,0.0
2018-08-28,1.4306205276165698,1.4347839336794053,-0.002901765182272933
2018-08-29,1.4365754647341697,1.4365754647341697,0.0
2018-08-30,1.43395757970655,1.4365754647341697,-0.0018223094378854306
2018-08-31,1.4318492271470833,1.4365754647341697,-0.0032899333888881505
2018-09-04,1.4307979797278565,1.4365754647341697,-0.00402170658495991
2018-09-05,1.4361437032067408,1.4365754647341697,-0.0003005491448434694
2018-09-06,1.4337523877871043,1.4365754647341697,-0.0019651435071583938
2018-09-07,1.4337379391064453,1.4365754647341697,-0.0019752012319446816
2018-09-10,1.4321496225074561,1.4365754647341697,-0.0030808282163809495
2018-09-11,1.4412081187703234,1.4412081187703234,0.0
2018-09-12,1.4413796567262327,1.4413796567262327,0.0
2018-09-13,1.445975012882807,1.445975012882807,0.0
2018-09-14,1.4433135961842292,1.445975012882807,-0.0018405689412792027
2018-09-17,1.4420055030982915,1.445975012882807,-0.0027452132638182184
2018-09-18,1.4415595228752327,1.445975012882807,-0.0030536419842907875
2018-09-19,1.44888629141477,1.44888629141477,0.0
2018-09-20,1.4597909598115795,1.4597909598115795,0.0
2018-09-21,1.4568105230863115,1.4597909598115795,-0.0020416873424484202
2018-09-24,1.4545716231138515,1.4597909598115795,-0.003575400068515073
2018-09-25,1.4510256570501534,1.4597909598115795,-0.0060044917407609056
2018-09-26,1.4457574127579416,1.4597909598115795,-0.009613394958583158
2018-09-27,1.4484033834374124,1.4597909598115795,-0.007800826753740777
2018-09-28,1.4461313787261152,1.4597909598115795,-0.009357217205419172
2018-10-01,1.4512271813223034,1.4597909598115795,-0.005866441651605644
2018-10-02,1.4601873856583931,1.4601873856583931,0.0
2018-10-03,1.4552802139150236,1.4601873856583931,-0.0033606452100371316
2018-10-04,1.4502493483341734,1.4601873856583931,-0.006806001354229404
2018-10-05,1.44350871736607,1.4601873856583931,-0.011422279397930066
2018-10-08,1.4459940965433735,1.4601873856583931,-0.009720183350727893
2018-10-09,1.4491069474672011,1.4601873856583931,-0.007588367287665513
2018-10-10,1.421260816440312,1.4601873856583931,-0.026658612175675854
2018-10-11,1.401980547628915,1.4601873856583931,-0.03986258106402745
2018-10-12,1.4070426517981638,1.4601873856583931,-0.036395831372195125
2018-10-15,1.4021888886324527,1.4601873856583931,-0.0397199000591209
2018-10-16,1.420240951573349,1.4601873856583931,-0.02735706011255019
2018-10-17,1.4262849671398088,1.4601873856583931,-0.0232178546750682
2018-10-18,1.416701179959854,1.4601873856583931,-0.029781250081770468
2018-10-19,1.4212402077235062,1.4601873856583931,-0.026672725923683933
2018-10-22,1.4146522219166633,1.4601873856583931,-0.03118446590414709
2018-10-23,1.41413763864788,1.4601873856583931,-0.031536874967420414
2018-10-24,1.3958090510420922,1.4601873856583931,-0.04408909106366029
2018-10-25,1.4062923484416954,1.4601873856583931,-0.03690967183119218
2018-10-26,1.3937225034972278,1.4601873856583931,-0.04551804981604915
2018-10-29,1.3925238193994618,1.4601873856583931,-0.046338960960426376
2018-10-30,1.4097569322648442,1.4601873856583931,-0.03453697373971629
2018-10-31,1.4201662506770574,1.4601873856583931,-0.02740821854401267
2018-11-01,1.4299007666387724,1.4601873856583931,-0.020741597494327472
2018-11-02,1.417442482505197,1.4601873856583931,-0.0292735737707545
2018-11-05,1.4186128227777073,1.4601873856583931,-0.028472073713977485
2018-11-06,1.424619622261031,1.4601873856583931,-0.02435835547320849
2018-11-07,1.4430342546860493,1.4601873856583931,-0.011747212132372687
2018-11-08,1.4408005455217119,1.4601873856583931,-0.013276953579447465
2018-11-09,1.4344272499860091,1.4601873856583931,-0.017641664299660312
2018-11-12,1.416886158624136,1.4601873856583931,-0.029654568625610226
2018-11-13,1.4105404734511982,1.4601873856583931,-0.03400037056532259
2018-11-14,1.4000279157606017,1.4601873856583931,-0.04119982852109473
2018-11-15,1.412804445831859,1.4601873856583931,-0.03244990354794045
2018-11-16,1.4225082703460463,1.4601873856583931,-0.025804301339966328
2018-11-19,1.4182941843066377,1.4601873856583931,-0.02869029123468695
2018-11-20,1.3922598799597583,1.4601873856583931,-0.046519718199049195
2018-11-21,1.385324995015747,1.4601873856583931,-0.05126902983680484
2018-11-23,1.3749254085378444,1.4601873856583931,-0.058391120179486014
2018-11-26,1.3865642256504132,1.4601873856583931,-0.05042035065573694
2018-11-27,1.3908610008778655,1.4601873856583931,-0.04747773159899519
2018-11-28,1.4115511836723063,1.4601873856583931,-0.03330819212916086
2018-11-29,1.4090996796063318,1.4601873856583931,-0.034987089022842165
2018-11-30,1.4187397487689135,1.4601873856583931,-0.028385149259997904
2018-12-03,1.4320597714093826,1.4601873856583931,-0.019263016873911645
2018-12-04,1.4099218403368503,1.4601873856583931,-0.03442403750041866
2018-12-06,1.4017567239664102,1.4601873856583931,-0.04001586526898861
2018-12-07,1.3867378421499423,1.4601873856583931,-0.050301450505499785
2018-12-10,1.3829563800384457,1.4601873856583931,-0.052891160667796255
2018-12-11,1.3829289177116861,1.4601873856583931,-0.052909968066784406
2018-12-12,1.3831011741903905,1.4601873856583931,-0.05279199931811818
2018-12-13,1.388245679753565,1.4601873856583931,-0.04926881755822725
2018-12-14,1.3569422411329441,1.4601873856583931,-0.07070677745849456
2018-12-17,1.340181882844141,1.4601873856583931,-0.08218500172848851
2018-12-18,1.3397908271537247,1.4601873856583931,-0.08245281371909818
2018-12-19,1.323224673198722,1.4601873856583931,-0.0937980383921171
2018-12-20,1.3114671739388317,1.4601873856583931,-0.10185008662604218
2018-12-21,1.2957698870230316,1.4601873856583931,-0.11260027325960376
2018-12-24,1.268059855616153,1.4601873856583931,-0.1315773111925703
2018-12-26,1.3075752498829296,1.4601873856583931,-0.10451544594507729
2018-12-27,1.3145508334676257,1.4601873856583931,-0.09973826210332618
2018-12-28,1.3129610168398882,1.4601873856583931,-0.1008270378613914
2018-12-31,1.321070186217699,1.4601873856583931,-0.09527352503320434
2019-01-02,1.3257721686516848,1.4601873856583931,-0.09205340241047281
2019-01-03,1.3001418086175718,1.4601873856583931,-0.10960619069357141
2019-01-04,1.327279203219561,1.4601873856583931,-0.09102131941709951
2019-01-07,1.3260542581676962,1.4601873856583931,-0.09186021520807537
2019-01-08,1.3365006013713652,1.4601873856583931,-0.08470610382054358
2019-01-09,1.3370020703895935,1.4601873856583931,-0.0843626759679586
2019-01-10,1.3380015644906544,1.4601873856583931,-0.08367817881993656
2019-01-11,1.336810868872444,1.4601873856583931,-0.08449361910513907
2019-01-14,1.3320037839596164,1.4601873856583931,-0.08778572048886672
2019-01-15,1.340623946898852,1.4601873856583931,-0.08188225698555156
2019-01-16,1.3410618857838272,1.4601873856583931,-0.08158233733874685
2019-01-17,1.3468599545479518,1.4601873856583931,-0.0776115669971648
2019-01-18,1.35654577248559,1.4601873856583931,-0.07097829647807254
2019-01-22,1.344908890956035,1.4601873856583931,-0.07894774043016371
2019-01-23,1.3457687439932533,1.4601873856583931,-0.07835887557236285
2019-01-24,1.3413670324034719,1.4601873856583931,-0.0813733596262685
2019-01-25,1.352260733269416,1.4601873856583931,-0.07391287820248721
2019-01-28,1.349793030426848,1.4601873856583931,-0.07560286872480326
2019-01-29,1.3533056001737043,1.4601873856583931,-0.07319730778012183
2019-01-30,1.3739630254798998,1.4601873856583931,-0.05905020206678137
2019-01-31,1.3819705281902575,1.4601873856583931,-0.05356631500611682
2019-02-01,1.3911043840837125,1.4601873856583931,-0.04731105216576799
2019-02-04,1.394090062651141,1.4601873856583931,-0.0452663292783132
2019-02-05,1.4001075819270652,1.4601873856583931,-0.0411452696560847
2019-02-06,1.3981508542584524,1.4601873856583931,-0.042485322095813516
2019-02-07,1.3904359286452872,1.4601873856583931,-0.0477688396011278
2019-02-08,1.3915473079117302,1.4601873856583931,-0.047007718612576126
2019-02-11,1.3884261885966869,1.4601873856583931,-0.0491451972305249
2019-02-12,1.4010959509305911,1.4601873856583931,-0.04046839146001653
2019-02-13,1.403229204658137,1.4601873856583931,-0.039007446276885856
2019-02-14,1.3893868258362094,1.4601873856583931,-0.04848731095581954
2019-02-15,1.4021299360273585,1.4601873856583931,-0.03976027337399354
2019-02-19,1.4041546528457813,1.4601873856583931,-0.03837365899948987
2019-02-20,1.4082658919073425,1.4601873856583931,-0.03555810320032274
2019-02-21,1.402891310231124,1.4601873856583931,-0.03923885111597134
2019-02-22,1.4074932486181773,1.4601873856583931,-0.036087243019467856
2019-02-25,1.4096608321204833,1.4601873856583931,-0.034602787309470945
2019-02-26,1.408720686332984,1.4601873856583931,-0.03524664014420519
2019-02-27,1.4082178635676388,1.4601873856583931,-0.03559099510185227
2019-02-28,1.4048218120443465,1.4601873856583931,-0.03791675928571487
2019-03-01,1.4077783582838006,1.4601873856583931,-0.03589198748690839
2019-03-04,1.4104301183478622,1.4601873856583931,-0.034075946552637494
2019-03-05,1.4102476396065078,1.4601873856583931,-0.03420091595255611
2019-03-06,1.4058191672514389,1.4601873856583931,-0.03723372694555901
2019-03-07,1.4022590185058947,1.4601873856583931,-0.039671872063446634
2019-03-08,1.4006039417152123,1.4601873856583931,-0.040805340827071226
2019-03-11,1.4176838062229264,1.4601873856583931,-0.029108304764803847
2019-03-12,1.4229148871944475,1.4601873856583931,-0.02552583238975155
2019-03-13,1.4289148465773618,1.4601873856583931,-0.02141679854803749
2019-03-14,1.4262127697541473,1.4601873856583931,-0.023267298593273866
2019-03-15,1.4307095527561495,1.4601873856583931,-0.020187705490245792
2019-03-18,1.4362074224367682,1.4601873856583931,-0.016422524572633806
2019-03-19,1.4360639056368376,1.4601873856583931,-0.01652081113594768
2019-03-20,1.4356914075618814,1.4601873856583931,-0.01677591406219865
2019-03-21,1.4431844567658163,1.4601873856583931,-0.011644347197883962
2019-03-22,1.4309692913042902,1.4601873856583931,-0.020009825205364727
2019-03-25,1.427593887153009,1.4601873856583931,-0.022321449168448946
2019-03-26,1.4350992756075047,1.4601873856583931,-0.017181431847239432
2019-03-27,1.4345561359705705,1.4601873856583931,-0.01755339755675643
2019-03-28,1.436606497158384,1.4601873856583931,-0.01614922079975134
2019-03-29,1.442217647655625,1.4601873856583931,-0.012306460238776575
2019-04-01,1.4488744755038678,1.4601873856583931,-0.00774757422618354
2019-04-02,1.4504548800515862,1.4601873856583931,-0.006665244270973201
2019-04-03,1.4472074929366359,1.4601873856583931,-0.008889196584796323
2019-04-04,1.4523595044225162,1.4601873856583931,-0.005360874441705578
2019-04-05,1.455816094875928,1.4601873856583931,-0.002993650558413858
2019-04-08,1.4609359088917595,1.4609359088917595,0.0
2019-04-09,1.4569866687744837,1.4609359088917595,-0.002703226125964448
2019-04-10,1.4595229281150908,1.4609359088917595,-0.0009671750609105091
2019-04-11,1.4567383451379203,1.4609359088917595,-0.0028732018484119346
2019-04-12,1.4638226063733217,1.4638226063733217,0.0
2019-04-15,1.4631951991640464,1.4638226063733217,-0.0004286087716801762
2019-04-16,1.465540986012703,1.465540986012703,0.0
2019-04-17,1.4761319270103992,1.4761319270103992,0.0
2019-04-18,1.4756750880111078,1.4761319270103992,-0.0003094838550214275
2019-04-22,1.4799118695363986,1.4799118695363986,0.0
2019-04-23,1.4914907405568176,1.4914907405568176,0.0
2019-04-24,1.4870978340480927,1.4914907405568176,-0.002945312625330093
2019-04-25,1.4863824310792455,1.4914907405568176,-0.003424968951309106
2019-04-26,1.4883387358215117,1.4914907405568176,-0.0021133250442635886
2019-04-29,1.4882654989974708,1.4914907405568176,-0.002162428147654945
2019-04-30,1.4911776257994231,1.4914907405568176,-0.0002099340940444516
2019-05-01,1.4925014256032925,1.4925014256032925,0.0
2019-05-02,1.4847673120097362,1.4925014256032925,-0.005181980707609707
2019-05-03,1.4943151731228221,1.4943151731228221,0.0
2019-05-06,1.4880932252465342,1.4943151731228221,-0.004163745365233293
2019-05-07,1.473407353713855,1.4943151731228221,-0.013991572718407147
2019-05-08,1.470435461028427,1.4943151731228221,-0.01598037182777938
2019-05-09,1.465662221949624,1.4943151731228221,-0.0191746371104023
2019-05-10,1.4691957395267172,1.4943151731228221,-0.01680999701261835
2019-05-13,1.4472143590981417,1.4943151731228221,-0.031519999844643966
2019-05-14,1.4544574697733603,1.4943151731228221,-0.026672889405363612
2019-05-15,1.4613132909463171,1.4943151731228221,-0.02208495421185989
2019-05-16,1.4658193409269102,1.4943151731228221,-0.019069492640137797
2019-05-17,1.459862151115128,1.4943151731228221,-0.023056061149197997
2019-05-20,1.4519409124143128,1.4943151731228221,-0.028356976808283064
2019-05-21,1.456480734163633,1.4943151731228221,-0.025318915072061188
2019-05-22,1.4547038703392416,1.4943151731228221,-0.026507997439924758
2019-05-23,1.4470753011307615,1.4943151731228221,-0.03161305783527489
2019-05-24,1.448824739629099,1.4943151731228221,-0.03044232857427071
2019-05-28,1.4372040818915728,1.4943151731228221,-0.038218906063771346
2019-05-29,1.4248195850699308,1.4943151731228221,-0.04650664685928295
2019-05-30,1.4299942161900239,1.4943151731228221,-0.0430437688713153
2019-05-31,1.422442796331095,1.4943151731228221,-0.048097200700658135
2019-06-03,1.4310458005526232,1.4943151731228221,-0.042340045599603
2019-06-04,1.4524453505251853,1.4943151731228221,-0.02801940537760666
2019-06-05,1.4592420647451387,1.4943151731228221,-0.02347102472658935
2019-06-06,1.4733614779112043,1.4943151731228221,-0.01402227293712662
2019-06-07,1.4842309097329902,1.4943151731228221,-0.006748417985181679
2019-06-10,1.4869198643564179,1.4943151731228221,-0.004948961838451747
2019-06-11,1.4901528864089655,1.4943151731228221,-0.002785414207605416
2019-06-12,1.4896088615636216,1.4943151731228221,-0.0031494771945367326
2019-06-13,1.492540124758971,1.4943151731228221,-0.0011878674564628354
2019-06-14,1.490876625720994,1.4943151731228221,-0.002301085784093498
2019-06-17,1.4906415936359632,1.4943151731228221,-0.0024583699295389794
2019-06-18,1.5032194727204053,1.5032194727204053,0.0
2019-06-19,1.5041785807217745,1.5041785807217745,0.0
2019-06-20,1.5207580219145738,1.5207580219145738,0.0
2019-06-21,1.5198271704900579,1.5207580219145738,-0.0006120970010363466
2019-06-24,1.5231382587156683,1.5231382587156683,0.0
2019-06-25,1.5170684428542753,1.5231382587156683,-0.003985072153929838
2019-06-26,1.5146296920149693,1.5231382587156683,-0.005586207720810281
2019-06-27,1.5133974897711944,1.5231382587156683,-0.006395196817318152
2019-06-28,1.5177089541145716,1.5231382587156683,-0.0035645513925142702
2019-07-01,1.5244517485762967,1.5244517485762967,0.0
2019-07-02,1.5320336523337479,1.5320336523337479,0.0
2019-07-03,1.5416763880268616,1.5416763880268616,0.0
2019-07-05,1.534854135877123,1.5416763880268616,-0.004425216733370415
2019-07-08,1.5288463024873042,1.5416763880268616,-0.008322165169811102
2019-07-09,1.530625305350903,1.5416763880268616,-0.0071682246428529444
2019-07-10,1.5381273642636848,1.5416763880268616,-0.002302054951830103
2019-07-11,1.5342923536517645,1.5416763880268616,-0.004789613716888808
2019-07-12,1.5325524394400794,1.5416763880268616,-0.005918199602485742
2019-07-15,1.5324574129078277,1.5416763880268616,-0.005979838045540128
2019-07-16,1.525073426349053,1.5416763880268616,-0.010769420746631569
2019-07-17,1.5241259721030516,1.5416763880268616,-0.011383981787690338
2019-07-18,1.528968605619667,1.5416763880268616,-0.008242833908521402
2019-07-19,1.515392123895167,1.5416763880268616,-0.017049144902150842
2019-07-22,1.5188836289505268,1.5416763880268616,-0.014784399147155966
2019-07-23,1.5356708133374162,1.5416763880268616,-0.003895483342734289
2019-07-24,1.5384339334122863,1.5416763880268616,-0.002103200541798004
2019-07-25,1.5302217460820544,1.5416763880268616,-0.007429991166607647
2019-07-26,1.5368687150459124,1.5416763880268616,-0.003118470917948202
2019-07-29,1.5431268418407516,1.5431268418407516,0.0
2019-07-30,1.54020505456629,1.5431268418407516,-0.0018934200321318096
2019-07-31,1.5325862288686531,1.5431268418407516,-0.006830684741070807
2019-08-01,1.523149665137952,1.5431268418407516,-0.012945907077197515
2019-08-02,1.5190765970428288,1.5431268418407516,-0.015585397224530086
2019-08-05,1.4960381756670806,1.5431268418407516,-0.03051509759074646
2019-08-06,1.511613766007253,1.5431268418407516,-0.020421571953156782
2019-08-07,1.5137685841272832,1.5431268418407516,-0.01902517467614504
2019-08-08,1.5352146208499247,1.5431268418407516,-0.005127395089174024
2019-08-09,1.5265738580483499,1.5431268418407516,-0.010726910674858127
2019-08-12,1.5241418772563988,1.5431268418407516,-0.012302919027515657
2019-08-13,1.5419007017097048,1.5431268418407516,-0.0007945815585607263
2019-08-14,1.5139556963080614,1.5431268418407516,-0.01890391945868349
2019-08-15,1.5200295937955417,1.5431268418407516,-0.014967822099224072
2019-08-16,1.5351937648828582,1.5431268418407516,-0.005140910483048963
2019-08-19,1.543341181151221,1.543341181151221,0.0
2019-08-20,1.536491441247852,1.543341181151221,-0.004438253826843064
2019-08-21,1.542856277967103,1.543341181151221,-0.0003141905302859786
2019-08-22,1.5434465281922223,1.5434465281922223,0.0
2019-08-23,1.5181057254587786,1.5434465281922223,-0.016418322417119505
2019-08-26,1.529954124190051,1.5434465281922223,-0.008741737245652722
2019-08-27,1.5313251089363313,1.5434465281922223,-0.007853475345264004
2019-08-28,1.536926244160528,1.5434465281922223,-0.004224496224907251
2019-08-29,1.5461449404270924,1.5461449404270924,0.0
2019-08-30,1.546785099149814,1.546785099149814,0.0
2019-09-03,1.5452024314205595,1.546785099149814,-0.001023198200011389
2019-09-04,1.5583751630201492,1.5583751630201492,0.0
2019-09-05,1.5609786824371417,1.5609786824371417,0.0
2019-09-06,1.5629139183059444,1.5629139183059444,0.0
2019-09-09,1.5615967814779603,1.5629139183059444,-0.0008427443204368686
2019-09-10,1.5664032282768736,1.5664032282768736,0.0
2019-09-11,1.5787963741433573,1.5787963741433573,0.0
2019-09-12,1.5796130336376701,1.5796130336376701,0.0
2019-09-13,1.5743899183270904,1.5796130336376701,-0.0033065790160970534
2019-09-16,1.577215102741228,1.5796130336376701,-0.001518049576306655
2019-09-17,1.5786387789796894,1.5796130336376701,-0.0006167679281153656
2019-09-18,1.5823310822507868,1.5823310822507868,0.0
2019-09-19,1.5807511653342587,1.5823310822507868,-0.0009984742979836318
2019-09-20,1.5805256236871048,1.5823310822507868,-0.0011410118804680229
2019-09-23,1.5835231959809484,1.5835231959809484,0.0
2019-09-24,1.579463190319556,1.5835231959809484,-0.002563906655549405
2019-09-25,1.5775172124288652,1.5835231959809484,-0.003792797963002121
2019-09-26,1.5722103502653801,1.5835231959809484,-0.007144098516700439
2019-09-27,1.5715671555413415,1.5835231959809484,-0.007550278057152437
2019-09-30,1.5737542782227192,1.5835231959809484,-0.006169103037469317
2019-10-01,1.5671120919348662,1.5835231959809484,-0.010363665077805145
2019-10-02,1.5498950624355428,1.5835231959809484,-0.021236274675833798
2019-10-03,1.5594769823286783,1.5835231959809484,-0.015185261392634134
2019-10-04,1.582284200636475,1.5835231959809484,-0.0007824295517855274
2019-10-07,1.5718232525673885,1.5835231959809484,-0.007388551960119571
2019-10-08,1.5575192834020355,1.5835231959809484,-0.016421554572052972
2019-10-09,1.561338420427825,1.5835231959809484,-0.014009757235908775
2019-10-10,1.5649021066536846,1.5835231959809484,-0.01175927790292239
2019-10-11,1.5761544701362178,1.5835231959809484,-0.00465337411124304
2019-10-14,1.5780523176348398,1.5835231959809484,-0.0034548773014465017
2019-10-15,1.5863918838159925,1.5863918838159925,0.0
2019-10-16,1.5861924637817835,1.5863918838159925,-0.00012570666570061776
2019-10-17,1.5907750279938986,1.5907750279938986,0.0
2019-10-18,1.580738967264676,1.5907750279938986,-0.006308912669995073
2019-10-21,1.5897906755195346,1.5907750279938986,-0.0006187879851278315
2019-10-22,1.5938771457313088,1.5938771457313088,0.0
2019-10-23,1.6042319421829216,1.6042319421829216,0.0
2019-10-24,1.600057104996673,1.6042319421829216,-0.002602390013857882
2019-10-25,1.6030751763917384,1.6042319421829216,-0.0007210714116621112
2019-10-28,1.6022887605033513,1.6042319421829216,-0.001211284745350579
2019-10-29,1.5957716408628837,1.6042319421829216,-0.005273739474683308
2019-10-30,1.604896573202429,1.604896573202429,0.0
2019-10-31,1.6124875452656722,1.6124875452656722,0.0
2019-11-01,1.6270963438469128,1.6270963438469128,0.0
2019-11-04,1.6292880663875813,1.6292880663875813,0.0
2019-11-05,1.6252000125694228,1.6292880663875813,-0.002509104376626536
2019-11-06,1.625615586241339,1.6292880663875813,-0.002254039799349144
2019-11-07,1.626026646290145,1.6292880663875813,-0.0020017455259876142
2019-11-08,1.6237865873932635,1.6292880663875813,-0.0033766152884894636
2019-11-11,1.6197097555894133,1.6292880663875813,-0.005878831985435674
2019-11-12,1.615977078227104,1.6292880663875813,-0.008169818729471322
2019-11-13,1.6199851380790131,1.6292880663875813,-0.005709811850027472
2019-11-14,1.621499687038046,1.6292880663875813,-0.004780234698952565
2019-11-15,1.6344631274625552,1.6344631274625552,0.0
2019-11-18,1.6375915752972303,1.6375915752972303,0.0
2019-11-19,1.6367448839730414,1.6375915752972303,-0.0005170344895278484
2019-11-20,1.6372069153258908,1.6375915752972303,-0.00023489371656647701
2019-11-21,1.6387182234639897,1.6387182234639897,0.0
2019-11-22,1.6420637169151413,1.6420637169151413,0.0
2019-11-25,1.6474342020802402,1.6474342020802402,0.0
2019-11-26,1.6508776933716358,1.6508776933716358,0.0
2019-11-27,1.6544312884771601,1.6544312884771601,0.0
2019-11-29,1.6508957957698673,1.6544312884771601,-0.002136983706677291
2019-12-02,1.6454821616595876,1.6544312884771601,-0.005409186153514942
2019-12-03,1.6423429585487694,1.6544312884771601,-0.007306637641940117
2019-12-04,1.654662330176258,1.654662330176258,0.0
2019-12-05,1.6574699591943216,1.6574699591943216,0.0
2019-12-06,1.6686716389144938,1.6686716389144938,0.0
2019-12-09,1.663801086236328,1.6686716389144938,-0.0029188203146631214
2019-12-10,1.6618285239086246,1.6686716389144938,-0.004100935646225039
2019-12-11,1.6686224862761605,1.6686716389144938,-2.9456147744709506e-05
2019-12-12,1.6781935852343721,1.6781935852343721,0.0
2019-12-13,1.6805320123388228,1.6805320123388228,0.0
2019-12-16,1.6874267671700058,1.6874267671700058,0.0
2019-12-17,1.690510008476839,1.690510008476839,0.0
2019-12-18,1.686135257970296,1.690510008476839,-0.0025878288117824823
2019-12-19,1.6903741711143432,1.690510008476839,-8.035288866356582e-05
2019-12-20,1.6964198333124039,1.6964198333124039,0.0
2019-12-23,1.701867049155557,1.701867049155557,0.0
2019-12-24,1.7029465957881433,1.7029465957881433,0.0
2019-12-26,1.714142792607973,1.714142792607973,0.0
2019-12-27,1.714755894868613,1.714755894868613,0.0
2019-12-30,1.7115031048489682,1.714755894868613,-0.0018969405670969163
2019-12-31,1.7151564631674094,1.7151564631674094,0.0
2020-01-02,1.730842737757689,1.730842737757689,0.0
2020-01-03,1.7250237539680229,1.730842737757689,-0.003361936739096564
2020-01-06,1.729738365110324,1.730842737757689,-0.0006380548753930569
2020-01-07,1.722115361157918,1.730842737757689,-0.0050422701088818685
2020-01-08,1.7224878289191117,1.730842737757689,-0.004827075652985703
2020-01-09,1.7350552069796512,1.7350552069796512,0.0
2020-01-10,1.7343193164932544,1.7350552069796512,-0.00042413087689457225
2020-01-13,1.7453444807046283,1.7453444807046283,0.0
2020-01-14,1.7443850019492309,1.7453444807046283,-0.0005497360354960534
2020-01-15,1.7465019948707414,1.7465019948707414,0.0
2020-01-16,1.7522446189902072,1.7522446189902072,0.0
2020-01-17,1.7564679080066579,1.7564679080066579,0.0
2020-01-21,1.7528312086823588,1.7564679080066579,-0.002070461582430075
2020-01-22,1.7531529494613436,1.7564679080066579,-0.0018872867134112805
2020-01-23,1.7561430128323707,1.7564679080066579,-0.00018497074316367213
2020-01-24,1.7488075916290144,1.7564679080066579,-0.004361204860461578
2020-01-27,1.736596906458205,1.7564679080066579,-0.011313045605828156
2020-01-28,1.7443383740760643,1.7564679080066579,-0.006905639365969899
2020-01-29,1.7514072919154455,1.7564679080066579,-0.0028811321107229423
2020-01-30,1.7637175817794513,1.7637175817794513,0.0
2020-01-31,1.7345090233994462,1.7637175817794513,-0.016560791070946802
2020-02-03,1.7333048209858435,1.7637175817794513,-0.01724355481160635
2020-02-04,1.741456039433654,1.7637175817794513,-0.012621942750798637
2020-02-05,1.7608199867998495,1.7637175817794513,-0.0016428905679322496
2020-02-06,1.7632291036831897,1.7637175817794513,-0.00027695936203611324
2020-02-07,1.7586193465250828,1.7637175817794513,-0.002890618830949546
2020-02-10,1.7631070829869806,1.7637175817794513,-0.0003461431687122576
2020-02-11,1.7623994211171825,1.7637175817794513,-0.0007473762669751428
2020-02-12,1.7684786924209333,1.7684786924209333,0.0
2020-02-13,1.7666373931841555,1.7684786924209333,-0.0010411769418930134
2020-02-14,1.7685658371955324,1.7685658371955324,0.0
2020-02-18,1.7595560203509957,1.7685658371955324,-0.005094419814658332
2020-02-19,1.7703416646721952,1.7703416646721952,0.0
2020-02-20,1.7670072696587824,1.7703416646721952,-0.0018834754216950707
2020-02-21,1.763561127815847,1.7703416646721952,-0.003830072460958427
2020-02-24,1.7248301897537441,1.7703416646721952,-0.02570773530705905
2020-02-25,1.6854868867860828,1.7703416646721952,-0.0479313002565663
2020-02-26,1.6816529498342339,1.7703416646721952,-0.05009694829409293
2020-02-27,1.6229803094102822,1.7703416646721952,-0.08323893528721711
2020-02-28,1.6049074015177907,1.7703416646721952,-0.09344764711564146
2020-03-02,1.6681463945267179,1.7703416646721952,-0.05772629780161691
2020-03-03,1.6414612941602913,1.7703416646721952,-0.07279971605693866
2020-03-04,1.6897411305590884,1.7703416646721952,-0.0455282365667145
2020-03-05,1.6560394560096867,1.7703416646721952,-0.06456505596826319
2020-03-06,1.6346551663559965,1.7703416646721952,-0.07664424389024538
2020-03-09,1.5351411748458488,1.7703416646721952,-0.13285598736100315
2020-03-10,1.5809944523615442,1.7703416646721952,-0.10695518051071312
2020-03-11,1.5216394054369131,1.7703416646721952,-0.1404826334928591
2020-03-12,1.4132034404713811,1.7703416646721952,-0.2017340671168938
2020-03-13,1.4953779126703057,1.7703416646721952,-0.1553167716090572
2020-03-16,1.3927258244869263,1.7703416646721952,-0.21330110888803494
2020-03-17,1.4432204716203365,1.7703416646721952,-0.1847785653920256
2020-03-18,1.3677618066223016,1.7703416646721952,-0.22740235180785692
2020-03-19,1.356340785752378,1.7703416646721952,-0.23385366066977564
2020-03-20,1.3178001465090912,1.7703416646721952,-0.2556238308083309
2020-03-23,1.2936412128625707,1.7703416646721952,-0.26927031167053994
2020-03-24,1.3889364093017489,1.7703416646721952,-0.21544160823954236
2020-03-25,1.4131766920334363,1.7703416646721952,-0.2017491763121856
2020-03-26,1.47745956980588,1.7703416646721952,-0.16543817541601313
2020-03-27,1.4348488822930172,1.7703416646721952,-0.18950736407217725
2020-03-30,1.475959184494166,1.7703416646721952,-0.16628568713742525
2020-03-31,1.455242431968569,1.7703416646721952,-0.17798780822456178
2020-04-01,1.4162144638272323,1.7703416646721952,-0.20003325228779203
2020-04-02,1.4610825587832867,1.7703416646721952,-0.17468893833336535
2020-04-03,1.4472768426823384,1.7703416646721952,-0.18248727261902695
2020-04-06,1.5164681857983802,1.7703416646721952,-0.1434036626601247
2020-04-07,1.5138304221873589,1.7703416646721952,-0.14489363697618968
2020-04-08,1.5548657516191773,1.7703416646721952,-0.12171430936350723
2020-04-09,1.580943623075493,1.7703416646721952,-0.10698389207925697
2020-04-13,1.5637259201870828,1.7703416646721952,-0.11670953048680034
2020-04-14,1.5910321908335725,1.7703416646721952,-0.10128523630031862
2020-04-15,1.5671902346714932,1.7703416646721952,-0.11475266839992634
2020-04-16,1.5584132746290535,1.7703416646721952,-0.11971044588298911
2020-04-17,1.59942998961517,1.7703416646721952,-0.09654163287665266
2020-04-20,1.5712402356044373,1.7703416646721952,-0.11246497387532509
2020-04-21,1.5461613000071233,1.7703416646721952,-0.12663112953768857
2020-04-22,1.569546592196707,1.7703416646721952,-0.11342164988963782
2020-04-23,1.5786351540500505,1.7703416646721952,-0.10828786016152538
2020-04-24,1.5916369994476884,1.7703416646721952,-0.10094360246421505
2020-04-27,1.6043328022692247,1.7703416646721952,-0.09377221680748812
2020-04-28,1.603754905940142,1.7703416646721952,-0.09409864889718861
2020-04-29,1.6322700392298406,1.7703416646721952,-0.07799151327544483
2020-04-30,1.614363873185269,1.7703416646721952,-0.08810603885087223
2020-05-01,1.5853673761934877,1.7703416646721952,-0.10448507888049863
2020-05-04,1.592088738324363,1.7703416646721952,-0.10068843201565753
2020-05-05,1.5987574661792208,1.7703416646721952,-0.09692151629089393
2020-05-06,1.5814090823228253,1.7703416646721952,-0.10672097150487253
2020-05-07,1.5940413912603297,1.7703416646721952,-0.09958545117589496
2020-05-08,1.6185301082054433,1.7703416646721952,-0.08575268802412898
2020-05-11,1.6090856560450906,1.7703416646721952,-0.09108750691746476
2020-05-12,1.589852883273368,1.7703416646721952,-0.10195138317113908
2020-05-13,1.5666110067169339,1.7703416646721952,-0.1150798526752095
2020-05-14,1.5832775532984684,1.7703416646721952,-0.10566554191581119
2020-05-15,1.5803189215608682,1.7703416646721952,-0.10733676267316036
2020-05-18,1.6192451198880324,1.7703416646721952,-0.08534880458351554
2020-05-19,1.6045216383793353,1.7703416646721952,-0.09366555032955404
2020-05-20,1.6297257880840246,1.7703416646721952,-0.07942866588648455
2020-05-21,1.613581196352673,1.7703416646721952,-0.08854814381186063
2020-05-22,1.6138184906364446,1.7703416646721952,-0.08841410511836609
2020-05-26,1.6346216892665768,1.7703416646721952,-0.0766631538498807
2020-05-27,1.6551521021028999,1.7703416646721952,-0.0650662891056255
2020-05-28,1.6509061067749378,1.7703416646721952,-0.06746469355641173
2020-05-29,1.6520200929988376,1.7703416646721952,-0.06683544427299384
2020-06-01,1.6605765451306849,1.7703416646721952,-0.06200222348708885
2020-06-02,1.6675688598120464,1.7703416646721952,-0.058052525628819074
2020-06-03,1.6896343714114834,1.7703416646721952,-0.0455885408287309
2020-06-04,1.6875811489497954,1.7703416646721952,-0.046748329643884964
2020-06-05,1.725778312261006,1.7703416646721952,-0.025172176253017695
2020-06-08,1.746440332957767,1.7703416646721952,-0.013500971135339575
2020-06-09,1.7408984834815682,1.7703416646721952,-0.0166313552791398
2020-06-10,1.73219341350448,1.7703416646721952,-0.021548524744673423
2020-06-11,1.6508010290569102,1.7703416646721952,-0.06752404804155121
2020-06-12,1.667450504139725,1.7703416646721952,-0.05811938033527674
2020-06-15,1.6763454097073662,1.7703416646721952,-0.05309497982257215
2020-06-16,1.6958930032700725,1.7703416646721952,-0.042053273042019244
2020-06-17,1.6822270312776333,1.7703416646721952,-0.04977267109107871
2020-06-18,1.6853306368885161,1.7703416646721952,-0.04801955999799628
2020-06-19,1.6750575009734954,1.7703416646721952,-0.05382247144725203
2020-06-22,1.681077995943174,1.7703416646721952,-0.05042171831026166
2020-06-23,1.6894580259591594,1.7703416646721952,-0.0456881517997898
2020-06-24,1.6557975555244733,1.7703416646721952,-0.06470169653321212
2020-06-25,1.672643463059308,1.7703416646721952,-0.055186071458684996
2020-06-26,1.6366754842698181,1.7703416646721952,-0.07550304162735014
2020-06-29,1.6535886914029543,1.7703416646721952,-0.06594940151897712
2020-06-30,1.6659521482851296,1.7703416646721952,-0.05896574569202995
2020-07-01,1.6594873372993375,1.7703416646721952,-0.06261747638040481
2020-07-02,1.6648728847988266,1.7703416646721952,-0.059575381395600695
2020-07-06,1.6853557090847713,1.7703416646721952,-0.048005397649137034
2020-07-07,1.6751342213097669,1.7703416646721952,-0.05377913498977466
2020-07-08,1.6837822517443828,1.7703416646721952,-0.04889418503509049
2020-07-09,1.6664670936908146,1.7703416646721952,-0.05867487223186071
2020-07-10,1.6909632102567926,1.7703416646721952,-0.04483792931015984
2020-07-13,1.6968831737480334,1.7703416646721952,-0.0414939626570692
2020-07-14,1.7195283174153384,1.7703416646721952,-0.028702565313157027
2020-07-15,1.7312028507331156,1.7703416646721952,-0.022108056721540648
2020-07-16,1.7259993605824016,1.7703416646721952,-0.025047314297946155
2020-07-17,1.7230972328219507,1.7703416646721952,-0.026686618065328377
2020-07-20,1.721149995394268,1.7703416646721952,-0.027786539886376027
2020-07-21,1.7421482166007407,1.7703416646721952,-0.015925427635842797
2020-07-22,1.7476096954049525,1.7703416646721952,-0.012840441888064531
2020-07-23,1.7391487835602741,1.7703416646721952,-0.01761969552792337
2020-07-24,1.7349621992428106,1.7703416646721952,-0.01998454091399112
2020-07-27,1.743892334817382,1.7703416646721952,-0.014940240283906253
2020-07-28,1.7387606207947603,1.7703416646721952,-0.017838954201692233
2020-07-29,1.753377029276841,1.7703416646721952,-0.009582690016221
2020-07-30,1.7374109465596084,1.7703416646721952,-0.018601334855147558
2020-07-31,1.7602890815325054,1.7703416646721952,-0.005678329409679912
2020-08-03,1.7641859780669724,1.7703416646721952,-0.0034771178513513805
2020-08-04,1.7800734619199263,1.7800734619199263,0.0
2020-08-05,1.7925022171133598,1.7925022171133598,0.0
2020-08-06,1.8049896153916425,1.8049896153916425,0.0
2020-08-07,1.8019913757089994,1.8049896153916425,-0.0016610841730480379
2020-08-10,1.8113149507832103,1.8113149507832103,0.0
2020-08-11,1.7967335135816354,1.8113149507832103,-0.008050194249912145
2020-08-12,1.8087366566051608,1.8113149507832103,-0.001423437805189315
2020-08-13,1.8057211055223248,1.8113149507832103,-0.0030882786334130875
2020-08-14,1.8054501076350067,1.8113149507832103,-0.0032378925297710474
2020-08-17,1.802188997550581,1.8113149507832103,-0.005038302824521641
2020-08-18,1.8065878333437164,1.8113149507832103,-0.0026097711154263003
2020-08-19,1.7909721060789912,1.8113149507832103,-0.01123098150071741
2020-08-20,1.7955517866447388,1.8113149507832103,-0.008702608086824149
2020-08-21,1.8073164040380958,1.8113149507832103,-0.002207538089047129
2020-08-24,1.8275809251515254,1.8275809251515254,0.0
2020-08-25,1.8183685141470545,1.8275809251515254,-0.005040767759002023
2020-08-26,1.8190713652925083,1.8275809251515254,-0.004656187718916739
2020-08-27,1.8176459675985486,1.8275809251515254,-0.005436124560204133
2020-08-28,1.8374065208792043,1.8374065208792043,0.0
2020-08-31,1.8347108632865419,1.8374065208792043,-0.0014670991759474965
2020-09-01,1.8411352467488942,1.8411352467488942,0.0
2020-09-02,1.8541414460656103,1.8541414460656103,0.0
2020-09-03,1.8155242928932147,1.8541414460656103,-0.020827511975604184
2020-09-04,1.8159303091616599,1.8541414460656103,-0.020608533930910396
2020-09-08,1.7747868153555846,1.8541414460656103,-0.04279858523113865
2020-09-09,1.7957153858825432,1.8541414460656103,-0.031511112761674176
2020-09-10,1.7719411067463675,1.8541414460656103,-0.04433337030120734
2020-09-11,1.777765900541337,1.8541414460656103,-0.041191865748073334
2020-09-14,1.7918529736713065,1.8541414460656103,-0.03359423981728936
2020-09-15,1.7852150160584797,1.8541414460656103,-0.03717431059717091
2020-09-16,1.7862574030305922,1.8541414460656103,-0.036612116717990625
2020-09-17,1.7746681538818123,1.8541414460656103,-0.04286258330098605
2020-09-18,1.763217230420214,1.8541414460656103,-0.049038446251407936
2020-09-21,1.7408532305885798,1.8541414460656103,-0.06110009337066602
2020-09-22,1.7387042190324946,1.8541414460656103,-0.06225912660442779
2020-09-23,1.7036425746460726,1.8541414460656103,-0.08116903472434009
2020-09-24,1.7098908381162101,1.8541414460656103,-0.0777991389251841
2020-09-25,1.7261674264067846,1.8541414460656103,-0.06902063482286089
2020-09-28,1.7514692789067414,1.8541414460656103,-0.05537450628523176
2020-09-29,1.740814581646418,1.8541414460656103,-0.06112093802749831
2020-09-30,1.7494641778411941,1.8541414460656103,-0.056455923816673075
2020-10-01,1.7458432015082843,1.8541414460656103,-0.05840883649256052
2020-10-02,1.7359977848457049,1.8541414460656103,-0.06371879635752707
2020-10-05,1.755973019817189,1.8541414460656103,-0.0529454893836333
2020-10-06,1.735750600195029,1.8541414460656103,-0.06385211124091986
2020-10-07,1.7511800833767632,1.8541414460656103,-0.05553047902970164
2020-10-08,1.7763412307977793,1.8541414460656103,-0.04196023740956706
2020-10-09,1.7862797408036921,1.8541414460656103,-0.03660006921581797
2020-10-12,1.8086712830173832,1.8541414460656103,-0.024523567576094217
2020-10-13,1.7838894983901408,1.8541414460656103,-0.03788920625475494
2020-10-14,1.7813242608062745,1.8541414460656103,-0.03927272399516767
2020-10-15,1.7839375002790656,1.8541414460656103,-0.03786331724341403
2020-10-16,1.7781190953462014,1.8541414460656103,-0.04100137607124002
2020-10-19,1.752664117792182,1.8541414460656103,-0.054730090031026364
2020-10-20,1.7616207074662287,1.8541414460656103,-0.04989950405116378
2020-10-21,1.7530964138999034,1.8541414460656103,-0.054496938397078074
2020-10-22,1.7715225259046303,1.8541414460656103,-0.04455912483715463
2020-10-23,1.76913469947059,1.8541414460656103,-0.045846958858182026
2020-10-26,1.7512094173302284,1.8541414460656103,-0.05551465825533331
2020-10-27,1.7470330224176238,1.8541414460656103,-0.05776712659935672
2020-10-28,1.6958855066685128,1.8541414460656103,-0.08535267885463009
2020-10-29,1.7122145828149726,1.8541414460656103,-0.07654586631014527
2020-10-30,1.696556302704345,1.8541414460656103,-0.08499089629631681
2020-11-02,1.7210064846974078,1.8541414460656103,-0.07180410192043751
2020-11-03,1.7341263898453159,1.8541414460656103,-0.06472810177182543
2020-11-04,1.745229984813453,1.8541414460656103,-0.05873956460186017
2020-11-05,1.7729102702233501,1.8541414460656103,-0.04381066828241631
2020-11-06,1.7686802389918437,1.8541414460656103,-0.04609206447281071
2020-11-09,1.8304345136760953,1.8541414460656103,-0.012785935204576644
2020-11-10,1.8427642825568977,1.8541414460656103,-0.006136081760565936
2020-11-11,1.8430346075154216,1.8541414460656103,-0.005990286541383777
2020-11-12,1.8331809957044463,1.8541414460656103,-0.011304666321785195
2020-11-13,1.8490464845692136,1.8541414460656103,-0.002747881779573987
2020-11-16,1.8764219488897063,1.8764219488897063,0.0
2020-11-17,1.8717389667087931,1.8764219488897063,-0.002495697827284571
2020-11-18,1.847264898528551,1.8764219488897063,-0.015538642776166525
2020-11-19,1.8539073641658999,1.8764219488897063,-0.011998679048243102
2020-11-20,1.844467167764963,1.8764219488897063,-0.017029635122127657
2020-11-23,1.8528362629508577,1.8764219488897063,-0.01256950013444706
2020-11-24,1.8818980977535276,1.8818980977535276,0.0
2020-11-25,1.8718474076370117,1.8818980977535276,-0.005340719632223235
2020-11-27,1.8679215936812028,1.8818980977535276,-0.007426812370451348
2020-11-30,1.8495847955964992,1.8818980977535276,-0.017170590796388805
2020-12-01,1.8729901895358192,1.8818980977535276,-0.004733470015375424
2020-12-02,1.8887368168447354,1.8887368168447354,0.0
2020-12-03,1.8966209079555922,1.8966209079555922,0.0
2020-12-04,1.9108294840280626,1.9108294840280626,0.0
2020-12-07,1.9077371876670266,1.9108294840280626,-0.0016183005270137517
2020-12-08,1.9246406048541373,1.9246406048541373,0.0
2020-12-09,1.9170014616839608,1.9246406048541373,-0.003969127093603796
2020-12-10,1.9241031512866298,1.9246406048541373,-0.00027924879385379797
2020-12-11,1.9233981669993279,1.9246406048541373,-0.0006455427842870678
2020-12-14,1.9014277736401628,1.9246406048541373,-0.012060865366463459
2020-12-15,1.9326855691446476,1.9326855691446476,0.0
2020-12-16,1.933086351004285,1.933086351004285,0.0
2020-12-17,1.9421372382784468,1.9421372382784468,0.0
2020-12-18,1.9343441375086705,1.9421372382784468,-0.004012641648684012
2020-12-21,1.9348150095706926,1.9421372382784468,-0.0037701911911460512
2020-12-22,1.9321516130617833,1.9421372382784468,-0.00514156518903625
2020-12-23,1.9407051303648322,1.9421372382784468,-0.0007373875982544059
2020-12-24,1.9458837376668343,1.9458837376668343,0.0
2020-12-28,1.962744605282451,1.962744605282451,0.0
2020-12-29,1.957568431823499,1.962744605282451,-0.0026372119148977496
2020-12-30,1.9653089422287682,1.9653089422287682,0.0
2020-12-31,1.9709418508897658,1.9709418508897658,0.0
2021-01-04,1.9553097700006623,1.9709418508897658,-0.007931274523419617
2021-01-05,1.9722191727141614,1.9722191727141614,0.0
2021-01-06,1.9686738551187377,1.9722191727141614,-0.0017976286025779746
2021-01-07,1.9860990674611352,1.9860990674611352,0.0
2021-01-08,1.9884517106399402,1.9884517106399402,0.0
2021-01-11,1.986031398102027,1.9884517106399402,-0.0012171844681781428
2021-01-12,1.9941853331255273,1.9941853331255273,0.0
2021-01-13,2.0035479837226218,2.0035479837226218,0.0
2021-01-14,2.007379647723745,2.007379647723745,0.0
2021-01-15,1.9801718120183547,2.007379647723745,-0.013553906325713011
2021-01-19,1.9930575741131296,2.007379647723745,-0.007134710978491772
2021-01-20,2.0090371186118907,2.0090371186118907,0.0
2021-01-21,2.007634412026157,2.0090371186118907,-0.0006981984418002092
2021-01-22,2.004599268145397,2.0090371186118907,-0.0022089439888299204
2021-01-25,2.014987772578855,2.014987772578855,0.0
2021-01-26,2.0168210065521817,2.0168210065521817,0.0
2021-01-27,1.9900488512327479,2.0168210065521817,-0.01327443299750314
2021-01-28,1.9956876774917023,2.0168210065521817,-0.010478534779151007
2021-01-29,1.9564201644928911,2.0168210065521817,-0.029948538746404494
2021-02-01,1.9703979967960674,2.0168210065521817,-0.023017912648319656
2021-02-02,1.982559806558696,2.0168210065521817,-0.0169877246826461
2021-02-03,1.9886987618378533,2.0168210065521817,-0.013943847581399497
2021-02-04,2.0059329357404407,2.0168210065521817,-0.005398630208812839
2021-02-05,2.0215159262353053,2.0215159262353053,0.0
2021-02-08,2.0442008439590653,2.0442008439590653,0.0
2021-02-09,2.040326049044508,2.0442008439590653,-0.0018955059753585721
2021-02-10,2.044612735857808,2.044612735857808,0.0
2021-02-11,2.0362605272861125,2.044612735857808,-0.0040849831487483395
2021-02-12,2.0438976006699767,2.044612735857808,-0.0003497655938894175
2021-02-16,2.041408551760135,2.044612735857808,-0.001567134959828257
2021-02-17,2.0406553142283985,2.044612735857808,-0.0019355360357515606
2021-02-18,2.0365540609891273,2.044612735857808,-0.0039414186986855655
2021-02-19,2.032504150117277,2.044612735857808,-0.0059221903141724545
2021-02-22,2.039077925184699,2.044612735857808,-0.002707021518569828
2021-02-23,2.0406455504406726,2.044612735857808,-0.0019403114083953118
2021-02-24,2.0569783800435637,2.0569783800435637,0.0
2021-02-25,2.0225806660978107,2.0569783800435637,-0.016722447974890472
2021-02-26,1.9984519957470104,2.0569783800435637,-0.028452600603081607
2021-03-01,2.0352034116507927,2.0569783800435637,-0.010585900466445293
2021-03-02,2.0275307352905396,2.0569783800435637,-0.014315971931800483
2021-03-03,2.0142974540117295,2.0569783800435637,-0.020749331371645353
2021-03-04,2.0037073798529548,2.0569783800435637,-0.025897695720788632
2021-03-05,2.0309241000724327,2.0569783800435637,-0.012666287708176679
2021-03-08,2.0239518504989227,2.0569783800435637,-0.016055846704592768
2021-03-09,2.037702648053567,2.0569783800435637,-0.009370896737178305
2021-03-10,2.0573653196230848,2.0573653196230848,0.0
2021-03-11,2.0560653261516273,2.0573653196230848,-0.0006318729391703978
2021-03-12,2.0549978172589043,2.0573653196230848,-0.0011507447615643769
2021-03-15,2.0623565631768304,2.0623565631768304,0.0
2021-03-16,2.058454893952773,2.0623565631768304,-0.001891849980610215
2021-03-17,2.0605095177504635,2.0623565631768304,-0.0008955994609979832
2021-03-18,2.033221712151218,2.0623565631768304,-0.01412697083802677
2021-03-19,2.029298275635987,2.0623565631768304,-0.016029375390800783
2021-03-22,2.0332360233612468,2.0623565631768304,-0.014120031586936962
2021-03-23,2.025951183019284,2.0623565631768304,-0.017652321042617453
2021-03-24,2.0320463144337415,2.0623565631768304,-0.014696900276254506
2021-03-25,2.0366992703215514,2.0623565631768304,-0.012440764760753474
2021-03-26,2.062760829465598,2.062760829465598,0.0
2021-03-29,2.0580386717381094,2.062760829465598,-0.0022892415155623706
2021-03-30,2.0460603511096487,2.062760829465598,-0.008096177762050993
2021-03-31,2.0436035891154734,2.062760829465598,-0.009287184474550863
2021-04-01,2.0618947863911066,2.062760829465598,-0.0004198465775189785
2021-04-05,2.0702421670712035,2.0702421670712035,0.0
2021-04-06,2.073808605015699,2.073808605015699,0.0
2021-04-07,2.081043244044632,2.081043244044632,0.0
2021-04-08,2.0880340305265483,2.0880340305265483,0.0
2021-04-09,2.091190409586341,2.091190409586341,0.0
2021-04-12,2.0853122941671156,2.091190409586341,-0.002810894403627305
2021-04-13,2.0893448376581594,2.091190409586341,-0.0008825460941869232
2021-04-14,2.0851634401582873,2.091190409586341,-0.0028820758743083054
2021-04-15,2.103516574020672,2.103516574020672,0.0
2021-04-16,2.1085131065148808,2.1085131065148808,0.0
2021-04-19,2.107415792767175,2.1085131065148808,-0.0005204206434929149
2021-04-20,2.0998412905029693,2.1085131065148808,-0.004112763627182258
2021-04-21,2.114131614196992,2.114131614196992,0.0
2021-04-22,2.0960008836624895,2.114131614196992,-0.008575970584210293
2021-04-23,2.109067096944868,2.114131614196992,-0.0023955543818152524
2021-04-26,2.1057442588281905,2.114131614196992,-0.003967281560181946
2021-04-27,2.1048413196035782,2.114131614196992,-0.004394378538699638
2021-04-28,2.111873565327224,2.114131614196992,-0.0010680739338103013
2021-04-29,2.1273088138379714,2.1273088138379714,0.0
2021-04-30,2.1074695802545635,2.1273088138379714,-0.009325977241458918
2021-05-03,2.1267343923921174,2.1273088138379714,-0.00027002259480029536
2021-05-04,2.1233503973219077,2.1273088138379714,-0.0018607625232004816
2021-05-05,2.1351601984203845,2.1351601984203845,0.0
2021-05-06,2.157248940192422,2.157248940192422,0.0
2021-05-07,2.1675958081587066,2.1675958081587066,0.0
2021-05-10,2.1614501653591383,2.1675958081587066,-0.0028352346763342406
2021-05-11,2.137363442533554,2.1675958081587066,-0.013947418384626755
2021-05-12,2.116704663211227,2.1675958081587066,-0.023478152502384445
2021-05-13,2.1347353560667446,2.1675958081587066,-0.015159861431857876
2021-05-14,2.1613032200634903,2.1675958081587066,-0.002903026510538231
2021-05-17,2.16791307832429,2.16791307832429,0.0
2021-05-18,2.1494855447495302,2.16791307832429,-0.00850012565494722
2021-05-19,2.13804802868954,2.16791307832429,-0.013775944217207547
2021-05-20,2.1527834807992807,2.16791307832429,-0.00697887644863695
2021-05-21,2.1526815911822563,2.16791307832429,-0.00702587538878964
2021-05-24,2.1670012186882737,2.16791307832429,-0.0004206163268876571
2021-05-25,2.1612111782770556,2.16791307832429,-0.003091406253434703
2021-05-26,2.1634041544561144,2.16791307832429,-0.002079845319103344
2021-05-27,2.163530185899226,2.16791307832429,-0.0020217104038377674
2021-05-28,2.1618297426965807,2.16791307832429,-0.0028060791221443423
2021-06-01,2.1667539163228455,2.16791307832429,-0.0005346902572037618
2021-06-02,2.1751718931677035,2.1751718931677035,0.0
2021-06-03,2.1661894459622033,2.1751718931677035,-0.004129534421493049
2021-06-04,2.184885291737918,2.184885291737918,0.0
2021-06-07,2.1790086559102546,2.184885291737918,-0.0026896770507291675
2021-06-08,2.1813975437002404,2.184885291737918,-0.0015963071612345944
2021-06-09,2.1854307011078973,2.1854307011078973,0.0
2021-06-10,2.1880735970162415,2.1880735970162415,0.0
2021-06-11,2.182732852853008,2.1880735970162415,-0.002440843018496493
2021-06-14,2.1810400732377557,2.1880735970162415,-0.003214482267907716
2021-06-15,2.181080306307074,2.1880735970162415,-0.00319609482912449
2021-06-16,2.17299314249944,2.1880735970162415,-0.006892114843561796
2021-06-17,2.1579585023366157,2.1880735970162415,-0.01376329147277868
2021-06-18,2.1303473297113937,2.1880735970162415,-0.026382232930174727
2021-06-21,2.1568722628717176,2.1880735970162415,-0.014259727911835985
2021-06-22,2.166669791311756,2.1880735970162415,-0.009782031890368246
2021-06-23,2.1647140366642654,2.1880735970162415,-0.010675856782802114
2021-06-24,2.172164075710107,2.1880735970162415,-0.0072710174501577065
2021-06-25,2.174975704553865,2.1880735970162415,-0.00598603834909277
2021-06-28,2.1746552689079217,2.1880735970162415,-0.0061324848152354795
2021-06-29,2.171522191037043,2.1880735970162415,-0.007564373520967818
2021-06-30,2.1824254518636006,2.1880735970162415,-0.0025813323465641034
2021-07-01,2.190250841428165,2.190250841428165,0.0
2021-07-02,2.2066019936320664,2.2066019936320664,0.0
2021-07-06,2.1990938208393924,2.2066019936320664,-0.0034025949465927774
2021-07-07,2.2091065429444554,2.2091065429444554,0.0
2021-07-08,2.1977158110556774,2.2091065429444554,-0.005156261894727655
2021-07-09,2.2178168265711897,2.2178168265711897,0.0
2021-07-12,2.220298733962549,2.220298733962549,0.0
2021-07-13,2.2167427232366617,2.220298733962549,-0.001601591115417618
2021-07-14,2.2310020233253764,2.2310020233253764,0.0
2021-07-15,2.227353718477548,2.2310020233253764,-0.0016352763510229813
2021-07-16,2.2033241663596055,2.2310020233253764,-0.0124060205577565
2021-07-19,2.1745163871184046,2.2310020233253764,-0.02531850514540472
2021-07-20,2.193607085271663,2.2310020233253764,-0.016761498942065058
2021-07-21,2.209745237963221,2.2310020233253764,-0.009527909495335905
2021-07-22,2.209946163582827,2.2310020233253764,-0.009437848788306002
2021-07-23,2.2181002705298347,2.2310020233253764,-0.005782940876185884
2021-07-26,2.2273347903306493,2.2310020233253764,-0.0016437604970259202
2021-07-27,2.22414607242473,2.2310020233253764,-0.0030730366126819992
2021-07-28,2.221098974053699,2.2310020233253764,-0.004438834733514317
2021-07-29,2.232339678908332,2.232339678908332,0.0
2021-07-30,2.2217874174828744,2.232339678908332,-0.004726996310264802
2021-08-02,2.2210056591340233,2.232339678908332,-0.00507719317153884
2021-08-03,2.236485606121225,2.236485606121225,0.0
2021-08-04,2.219745137139032,2.236485606121225,-0.007485167325188332
2021-08-05,2.2269671705199845,2.236485606121225,-0.0042559789229979945
2021-08-06,2.22537330280756,2.236485606121225,-0.004968645129327211
2021-08-09,2.2166604540954373,2.236485606121225,-0.00886442191781891
2021-08-10,2.2238574825105863,2.236485606121225,-0.005646413988122931
2021-08-11,2.232539864185284,2.236485606121225,-0.0017642599286762956
2021-08-12,2.2420329857977466,2.2420329857977466,0.0
2021-08-13,2.2490130658376444,2.2490130658376444,0.0
2021-08-16,2.2533761298627257,2.2533761298627257,0.0
2021-08-17,2.245547105728699,2.2533761298627257,-0.003474353007593012
2021-08-18,2.2206229017556196,2.2533761298627257,-0.014535180200520467
2021-08-19,2.216067183602376,2.2533761298627257,-0.016556910213929694
2021-08-20,2.222539062061377,2.2533761298627257,-0.01368482935124866
2021-08-23,2.2438370043769535,2.2533761298627257,-0.00423325931226284
2021-08-24,2.240191653437095,2.2533761298627257,-0.005850987880320717
2021-08-25,2.2388780195419646,2.2533761298627257,-0.0064339504304788695
2021-08-26,2.230291445162645,2.2533761298627257,-0.010244487990332453
2021-08-27,2.24847285738653,2.2533761298627257,-0.00217596716820402
2021-08-30,2.2538940674924004,2.2538940674924004,0.0
2021-08-31,2.2454136937326044,2.2538940674924004,-0.0037625431834207705
2021-09-01,2.245924946089926,2.2538940674924004,-0.003535712488626656
2021-09-02,2.259827918720038,2.259827918720038,0.0
2021-09-03,2.258600013028246,2.259827918720038,-0.0005433624753549193
2021-09-07,2.2422486475053383,2.259827918720038,-0.007779030902785051
2021-09-08,2.2395605360365503,2.259827918720038,-0.008968551328884815
2021-09-09,2.2335210322096595,2.259827918720038,-0.011641101648694804
2021-09-10,2.211350087082467,2.259827918720038,-0.02145200138293214
2021-09-13,2.2275949925328384,2.259827918720038,-0.014263442769330899
2021-09-14,2.21828640487809,2.259827918720038,-0.018382600505916724
2021-09-15,2.2329689200224054,2.259827918720038,-0.011885417679433442
2021-09-16,2.218401267353456,2.259827918720038,-0.01833177253162088
2021-09-17,2.1994948903209575,2.259827918720038,-0.02669806311325373
2021-09-20,2.175366874091818,2.259827918720038,-0.037374989453205124
2021-09-21,2.1785484970900257,2.259827918720038,-0.0359670844654617
2021-09-22,2.199003404459216,2.259827918720038,-0.026915551293512908
2021-09-23,2.2145087051929035,2.259827918720038,-0.020054276324191544
2021-09-24,2.216133026851184,2.259827918720038,-0.019335495197175225
2021-09-27,2.223451340423477,2.259827918720038,-0.016097056769333422
2021-09-28,2.199971547359316,2.259827918720038,-0.026487136858909226
2021-09-29,2.204771954774555,2.259827918720038,-0.02436290103746768
2021-09-30,2.1883373681522857,2.259827918720038,-0.03163539576422448
2021-10-01,2.2134136038034917,2.259827918720038,-0.020538871359211768
2021-10-04,2.204605333351132,2.259827918720038,-0.02443663294512436
2021-10-05,2.2125750388626155,2.259827918720038,-0.020909946047655815
2021-10-06,2.2171416319200428,2.259827918720038,-0.018889175784752903
2021-10-07,2.223584854386106,2.259827918720038,-0.016037975296127754
2021-10-08,2.228203449664463,2.259827918720038,-0.013994193448803278
2021-10-11,2.2155334823769106,2.259827918720038,-0.019600800563706427
2021-10-12,2.2103256927296084,2.259827918720038,-0.021905307736204704
2021-10-13,2.2123967547836734,2.259827918720038,-0.020988838815315373
2021-10-14,2.2362672249075484,2.259827918720038,-0.01042587960672431
2021-10-15,2.243866434431925,2.259827918720038,-0.007063141470149467
2021-10-18,2.243560357357846,2.259827918720038,-0.0071985841167082265
2021-10-19,2.2622606647234984,2.2622606647234984,0.0
2021-10-20,2.272609362950326,2.272609362950326,0.0
2021-10-21,2.2636708815085385,2.272609362950326,-0.003933135886663516
2021-10-22,2.2735514872404794,2.2735514872404794,0.0
2021-10-25,2.280135956228281,2.280135956228281,0.0
2021-10-26,2.2934729652894,2.2934729652894,0.0
2021-10-27,2.2859016906633642,2.2934729652894,-0.003301226890668977
2021-10-28,2.300997209504533,2.300997209504533,0.0
2021-10-29,2.2964595931063747,2.300997209504533,-0.0019720216866909532
2021-11-01,2.2990165558834645,2.300997209504533,-0.0008607805402314945
2021-11-02,2.304641100034251,2.304641100034251,0.0
2021-11-03,2.300049922932176,2.304641100034251,-0.001992144070504758
2021-11-04,2.305845490371588,2.305845490371588,0.0
2021-11-05,2.317445859787904,2.317445859787904,0.0
2021-11-08,2.317850053072869,2.317850053072869,0.0
2021-11-09,2.323614822142902,2.323614822142902,0.0
2021-11-10,2.311884922600167,2.323614822142902,-0.005048125632077526
2021-11-11,2.3115669542046753,2.323614822142902,-0.005184967759465257
2021-11-12,2.3164674876828335,2.323614822142902,-0.0030759549267622816
2021-11-15,2.3119130606325493,2.323614822142902,-0.0050360160379596935
2021-11-16,2.3094504716687525,2.323614822142902,-0.006095825495331695
2021-11-17,2.3132197089341098,2.323614822142902,-0.004473681743519518
2021-11-18,2.3128244280933306,2.323614822142902,-0.00464379635847738
2021-11-19,2.300329504366369,2.323614822142902,-0.01002116080282974
2021-11-22,2.2986414797538206,2.323614822142902,-0.010747625704181949
2021-11-23,2.311420759799301,2.323614822142902,-0.005247884557886958
2021-11-24,2.3137031097125735,2.323614822142902,-0.0042656434861210926
2021-11-26,2.2753117960279243,2.323614822142902,-0.02078788001121077
2021-11-29,2.2881747755996353,2.323614822142902,-0.015252117608107999
2021-11-30,2.2658123518450126,2.323614822142902,-0.024876098115341756
2021-12-01,2.2658174012581664,2.323614822142902,-0.024873925030067162
2021-12-02,2.2826141242838913,2.323614822142902,-0.01764522134576441
2021-12-03,2.2822932152823716,2.323614822142902,-0.017783329003910504
2021-12-06,2.3074613959488444,2.323614822142902,-0.006951851933514663
2021-12-07,2.3322361871413966,2.3322361871413966,0.0
2021-12-08,2.3329158106986343,2.3329158106986343,0.0
2021-12-09,2.33224881656454,2.3329158106986343,-0.00028590578838534706
2021-12-10,2.35121222922979,2.35121222922979,0.0
2021-12-13,2.350671711255108,2.35121222922979,-0.0002298890623154443
2021-12-14,2.348082899534587,2.35121222922979,-0.0013309431008821273
2021-12-15,2.3587751307468467,2.3587751307468467,0.0
2021-12-16,2.3595901065037905,2.3595901065037905,0.0
2021-12-17,2.3313169469813464,2.3595901065037905,-0.011982233458478318
2021-12-20,2.311178730241788,2.3595901065037905,-0.02051685846985258
2021-12-21,2.331405674561482,2.3595901065037905,-0.011944630495196264
2021-12-22,2.3496940970884186,2.3595901065037905,-0.004193952749715025
2021-12-23,2.3526609914840835,2.3595901065037905,-0.0029365757216086733
2021-12-27,2.375518404631308,2.375518404631308,0.0
2021-12-28,2.373402654005773,2.375518404631308,-0.0008906479618975226
2021-12-29,2.370298312228762,2.375518404631308,-0.0021974539925133712
2021-12-30,2.370705587140548,2.375518404631308,-0.0020260072417781195
2021-12-31,2.373258865676193,2.375518404631308,-0.0009511772043988461
2022-01-03,2.3889782153237844,2.3889782153237844,0.0
2022-01-04,2.4127841851717284,2.4127841851717284,0.0
2022-01-05,2.3991743069539853,2.4127841851717284,-0.005640735835963091
2022-01-06,2.3986245370986543,2.4127841851717284,-0.005868592872953667
2022-01-07,2.4057319347750012,2.4127841851717284,-0.0029228682946731304
2022-01-10,2.4045566228809925,2.4127841851717284,-0.0034099868282045976
2022-01-11,2.427819452770838,2.427819452770838,0.0
2022-01-12,2.427751974875416,2.427819452770838,-2.7793621698240224e-05
2022-01-13,2.4168698844616125,2.427819452770838,-0.004510042250764964
2022-01-14,2.400621962936069,2.427819452770838,-0.011202435092003547
2022-01-18,2.373671619420028,2.427819452770838,-0.022303072532437237
2022-01-19,2.3662145257692893,2.427819452770838,-0.025374591562498588
2022-01-20,2.355516620517605,2.427819452770838,-0.029780975752012707
2022-01-21,2.336826998899347,2.427819452770838,-0.037479085921171995
2022-01-24,2.33236554753266,2.427819452770838,-0.039316723131630704
2022-01-25,2.3453534110983427,2.427819452770838,-0.03396712287578798
2022-01-26,2.3362084438797317,2.427819452770838,-0.03773386393562008
2022-01-27,2.3381684007364267,2.427819452770838,-0.03692657290973339
2022-01-28,2.3761752154209628,2.427819452770838,-0.02127186076004723
2022-01-31,2.3979177996139565,2.427819452770838,-0.012316258988185998
2022-02-01,2.418603291314958,2.427819452770838,-0.0037960654139095186
2022-02-02,2.4290232845948796,2.4290232845948796,0.0
2022-02-03,2.4100734305305473,2.4290232845948796,-0.0078014295641026625
2022-02-04,2.4162194841242646,2.4290232845948796,-0.005271172389255414
2022-02-07,2.4232160184994767,2.4290232845948796,-0.002390782390697212
2022-02-08,2.4308346263710585,2.4308346263710585,0.0
2022-02-09,2.43447796672433,2.43447796672433,0.0
2022-02-10,2.4096694221645114,2.43447796672433,-0.010190498701945307
2022-02-11,2.403120083075979,2.43447796672433,-0.012880742433066378
2022-02-14,2.3912020415952155,2.43447796672433,-0.017776264858680883
2022-02-15,2.401553663645199,2.43447796672433,-0.013524173777358851
2022-02-16,2.408039838927515,2.43447796672433,-0.010859875570115946
2022-02-17,2.3983608677793824,2.43447796672433,-0.014835664745631066
2022-02-18,2.3934361084205196,2.43447796672433,-0.016858586877676177
2022-02-22,2.3769793101050363,2.43447796672433,-0.023618474845619655
2022-02-23,2.353107393012874,2.43447796672433,-0.03342423912792403
2022-02-24,2.338053340927504,2.43447796672433,-0.03960792708531624
2022-02-25,2.3881391538279098,2.43447796672433,-0.019034394038394516
2022-02-28,2.3818097643210616,2.43447796672433,-0.021634290029798595
2022-03-01,2.371955072674012,2.43447796672433,-0.02568225915572561
2022-03-02,2.3874248285258566,2.43447796672433,-0.01932781435758283
2022-03-03,2.3945096714228087,2.43447796672433,-0.016417604039892016
2022-03-04,2.401604007699149,2.43447796672433,-0.013503494167751276
2022-03-07,2.3847172257063405,2.43447796672433,-0.020440004673751216
2022-03-08,2.3664409064835037,2.43447796672433,-0.027947289386386416
2022-03-09,2.370706799975139,2.43447796672433,-0.026195006741012966
2022-03-10,2.3587665603447174,2.43447796672433,-0.03109964740468976
2022-03-11,2.338387121963984,2.43447796672433,-0.039470821290545396
2022-03-14,2.319123867146708,2.43447796672433,-0.04738350527478169
2022-03-15,2.3296809051311023,2.43447796672433,-0.043047036377263155
2022-03-16,2.357726802106213,2.43447796672433,-0.03152674440565521
2022-03-17,2.3811130826140694,2.43447796672433,-0.021920462965645544
2022-03-18,2.387093618385109,2.43447796672433,-0.019463864116617293
2022-03-21,2.4014274249426957,2.43447796672433,-0.013576028303967381
2022-03-22,2.4099040504181333,2.43447796672433,-0.010094121467553015
2022-03-23,2.4148529470320703,2.43447796672433,-0.008061284579488692
2022-03-24,2.4334058053058394,2.43447796672433,-0.0004404071152606841
2022-03-25,2.445519909204575,2.445519909204575,0.0
2022-03-28,2.4389557713557903,2.445519909204575,-0.0026841481944507592
2022-03-29,2.4510779184934903,2.4510779184934903,0.0
2022-03-30,2.4592931099505804,2.4592931099505804,0.0
2022-03-31,2.431288397311937,2.4592931099505804,-0.011387301710940061
2022-04-01,2.4364590471327636,2.4592931099505804,-0.009284807380392165
2022-04-04,2.4426025431822085,2.4592931099505804,-0.006786733431993099
2022-04-05,2.4206499806373603,2.4592931099505804,-0.015713104370058864
2022-04-06,2.420390547094284,2.4592931099505804,-0.015818595473183837
2022-04-07,2.426320128253895,2.4592931099505804,-0.013407503791749277
2022-04-08,2.4349139938049422,2.4592931099505804,-0.00991305836908885
2022-04-11,2.4031359372145573,2.4592931099505804,-0.02283468062786202
2022-04-12,2.4139784912446376,2.4592931099505804,-0.018425871451676363
2022-04-13,2.421032655695347,2.4592931099505804,-0.01555750069010766
2022-04-14,2.401956307611532,2.4592931099505804,-0.023314342689391972
2022-04-18,2.402733435884296,2.4592931099505804,-0.0229983460846685
2022-04-19,2.4206707072649962,2.4592931099505804,-0.015704676489887888
2022-04-20,2.434938613743468,2.4592931099505804,-0.009903047387304681
2022-04-21,2.420277146780331,2.4592931099505804,-0.015864706411930454
2022-04-22,2.376029905622773,2.4592931099505804,-0.033856559834577984
2022-04-25,2.3777326772050156,2.4592931099505804,-0.03316417730589411
2022-04-26,2.3466554495163963,2.4592931099505804,-0.04580082787953957
2022-04-27,2.343834655164955,2.4592931099505804,-0.04694782184297893
2022-04-28,2.3849804162199755,2.4592931099505804,-0.030217095079040097
2022-04-29,2.3308712460437353,2.4592931099505804,-0.0522190150442969
2022-05-02,2.321156444576155,2.4592931099505804,-0.05616925644832999
2022-05-03,2.337979774805571,2.4592931099505804,-0.04932853861711795
2022-05-04,2.396809639840712,2.4592931099505804,-0.02540708541696513
2022-05-05,2.3399655705447415,2.4592931099505804,-0.04852107254845956
2022-05-06,2.3401715962927145,2.4592931099505804,-0.048437298171530106
2022-05-09,2.292976220273974,2.4592931099505804,-0.06762792487144749
2022-05-10,2.290300451823939,2.4592931099505804,-0.0687159482710206
2022-05-11,2.2827104456217415,2.4592931099505804,-0.07180220349268872
2022-05-12,2.2745910128473548,2.4592931099505804,-0.07510373462841817
2022-05-13,2.2986208903969816,2.4592931099505804,-0.06533268397471642
2022-05-16,2.304635116909723,2.4592931099505804,-0.06288717372284479
2022-05-17,2.3262290508898538,2.4592931099505804,-0.05410662865777741
2022-05-18,2.269227641542548,2.4592931099505804,-0.0772845935439765
2022-05-19,2.2545947083523235,2.4592931099505804,-0.08323465013992185
2022-05-20,2.26804990165904,2.4592931099505804,-0.07776348720603847
2022-05-23,2.3197163990285987,2.4592931099505804,-0.056754809077957546
2022-05-24,2.334022747604387,2.4592931099505804,-0.05093754861481753
2022-05-25,2.3415961727543757,2.4592931099505804,-0.047858035595671554
2022-05-26,2.3592536162975573,2.4592931099505804,-0.04067814985056149
2022-05-27,2.3908763185126434,2.4592931099505804,-0.027819697929097942
2022-05-31,2.367055556614578,2.4592931099505804,-0.037505717786464166
2022-06-01,2.3619832798882707,2.4592931099505804,-0.03956821155989214
2022-06-02,2.3827521611466342,2.4592931099505804,-0.031123150182567796
2022-06-03,2.3581156783869806,2.4592931099505804,-0.04114085919820797
2022-06-06,2.351600659751452,2.4592931099505804,-0.043790001998294706
2022-06-07,2.3839323517371205,2.4592931099505804,-0.03064326001180651
2022-06-08,2.37158123929002,2.4592931099505804,-0.03566548058288292
2022-06-09,2.3301719168476507,2.4592931099505804,-0.0525033769177373
2022-06-10,2.290080352331108,2.4592931099505804,-0.06880544532687799
2022-06-13,2.2268354375267165,2.4592931099505804,-0.094522150077725
2022-06-14,2.2063070027737144,2.4592931099505804,-0.1028694408784603
2022-06-15,2.2293217730945756,2.4592931099505804,-0.0935111540489072
2022-06-16,2.196681202528836,2.4592931099505804,-0.10678349252441152
2022-06-17,2.1829372682080166,2.4592931099505804,-0.11237206359193076
2022-06-21,2.228390021679386,2.4592931099505804,-0.09389002365636459
2022-06-22,2.229463871792575,2.4592931099505804,-0.0934533737471512
2022-06-23,2.236877937234337,2.4592931099505804,-0.09043865971743108
2022-06-24,2.2716988020343702,2.4592931099505804,-0.07627976801837169
2022-06-27,2.271709724521021,2.4592931099505804,-0.07627532670692065
2022-06-28,2.253894989682349,2.4592931099505804,-0.08351917038158947
2022-06-29,2.2519592668546533,2.4592931099505804,-0.0843062757574649
2022-06-30,2.232504285504249,2.4592931099505804,-0.09221707795980794
2022-07-01,2.2620728138096693,2.4592931099505804,-0.08019389610084918
2022-07-05,2.247254187072178,2.4592931099505804,-0.08621945957578975
2022-07-06,2.23567571773599,2.4592931099505804,-0.09092750730273226
2022-07-07,2.258368262937058,2.4592931099505804,-0.08170024394430972
2022-07-08,2.256720196801401,2.4592931099505804,-0.08237038209457273
2022-07-11,2.2467621738942833,2.4592931099505804,-0.08641952242145218
2022-07-12,2.2382150938805334,2.4592931099505804,-0.0898949438664062
2022-07-13,2.2371372979535815,2.4592931099505804,-0.0903331982259988
2022-07-14,2.2200883393622544,2.4592931099505804,-0.09726566126683973
2022-07-15,2.2524207115606214,2.4592931099505804,-0.08411864269164568
2022-07-18,2.2337722410734533,2.4592931099505804,-0.09170150071361723
2022-07-19,2.2618090900554093,2.4592931099505804,-0.08030113169354568
2022-07-20,2.262301073970297,2.4592931099505804,-0.08010108074683381
2022-07-21,2.275879084733424,2.4592931099505804,-0.0745799776671769
2022-07-22,2.2752827055891025,2.4592931099505804,-0.07482247789698218
2022-07-25,2.2839065124762254,2.4592931099505804,-0.0713158577010283
2022-07-26,2.2790209061073607,2.4592931099505804,-0.07330244740401937
2022-07-27,2.3065204013059395,2.4592931099505804,-0.06212057766782864
2022-07-28,2.325737184088436,2.4592931099505804,-0.05430663198370363
2022-07-29,2.35542461295219,2.4592931099505804,-0.04223510267162808
2022-08-01,2.351700174490605,2.4592931099505804,-0.043749537224595916
2022-08-02,2.327524878042294,2.4592931099505804,-0.05357971824307447
2022-08-03,2.346209234491235,2.4592931099505804,-0.04598226823870455
2022-08-04,2.3287807373489557,2.4592931099505804,-0.053069059590154864
2022-08-05,2.328218677448027,2.4592931099505804,-0.053297604898013634
2022-08-08,2.3288685470566564,2.4592931099505804,-0.05303335432698581
2022-08-09,2.3358849710538334,2.4592931099505804,-0.05018032962294065
2022-08-10,2.361034340249053,2.4592931099505804,-0.03995407025862886
2022-08-11,2.3568704625383825,2.4592931099505804,-0.041647189998534194
2022-08-12,2.3803017173887038,2.4592931099505804,-0.03211955185100483
2022-08-15,2.3799712021039845,2.4592931099505804,-0.03225394627653385
2022-08-16,2.386161809232367,2.4592931099505804,-0.029736715978390667
2022-08-17,2.380856345967316,2.4592931099505804,-0.031894028274181745
2022-08-18,2.385553309306606,2.4592931099505804,-0.029984144771363287
2022-08-19,2.366044676869656,2.4592931099505804,-0.03791676262728939
2022-08-22,2.3395717883991374,2.4592931099505804,-0.04868119260247462
2022-08-23,2.346006620435232,2.4592931099505804,-0.04606465535034364
2022-08-24,2.3480758784921,2.4592931099505804,-0.04522325175819128
2022-08-25,2.374239160938843,2.4592931099505804,-0.034584714065842535
2022-08-26,2.32603035825508,2.4592931099505804,-0.054187421237551554
2022-08-29,2.319877363118787,2.4592931099505804,-0.05668935771328003
2022-08-30,2.295877883863594,2.4592931099505804,-0.06644804778486546
2022-08-31,2.27787255045045,2.4592931099505804,-0.07376939282515048
2022-09-01,2.277617111461372,2.4592931099505804,-0.07387325965909743
2022-09-02,2.2697047485035804,2.4592931099505804,-0.07709059187776514
2022-09-06,2.25670104436592,2.4592931099505804,-0.08237816987529867
2022-09-07,2.2814082853198636,2.4592931099505804,-0.07233168909837322
2022-09-08,2.2862934310212255,2.4592931099505804,-0.0703452867124209
2022-09-09,2.3058963230886325,2.4592931099505804,-0.06237434091987125
2022-09-12,2.326622622769868,2.4592931099505804,-0.05394659410214763
2022-09-13,2.2598912360650676,2.4592931099505804,-0.08108097122653256
2022-09-14,2.277156514157442,2.4592931099505804,-0.07406054815352948
2022-09-15,2.2559068410086858,2.4592931099505804,-0.08270110956639148
2022-09-16,2.2475239046365,2.4592931099505804,-0.0861097867745971
2022-09-19,2.260093671153295,2.4592931099505804,-0.08099865688693293
2022-09-20,2.2463236224171212,2.4592931099505804,-0.08659784662176309
2022-09-21,2.223899354473391,2.4592931099505804,-0.0957160228379283
2022-09-22,2.2124867753508304,2.4592931099505804,-0.10035661613540225
2022-09-23,2.177974637945422,2.4592931099505804,-0.11438997282060916
2022-09-26,2.150988155128991,2.4592931099505804,-0.12536324099561474
2022-09-27,2.1406508130126447,2.4592931099505804,-0.12956662044417258
2022-09-28,2.177349825547114,2.4592931099505804,-0.11464403460599774
2022-09-29,2.1467185730474148,2.4592931099505804,-0.1270993423429088
2022-09-30,2.118202659226413,2.4592931099505804,-0.13869450914332918
2022-10-03,2.168861923172119,2.4592931099505804,-0.11809539318568567
2022-10-04,2.2145424435803274,2.4592931099505804,-0.09952073845120937
2022-10-05,2.2145703742673413,2.4592931099505804,-0.09950938124986526
2022-10-06,2.199277746882882,2.4592931099505804,-0.10572768329876843
2022-10-07,2.1620659516620253,2.4592931099505804,-0.12085877729902958
2022-10-10,2.1437056971692443,2.4592931099505804,-0.12832444067135934
2022-10-11,2.134203382519122,2.4592931099505804,-0.1321882804925156
2022-10-12,2.143485058638196,2.4592931099505804,-0.12841415691142663
2022-10-13,2.1870019457193934,2.4592931099505804,-0.11071928072724062
2022-10-14,2.1581573158995733,2.4592931099505804,-0.12244811032592144
2022-10-17,2.194605512521608,2.4592931099505804,-0.10762751148206622
2022-10-18,2.21192920284933,2.4592931099505804,-0.1005833367728263
2022-10-19,2.1996737675398306,2.4592931099505804,-0.10556665301923562
2022-10-20,2.1871861909044745,2.4592931099505804,-0.110644362782594
2022-10-21,2.2309419863578768,2.4592931099505804,-0.09285234145892123
2022-10-24,2.2493399497310396,2.4592931099505804,-0.08537134486737119
2022-10-25,2.273224882387651,2.4592931099505804,-0.07565923183783024
2022-10-26,2.2826736817975846,2.4592931099505804,-0.07181715243228774
2022-10-27,2.2780597069336914,2.4592931099505804,-0.07369329108579939
2022-10-28,2.3233201516342725,2.4592931099505804,-0.05528944791743032
2022-10-31,2.3062904242399846,2.4592931099505804,-0.06221409115144893
2022-11-01,2.311198014291544,2.4592931099505804,-0.06021856242341618
2022-11-02,2.2728438971664295,2.4592931099505804,-0.07581414839481966
2022-11-03,2.2599717406549362,2.4592931099505804,-0.08104823637701711
2022-11-04,2.2817828051305384,2.4592931099505804,-0.07217940151249763
2022-11-07,2.2901341569617424,2.4592931099505804,-0.06878356723905807
2022-11-08,2.3056504764591113,2.4592931099505804,-0.06247430729985519
2022-11-09,2.266688053448239,2.4592931099505804,-0.0783172431635088
2022-11-10,2.3563111642237717,2.4592931099505804,-0.04187461238765397
2022-11-11,2.368695901806466,2.4592931099505804,-0.036838719133375185
2022-11-14,2.362917538251547,2.4592931099505804,-0.03918832257492488
2022-11-15,2.3749392679634576,2.4592931099505804,-0.03430003591105816
2022-11-16,2.3745442031787,2.4592931099505804,-0.03446067751297183
2022-11-17,2.37462557976791,2.4592931099505804,-0.03442758809029138
2022-11-18,2.377723682445303,2.4592931099505804,-0.03316783476326518
2022-11-21,2.3711904939596904,2.4592931099505804,-0.03582436580431049
2022-11-22,2.3998065984889867,2.4592931099505804,-0.02418845936700447
2022-11-23,2.4139470516520545,2.4592931099505804,-0.01843865544739282
2022-11-25,2.4073970958613584,2.4592931099505804,-0.021102004425273574
2022-11-28,2.379064969601811,2.4592931099505804,-0.03262243936038257
2022-11-29,2.373993016215235,2.4592931099505804,-0.03468480165711501
2022-11-30,2.4201326655146995,2.4592931099505804,-0.0159234555155029
2022-12-01,2.4321074289565927,2.4592931099505804,-0.011054266319045622
2022-12-02,2.431422226033839,2.4592931099505804,-0.011332884154382583
2022-12-05,2.392880477451297,2.4592931099505804,-0.02700476499957253
2022-12-06,2.3732134288593354,2.4592931099505804,-0.03500179817645842
2022-12-07,2.3797012440981624,2.4592931099505804,-0.032363716846267813
2022-12-08,2.391721476560664,2.4592931099505804,-0.027476038995317
2022-12-09,2.372001641228824,2.4592931099505804,-0.03549453636435823
2022-12-12,2.398976865627608,2.4592931099505804,-0.0245258460973708
2022-12-13,2.4166905509540464,2.4592931099505804,-0.017323091267226004
2022-12-14,2.4078138019215736,2.4592931099505804,-0.020932563028260295
2022-12-15,2.364309041852081,2.4592931099505804,-0.03862250811592286
2022-12-16,2.347153111280436,2.4592931099505804,-0.04559846820064397
2022-12-19,2.3374080886843185,2.4592931099505804,-0.049560998147435614
2022-12-20,2.3430355542632304,2.4592931099505804,-0.04727275297806457
2022-12-21,2.369756673214645,2.4592931099505804,-0.03640738729908225
2022-12-22,2.3422944044604583,2.4592931099505804,-0.04757411998461344
2022-12-23,2.351840020588831,2.4592931099505804,-0.04369267287700768
2022-12-27,2.350094348438052,2.4592931099505804,-0.04440249967386874
2022-12-28,2.3269523248155695,2.4592931099505804,-0.05381253035660735
2022-12-29,2.3524467978014627,2.4592931099505804,-0.04344594457521363
2022-12-30,2.352336826722745,2.4592931099505804,-0.043490661115211486
2023-01-03,2.3398188389625365,2.4592931099505804,-0.04858073667780279
2023-01-04,2.358476664423986,2.4592931099505804,-0.040994074727684744
2023-01-05,2.3505278057734653,2.4592931099505804,-0.044226246858106597
2023-01-06,2.396203123216039,2.4592931099505804,-0.025653707758246498
2023-01-09,2.381212394049033,2.4592931099505804,-0.031749251679526865
2023-01-10,2.3849109716858212,2.4592931099505804,-0.030245332678646774
2023-01-11,2.4042446535905437,2.4592931099505804,-0.022383853367174616
2023-01-12,2.4138517517551525,2.4592931099505804,-0.0184774063781039
2023-01-13,2.4263923359169404,2.4592931099505804,-0.013378142646161092
2023-01-17,2.418633232509272,2.4592931099505804,-0.016533156327236384
2023-01-18,2.38967411700987,2.4592931099505804,-0.028308538197022507
2023-01-19,2.387584831341338,2.4592931099505804,-0.02915808543483596
2023-01-20,2.399629208497322,2.4592931099505804,-0.024260589846672335
2023-01-23,2.412720012466266,2.4592931099505804,-0.018937595236563836
2023-01-24,2.427862784792232,2.4592931099505804,-0.012780227387771657
2023-01-25,2.432620051687257,2.4592931099505804,-0.010845823198300759
2023-01-26,2.4486848882198515,2.4592931099505804,-0.004313524763602502
2023-01-27,2.4447263003219217,2.4592931099505804,-0.005923169373231546
2023-01-30,2.4142857706674232,2.4592931099505804,-0.018300925213449473
2023-01-31,2.439296061005678,2.4592931099505804,-0.008131218220387012
2023-02-01,2.451156427149302,2.4592931099505804,-0.003308545357345411
2023-02-02,2.445903621708381,2.4592931099505804,-0.005444445880819905
2023-02-03,2.4407599835693268,2.4592931099505804,-0.0075359566967704876
2023-02-06,2.4324933443803083,2.4592931099505804,-0.010897345038636173
2023-02-07,2.4521183141818708,2.4592931099505804,-0.0029174219777543253
2023-02-08,2.439357748612519,2.4592931099505804,-0.008106134749615962
2023-02-09,2.421081725063775,2.4592931099505804,-0.015537548058910876
2023-02-10,2.4352210318916105,2.4592931099505804,-0.00978821026317337
2023-02-13,2.4537834253418973,2.4592931099505804,-0.0022403529641872497
2023-02-14,2.443183504192069,2.4592931099505804,-0.00655050253803835
2023-02-15,2.4378594732560748,2.4592931099505804,-0.008715364837067472
2023-02-16,2.4167773724028714,2.4592931099505804,-0.01728778785077934
2023-02-17,2.4171710069276555,2.4592931099505804,-0.01712772782247631
2023-02-21,2.3840927565867824,2.4592931099505804,-0.030578036046020187
2023-02-22,2.379937587310001,2.4592931099505804,-0.03226761475462109
2023-02-23,2.3908211285334864,2.4592931099505804,-0.027842139328593463
2023-02-24,2.3743572185079445,2.4592931099505804,-0.03453670938977368
2023-02-27,2.381110694473366,2.4592931099505804,-0.03179060485343509
2023-02-28,2.3763860244493005,2.4592931099505804,-0.03371175447360397
2023-03-01,2.3659472269870103,2.4592931099505804,-0.03795638778715801
2023-03-02,2.3690509886885347,2.4592931099505804,-0.03669433338259509
2023-03-03,2.4053873802479004,2.4592931099505804,-0.021919196814959224
2023-03-06,2.415889625529317,2.4592931099505804,-0.017648764291514393
2023-03-07,2.3841327034057107,2.4592931099505804,-0.030561792834193732
2023-03-08,2.3791155139755884,2.4592931099505804,-0.032601886961169564
2023-03-09,2.348237631896497,2.4592931099505804,-0.0451574794418527
2023-03-10,2.359687383827485,2.4592931099505804,-0.04050177090322388
2023-03-13,2.367738942326887,2.4592931099505804,-0.037227838866890205
2023-03-14,2.3816832440523386,2.4592931099505804,-0.03155779422315439
2023-03-15,2.362614069376762,2.4592931099505804,-0.039311719364659735
2023-03-16,2.3766343851526157,2.4592931099505804,-0.03361076581864847
2023-03-17,2.3653648006513524,2.4592931099505804,-0.038193214513220636
2023-03-20,2.3869397105299504,2.4592931099505804,-0.029420405045612462
2023-03-21,2.406217279632037,2.4592931099505804,-0.021581742372957742
2023-03-22,2.3859361425419725,2.4592931099505804,-0.029828476773182185
2023-03-23,2.3879105111417718,2.4592931099505804,-0.0290256572183228
2023-03-24,2.393940467088645,2.4592931099505804,-0.026573751049645645
2023-03-27,2.3996450556426177,2.4592931099505804,-0.024254146066046332
2023-03-28,2.402879419783463,2.4592931099505804,-0.022938985978881922
2023-03-29,2.4219608062063744,2.4592931099505804,-0.015180095285574204
2023-03-30,2.4316035977353807,2.4592931099505804,-0.011259134628224973
2023-03-31,2.451761543173574,2.4592931099505804,-0.0030624925294723167
2023-04-03,2.482153996399299,2.482153996399299,0.0
2023-04-04,2.481936703870901,2.482153996399299,-8.754192073227342e-05
2023-04-05,2.50327357562022,2.50327357562022,0.0
2023-04-06,2.498588740660051,2.50327357562022,-0.0018714834070856223
2023-04-10,2.4839030457985602,2.50327357562022,-0.007738079453365561
2023-04-11,2.4873175471957487,2.50327357562022,-0.006374064976305269
2023-04-12,2.48540837778011,2.50327357562022,-0.007136734080566383
2023-04-13,2.5109584280167065,2.5109584280167065,0.0
2023-04-14,2.524551001563508,2.524551001563508,0.0
2023-04-17,2.5211217679021156,2.524551001563508,-0.001358353885213167
2023-04-18,2.5273635234058593,2.5273635234058593,0.0
2023-04-19,2.529875826520231,2.529875826520231,0.0
2023-04-20,2.5302427060671486,2.5302427060671486,0.0
2023-04-21,2.521620014683904,2.5302427060671486,-0.0034078514928899285
2023-04-24,2.534350898293673,2.534350898293673,0.0
2023-04-25,2.523619288079066,2.534350898293673,-0.004234461069235711
2023-04-26,2.502327839680887,2.534350898293673,-0.01263560568283847
2023-04-27,2.5236690558302883,2.534350898293673,-0.004214823791992119
2023-04-28,2.544413842997058,2.544413842997058,0.0
2023-05-01,2.5308208833885146,2.544413842997058,-0.00534227545018079
2023-05-02,2.5229167532261294,2.544413842997058,-0.0084487395122828
2023-05-03,2.504355813686391,2.544413842997058,-0.015743519640453885
2023-05-04,2.4873025547214214,2.544413842997058,-0.02244575442506058
2023-05-05,2.5180819706429105,2.544413842997058,-0.010348895257986502
2023-05-08,2.51481141868283,2.544413842997058,-0.011634280482989067
2023-05-09,2.504927203226392,2.544413842997058,-0.015518953364974114
2023-05-10,2.5100986800372658,2.544413842997058,-0.013486470785496304
2023-05-11,2.5043493167561106,2.544413842997058,-0.015746073049875985
2023-05-12,2.4953886605476976,2.544413842997058,-0.019267770682938022
2023-05-15,2.493008215434671,2.544413842997058,-0.020203328048960904
2023-05-16,2.4725150302676346,2.544413842997058,-0.028257515155134482
2023-05-17,2.490824868853478,2.544413842997058,-0.02106142217826393
2023-05-18,2.494191821303597,2.544413842997058,-0.019738149842128135
2023-05-19,2.496539763280103,2.544413842997058,-0.018815366788196793
2023-05-22,2.4785091774219477,2.544413842997058,-0.025901708464799656
2023-05-23,2.4719165904474574,2.544413842997058,-0.028492712672953502
2023-05-24,2.463875738073734,2.544413842997058,-0.031652911001481744
2023-05-25,2.4533010666325334,2.544413842997058,-0.03580894539435576
2023-05-26,2.465287783253497,2.544413842997058,-0.031097952073063095
2023-05-30,2.4697017740732994,2.544413842997058,-0.02936317499190912
2023-05-31,2.4623795078218804,2.544413842997058,-0.03224095616401361
2023-06-01,2.4823921733485754,2.544413842997058,-0.024375621842800302
2023-06-02,2.5049860631859087,2.544413842997058,-0.015495820351577493
2023-06-05,2.499443549253842,2.544413842997058,-0.017674127134226628
2023-06-06,2.5022387272755413,2.544413842997058,-0.01657557234158053
2023-06-07,2.5005806644620625,2.544413842997058,-0.017227220585847972
2023-06-08,2.5184100784251955,2.544413842997058,-0.010219943050314774
2023-06-09,2.5167069700195457,2.544413842997058,-0.010889295015340916
2023-06-12,2.520697356798625,2.544413842997058,-0.009321001873852932
2023-06-13,2.521767051729327,2.544413842997058,-0.008900592696451944
2023-06-14,2.524719021158327,2.544413842997058,-0.007740416085589557
2023-06-15,2.5517512942963094,2.5517512942963094,0.0
2023-06-16,2.5484218434148036,2.5517512942963094,-0.0013047709190734356
2023-06-20,2.534593827452187,2.5517512942963094,-0.006723800584513482
2023-06-21,2.534957832832199,2.5517512942963094,-0.0065811513456061205
2023-06-22,2.5320623030994103,2.5517512942963094,-0.007715873894492817
2023-06-23,2.5251493838317804,2.5517512942963094,-0.010424962073690229
2023-06-26,2.5255339958680625,2.5517512942963094,-0.010274237339214056
2023-06-27,2.5309580765737234,2.5517512942963094,-0.008148606711423308
2023-06-28,2.5313334384067225,2.5517512942963094,-0.00800150701803307
2023-06-29,2.5416511535974573,2.5517512942963094,-0.003958121123100053
2023-06-30,2.5685024364375755,2.5685024364375755,0.0
2023-07-03,2.5658339652226307,2.5685024364375755,-0.0010389210370560567
2023-07-05,2.556838143031276,2.5685024364375755,-0.004541281814969718
2023-07-06,2.529740049296996,2.5685024364375755,-0.015091434834043385
2023-07-07,2.5220040440805676,2.5685024364375755,-0.01810330864295367
2023-07-10,2.5246258788043296,2.5685024364375755,-0.017082544680822303
2023-07-11,2.536724131870631,2.5685024364375755,-0.012372308515704604
2023-07-12,2.5536794526482596,2.5685024364375755,-0.005771060824795195
2023-07-13,2.5609929571500882,2.5685024364375755,-0.0029236800327519376
2023-07-14,2.5541057682434025,2.5685024364375755,-0.005605082553139657
2023-07-17,2.5681434484908725,2.5685024364375755,-0.00013976546862882287
2023-07-18,2.573075701643348,2.573075701643348,0.0
2023-07-19,2.588251991669662,2.588251991669662,0.0
2023-07-20,2.6105403046075475,2.6105403046075475,0.0
2023-07-21,2.610402169536451,2.6105403046075475,-5.291436062200372e-05
2023-07-24,2.624006254133054,2.624006254133054,0.0
2023-07-25,2.6270501326405635,2.6270501326405635,0.0
2023-07-26,2.635503627172413,2.635503627172413,0.0
2023-07-27,2.6156307880783998,2.635503627172413,-0.007540433217060112
2023-07-28,2.6271907659887033,2.635503627172413,-0.0031541831693961664
2023-07-31,2.6264665281314867,2.635503627172413,-0.003428983723548148
2023-08-01,2.6136382128466096,2.635503627172413,-0.008296484247021316
2023-08-02,2.594183304088617,2.635503627172413,-0.015678340434738022
2023-08-03,2.590626844760709,2.635503627172413,-0.017027782450768914
2023-08-04,2.5728213485984393,2.635503627172413,-0.023783795221418283
2023-08-07,2.5773166070416056,2.635503627172413,-0.02207814078906631
2023-08-08,2.5778370344104142,2.635503627172413,-0.021880672888266263
2023-08-09,2.5746196397303027,2.635503627172413,-0.023101462207977194
2023-08-10,2.5674481109607874,2.635503627172413,-0.025822584916963764
2023-08-11,2.5779229037022637,2.635503627172413,-0.021848091149063106
2023-08-14,2.5796783787392106,2.635503627172413,-0.021182004022926134
2023-08-15,2.5499002966214523,2.635503627172413,-0.03248082441184232
2023-08-16,2.533969141492019,2.635503627172413,-0.03852564824178548
2023-08-17,2.531611420988898,2.635503627172413,-0.039420247846511
2023-08-18,2.5383490282514334,2.635503627172413,-0.036863769762751256
2023-08-21,2.52459655851825,2.635503627172413,-0.04208192601622529
2023-08-22,2.516423081496313,2.635503627172413,-0.04518322207883267
2023-08-23,2.5354616006912893,2.635503627172413,-0.03795935829860993
2023-08-24,2.5181838388674134,2.635503627172413,-0.044515130654883626
2023-08-25,2.5362219086396736,2.635503627172413,-0.03767087152115103
2023-08-28,2.5431994423552604,2.635503627172413,-0.035023357154770535
2023-08-29,2.5653369731176,2.635503627172413,-0.026623622647066334
2023-08-30,2.5738153657355687,2.635503627172413,-0.023406631203550514
2023-08-31,2.564116813250746,2.635503627172413,-0.02708659293262161
2023-09-01,2.5652192996129615,2.635503627172413,-0.02666827198976707
2023-09-05,2.5513670780698887,2.635503627172413,-0.03192427748346262
2023-09-06,2.533855785166311,2.635503627172413,-0.03856865949949696
2023-09-07,2.5222017716773957,2.635503627172413,-0.04299058985419686
2023-09-08,2.530969428449472,2.635503627172413,-0.0396638417208683
2023-09-11,2.537990687666352,2.635503627172413,-0.036999736407375375
2023-09-12,2.5430824052872114,2.635503627172413,-0.035067765011713825
2023-09-13,2.5377540369392246,2.635503627172413,-0.03708952976781227
2023-09-14,2.5551092071935684,2.635503627172413,-0.03050438601182973
2023-09-15,2.536943120534676,2.635503627172413,-0.03739721912030945
2023-09-18,2.5533564689487873,2.635503627172413,-0.03116943470563917
2023-09-19,2.549574391470697,2.635503627172413,-0.0326044839459804
2023-09-20,2.540444966406531,2.635503627172413,-0.03606849931292589
2023-09-21,2.507633669597678,2.635503627172413,-0.048518224849466274
2023-09-22,2.5075704597592217,2.635503627172413,-0.04854220881890749
2023-09-25,2.5032067089049335,2.635503627172413,-0.05019796478497686
2023-09-26,2.479936227607861,2.635503627172413,-0.059027579382031715
2023-09-27,2.47687035593119,2.635503627172413,-0.06019087570424548
2023-09-28,2.479271892449684,2.635503627172413,-0.059279650808277295
2023-09-29,2.464726802649541,2.635503627172413,-0.06479855415949315
2023-10-02,2.4490792471911718,2.635503627172413,-0.07073577059776344
2023-10-03,2.430469658541602,2.635503627172413,-0.07779688349387262
2023-10-04,2.4303957520438946,2.635503627172413,-0.07782492614080566
2023-10-05,2.4133211321843215,2.635503627172413,-0.08430361950458301
2023-10-06,2.4241952681588845,2.635503627172413,-0.0801776012883874
2023-10-09,2.451541017629425,2.635503627172413,-0.06980169089744666
2023-10-10,2.458051171259876,2.635503627172413,-0.06733151648245801
2023-10-11,2.454388939386599,2.635503627172413,-0.06872109221117974
2023-10-12,2.4391951865822836,2.635503627172413,-0.0744861204386751
2023-10-13,2.465587797781541,2.635503627172413,-0.06447186322910578
2023-10-16,2.4665417975006894,2.635503627172413,-0.06410988318502144
2023-10-17,2.46523843679077,2.635503627172413,-0.06460442270926321
2023-10-18,2.4547861561880624,2.635503627172413,-0.06857037460359687
2023-10-19,2.4486766436510363,2.635503627172413,-0.07088853211779496
2023-10-20,2.4354104687323956,2.635503627172413,-0.07592217152616632
2023-10-23,2.423166463982815,2.635503627172413,-0.08056796469576898
2023-10-24,2.4360274192520803,2.635503627172413,-0.07568807944853688
2023-10-25,2.424264464970392,2.635503627172413,-0.08015134565709402
2023-10-26,2.4093459553273764,2.635503627172413,-0.08581193723784679
2023-10-27,2.3862305086323583,2.635503627172413,-0.09458272641707408
2023-10-30,2.4030199555616405,2.635503627172413,-0.0882122373932
2023-10-31,2.410642485614485,2.635503627172413,-0.0853199894090747
2023-11-01,2.4246731544740263,2.635503627172413,-0.07999627491485685
2023-11-02,2.466685683780802,2.635503627172413,-0.06405528782092124
2023-11-03,2.4711668336119703,2.635503627172413,-0.06235498667734974
2023-11-06,2.4698312815859196,2.635503627172413,-0.06286174068530519
2023-11-07,2.472964566816211,2.635503627172413,-0.061672865360685315
2023-11-08,2.4733083250523835,2.635503627172413,-0.061542431756789535
2023-11-09,2.455023969310684,2.635503627172413,-0.06848014019064838
2023-11-10,2.4721862831080177,2.635503627172413,-0.06196817275475191
2023-11-13,2.474074701079742,2.635503627172413,-0.06125164254312381
2023-11-14,2.502081102028284,2.635503627172413,-0.05062505843988375
2023-11-15,2.502347516384992,2.635503627172413,-0.0505239717428437
2023-11-16,2.515331197539837,2.635503627172413,-0.04559752010719365
2023-11-17,2.5276001211623402,2.635503627172413,-0.040942271866967854
2023-11-20,2.5375222313286203,2.635503627172413,-0.037177484725724054
2023-11-21,2.5440319007425685,2.635503627172413,-0.03470749403899817
2023-11-22,2.5470300620004935,2.635503627172413,-0.03356988935994799
2023-11-24,2.5494172920859994,2.635503627172413,-0.0326640928127935
2023-11-27,2.550278399259346,2.635503627172413,-0.032337359370096436
2023-11-28,2.5584332965711623,2.635503627172413,-0.029243113083452
2023-11-29,2.5568962093159637,2.635503627172413,-0.029826336433763846
2023-11-30,2.5680686975490232,2.635503627172413,-0.02558711319086273
2023-12-01,2.5949019609995614,2.635503627172413,-0.0154056574820246
2023-12-04,2.5830796339376985,2.635503627172413,-0.019891451749189732
2023-12-05,2.5890457763153094,2.635503627172413,-0.017627693765288978
2023-12-06,2.579447452167488,2.635503627172413,-0.02126962544349325
2023-12-07,2.5808634143596234,2.635503627172413,-0.02073236107491614
2023-12-08,2.582213271426313,2.635503627172413,-0.020220179246451846
2023-12-11,2.580162653996927,2.635503627172413,-0.020998253466590948
2023-12-12,2.5848637831028984,2.635503627172413,-0.019214484680427184
2023-12-13,2.61781105608794,2.635503627172413,-0.006713165143109639
2023-12-14,2.641700867680246,2.641700867680246,0.0
2023-12-15,2.6318227029535617,2.641700867680246,-0.0037393199387327487
2023-12-18,2.6371379383871725,2.641700867680246,-0.0017272694834220192
2023-12-19,2.654781544756957,2.654781544756957,0.0
2023-12-20,2.624136013806681,2.654781544756957,-0.011543522671686183
2023-12-21,2.6361219685414325,2.654781544756957,-0.007028667293689838
2023-12-22,2.6384995121052213,2.654781544756957,-0.006133096971346655
2023-12-26,2.6479008547099285,2.654781544756957,-0.002591810260477966
2023-12-27,2.657760576147264,2.657760576147264,0.0
2023-12-28,2.6519570123462555,2.657760576147264,-0.0021836292753733577
2023-12-29,2.6459601182918804,2.657760576147264,-0.004440000337611136
2024-01-02,2.653121950329831,2.657760576147264,-0.0017453136520510586
2024-01-03,2.6507388619747796,2.657760576147264,-0.0026419664116859635
2024-01-04,2.6382664910354388,2.657760576147264,-0.007334778492381737
2024-01-05,2.6374758071987423,2.657760576147264,-0.007632278516948523
2024-01-08,2.6481062352476825,2.657760576147264,-0.003632509634700197
2024-01-09,2.637732225923051,2.657760576147264,-0.007535799275511161
2024-01-10,2.638219109032777,2.657760576147264,-0.00735260628435333
2024-01-11,2.6344550985307276,2.657760576147264,-0.008768840137707309
2024-01-12,2.6454290847054356,2.657760576147264,-0.004639805237725423
2024-01-16,2.615631651694846,2.657760576147264,-0.015851286541953488
2024-01-17,2.6036926351081426,2.657760576147264,-0.02034342051890129
2024-01-18,2.619384929379508,2.657760576147264,-0.014439090982147696
2024-01-19,2.635896254798299,2.657760576147264,-0.008226595557625269
2024-01-22,2.6406661361503145,2.657760576147264,-0.006431896142326583
2024-01-23,2.640186493269088,2.657760576147264,-0.006612364949611576
2024-01-24,2.636449455620673,2.657760576147264,-0.008018450088338567
2024-01-25,2.6568745538621896,2.657760576147264,-0.00033337174650944904
2024-01-26,2.6552082506401358,2.657760576147264,-0.0009603293577437001
2024-01-29,2.665818449520731,2.665818449520731,0.0
2024-01-30,2.674730214788154,2.674730214788154,0.0
2024-01-31,2.653695111286843,2.674730214788154,-0.007864383250696194
2024-02-01,2.677045883096439,2.677045883096439,0.0
2024-02-02,2.6626461020893455,2.677045883096439,-0.005378981771667665
2024-02-05,2.6498758406050182,2.677045883096439,-0.010149262910650747
2024-02-06,2.6663399764097355,2.677045883096439,-0.0039991494932169625
2024-02-07,2.6682518260885058,2.677045883096439,-0.0032849855370284857
2024-02-08,2.664526550801812,2.677045883096439,-0.004676547523401597
2024-02-09,2.6584671765943315,2.677045883096439,-0.006940003015793809
2024-02-12,2.663995515044395,2.677045883096439,-0.004874913849795248
2024-02-13,2.634728628508632,2.677045883096439,-0.015807444637019146
2024-02-14,2.6374681618553457,2.677045883096439,-0.014784102689833397
2024-02-15,2.6650121334935664,2.677045883096439,-0.004495160011584806
2024-02-16,2.657842517763709,2.677045883096439,-0.007173341874334464
2024-02-20,2.665216526359534,2.677045883096439,-0.004418809857387435
2024-02-21,2.678234189775093,2.678234189775093,0.0
2024-02-22,2.6976748924766865,2.6976748924766865,0.0
2024-02-23,2.702873957521389,2.702873957521389,0.0
2024-02-26,2.692639054539276,2.702873957521389,-0.0037866741634888703
2024-02-27,2.691065572761635,2.702873957521389,-0.004368825533611903
2024-02-28,2.6953047781080497,2.702873957521389,-0.002800418936397835
2024-02-29,2.7006262995630217,2.702873957521389,-0.0008315807520779178
2024-03-01,2.7119053617986872,2.7119053617986872,0.0
2024-03-04,2.7016872747019933,2.7119053617986872,-0.003767862714028011
2024-03-05,2.7017122404812457,2.7119053617986872,-0.003758656721959094
2024-03-06,2.710402438032501,2.7119053617986872,-0.0005541947692412396
2024-03-07,2.712444537146562,2.712444537146562,0.0
2024-03-08,2.721809612617855,2.721809612617855,0.0
2024-03-11,2.7358875785407184,2.7358875785407184,0.0
2024-03-12,2.739213929248557,2.739213929248557,0.0
2024-03-13,2.7419266659528625,2.7419266659528625,0.0
2024-03-14,2.7334794704114524,2.7419266659528625,-0.0030807518108711025
2024-03-15,2.7270910704481315,2.7419266659528625,-0.005410646349133999
2024-03-18,2.7365546870548414,2.7419266659528625,-0.001959198604662264
2024-03-19,2.7474504620084406,2.7474504620084406,0.0
2024-03-20,2.765831928289196,2.765831928289196,0.0
2024-03-21,2.7579559354189174,2.765831928289196,-0.002847603569010221
2024-03-22,2.754401017027535,2.765831928289196,-0.004132901621658426
2024-03-25,2.749802805802886,2.765831928289196,-0.0057954072777751395
2024-03-26,2.749983570736154,2.765831928289196,-0.005730050836040829
2024-03-27,2.783898269577855,2.783898269577855,0.0
2024-03-28,2.7909186452364034,2.7909186452364034,0.0
2024-04-01,2.7805466579626685,2.7909186452364034,-0.0037163345092262054
2024-04-02,2.782641090941303,2.7909186452364034,-0.00296588877974959
2024-04-03,2.777243797064558,2.7909186452364034,-0.004899765958848753
2024-04-04,2.7633519592185634,2.7909186452364034,-0.009877280394715714
2024-04-05,2.778531887803952,2.7909186452364034,-0.004438236655014355
2024-04-08,2.7747782668874326,2.7909186452364034,-0.005783177656045112
2024-04-09,2.786547712711045,2.7909186452364034,-0.0015661268137711105
2024-04-10,2.758810083345607,2.7909186452364034,-0.011504657058205595
2024-04-11,2.777765021959689,2.7909186452364034,-0.004713008492442114
2024-04-12,2.7392293729612662,2.7909186452364034,-0.018520522754527976
2024-04-15,2.726118176927311,2.7909186452364034,-0.023218329355352268
2024-04-16,2.7026882253502897,2.7909186452364034,-0.03161339727215165
2024-04-17,2.701047265531228,2.7909186452364034,-0.03220136131827763
2024-04-18,2.70432552500684,2.7909186452364034,-0.031026744680416333
2024-04-19,2.724151314431043,2.7909186452364034,-0.023923065947952404
2024-04-22,2.7335200270367075,2.7909186452364034,-0.020566209730858712
2024-04-23,2.7468067700807115,2.7909186452364034,-0.015805503765214717
2024-04-24,2.752461222654925,2.7909186452364034,-0.013779485348710666
2024-04-25,2.7509775529435205,2.7909186452364034,-0.014311091568740338
2024-04-26,2.745027544832317,2.7909186452364034,-0.01644300900078702
2024-04-29,2.7647140554218206,2.7909186452364034,-0.009389234565940993
2024-04-30,2.729619440198776,2.7909186452364034,-0.021963809350822188
2024-05-01,2.742241403431712,2.7909186452364034,-0.017441297290329394
2024-05-02,2.751150490721949,2.7909186452364034,-0.014249127104558093
2024-05-03,2.775923204959554,2.7909186452364034,-0.005372940663262986
2024-05-06,2.785706261504817,2.7909186452364034,-0.0018676229565067692
2024-05-07,2.7875870398053038,2.7909186452364034,-0.0011937307584318601
2024-05-08,2.7939792442487215,2.7939792442487215,0.0
2024-05-09,2.8191686344478244,2.8191686344478244,0.0
2024-05-10,2.8211787075751036,2.8211787075751036,0.0
2024-05-13,2.829043452386003,2.829043452386003,0.0
2024-05-14,2.842635572717562,2.842635572717562,0.0
2024-05-15,2.8677911900648265,2.8677911900648265,0.0
2024-05-16,2.8688858197271996,2.8688858197271996,0.0
2024-05-17,2.8816464040048144,2.8816464040048144,0.0
2024-05-20,2.857916032692659,2.8816464040048144,-0.008235004572100036
2024-05-21,2.869158011903936,2.8816464040048144,-0.004333769779499081
2024-05-22,2.8557476798894794,2.8816464040048144,-0.008987474687852692
2024-05-23,2.8136219965489593,2.8816464040048144,-0.02360609107394895
2024-05-24,2.8227178974484364,2.8816464040048144,-0.020449596617572927
2024-05-28,2.8167445390167223,2.8816464040048144,-0.022522494396916195
2024-05-29,2.800537425178076,2.8816464040048144,-0.028146749272921125
2024-05-30,2.8109348585511267,2.8816464040048144,-0.024538592019969985
2024-05-31,2.8409252368288054,2.8816464040048144,-0.014131215793657455
2024-06-03,2.846074659799521,2.8816464040048144,-0.012344243261719066
2024-06-04,2.8436533679632334,2.8816464040048144,-0.013184489251970528
2024-06-05,2.85099332314748,2.8816464040048144,-0.01063734982013532
2024-06-06,2.8549837571626613,2.8816464040048144,-0.009252574085806743
2024-06-07,2.8416536530162366,2.8816464040048144,-0.013878438011338666
2024-06-10,2.8356162327293988,2.8816464040048144,-0.015973566781630276
2024-06-11,2.8536094975410324,2.8816464040048144,-0.009729474936556145
2024-06-12,2.854183941915342,2.8816464040048144,-0.009530129044044384
2024-06-13,2.8610253952054485,2.8816464040048144,-0.007155981653650331
2024-06-14,2.863643673519032,2.8816464040048144,-0.006247376659663385
2024-06-17,2.869286740344872,2.8816464040048144,-0.004289097941636949
2024-06-18,2.877398289981038,2.8816464040048144,-0.0014741968403452774
2024-06-20,2.8842632050087,2.8842632050087,0.0
2024-06-21,2.8727530233861995,2.8842632050087,-0.003990683514081644
2024-06-24,2.898728457325353,2.898728457325353,0.0
2024-06-25,2.8946742259887706,2.898728457325353,-0.0013986240506029194
2024-06-26,2.8930900952592506,2.898728457325353,-0.0019451156426375793
2024-06-27,2.9020711095502545,2.9020711095502545,0.0
2024-06-28,2.893773894973464,2.9020711095502545,-0.002859066598845742
2024-07-01,2.9035378403261456,2.9035378403261456,0.0
2024-07-02,2.9164302823490202,2.9164302823490202,0.0
2024-07-03,2.9308707677410846,2.9308707677410846,0.0
2024-07-05,2.944060363523299,2.944060363523299,0.0
2024-07-08,2.9328126266578063,2.944060363523299,-0.003820484459099854
2024-07-09,2.936281925373383,2.944060363523299,-0.002642078350800911
2024-07-10,2.9596142416435645,2.9596142416435645,0.0
2024-07-11,2.964019800397855,2.964019800397855,0.0
2024-07-12,2.9720952724465786,2.9720952724465786,0.0
2024-07-15,2.9886135950783266,2.9886135950783266,0.0
2024-07-16,3.022750249411298,3.022750249411298,0.0
2024-07-17,3.036641716444479,3.036641716444479,0.0
2024-07-18,3.009361458012697,3.036641716444479,-0.008983693494049623
2024-07-19,2.987927892003216,3.036641716444479,-0.016042005936182782
2024-07-22,2.984483212605076,3.036641716444479,-0.01717637729763969
2024-07-23,2.9770276557691155,3.036641716444479,-0.019631575352644405
2024-07-24,2.969208007419973,3.036641716444479,-0.022206672805464164
2024-07-25,2.9801238307344864,3.036641716444479,-0.0186119703895024
2024-07-26,3.0058468593860312,3.036641716444479,-0.01014109003761708
2024-07-29,2.995545342503147,3.036641716444479,-0.01353349449122708
2024-07-30,3.025477137536326,3.036641716444479,-0.0036766204085562073
2024-07-31,3.0317448836252767,3.036641716444479,-0.0016125816861054078
2024-08-01,3.0220478487815936,3.036641716444479,-0.004805923459410528
2024-08-02,3.0279716319384566,3.036641716444479,-0.0028551555684263276
2024-08-05,2.967645254516448,3.036641716444479,-0.022721304773754097
2024-08-06,2.9590483424503446,3.036641716444479,-0.025552363841258856
2024-08-07,2.9654449343443376,3.036641716444479,-0.023445894757549306
2024-08-08,3.0021075269584863,3.036641716444479,-0.011372493929388437
2024-08-09,3.0204582751653164,3.036641716444479,-0.00532938778767458
2024-08-12,3.0278434323253167,3.036641716444479,-0.0028973731314814876
2024-08-13,3.0402892019319094,3.0402892019319094,0.0
2024-08-14,3.0501448847542143,3.0501448847542143,0.0
2024-08-15,3.0665496531075673,3.0665496531075673,0.0
2024-08-16,3.0858605670994748,3.0858605670994748,0.0
2024-08-19,3.09373420218788,3.09373420218788,0.0
2024-08-20,3.087637219914521,3.09373420218788,-0.0019707518082993846
2024-08-21,3.0902986324559096,3.09373420218788,-0.0011104928566717017
2024-08-22,3.083124840683077,3.09373420218788,-0.0034293060784925094
2024-08-23,3.113272675675863,3.113272675675863,0.0
2024-08-26,3.1300375030194636,3.1300375030194636,0.0
2024-08-27,3.1331407381719134,3.1331407381719134,0.0
2024-08-28,3.126805115372,3.1331407381719134,-0.0020221315700009153
2024-08-29,3.142679264627057,3.142679264627057,0.0
2024-08-30,3.1482264762848136,3.1482264762848136,0.0
2024-09-03,3.124054434037089,3.1482264762848136,-0.007677987092037186
2024-09-04,3.116732798350851,3.1482264762848136,-0.010003625270037068
2024-09-05,3.104894057501942,3.1482264762848136,-0.01376407291828875
2024-09-06,3.080091442515198,3.1482264762848136,-0.021642354602779648
2024-09-09,3.1128904909388058,3.1482264762848136,-0.011224092552486055
2024-09-10,3.0834213179178698,3.1482264762848136,-0.020584655791161383
2024-09-11,3.0817999911968905,3.1482264762848136,-0.021099652641989142
2024-09-12,3.094725618396195,3.1482264762848136,-0.016993967331014326
2024-09-13,3.10232359285026,3.1482264762848136,-0.014580553140104098
2024-09-16,3.114998147444634,3.1482264762848136,-0.010554618319388418
2024-09-17,3.1182152698085632,3.1482264762848136,-0.009532734287803275
2024-09-18,3.1119780248173874,3.1482264762848136,-0.011513927520933168
2024-09-19,3.1389009398645746,3.1482264762848136,-0.0029621555153312483
2024-09-20,3.1433231711557625,3.1482264762848136,-0.0015574817015189299
2024-09-23,3.147273538752163,3.1482264762848136,-0.00030269027334241125
2024-09-24,3.151364099339256,3.151364099339256,0.0
2024-09-25,3.130051781607546,3.151364099339256,-0.006762886502444565
2024-09-26,3.1306723393681852,3.151364099339256,-0.0065659693132282555
2024-09-27,3.1434811804257454,3.151364099339256,-0.002501430702711682
2024-09-30,3.15643783928375,3.15643783928375,0.0
2024-10-01,3.1493730739776775,3.15643783928375,-0.0022382082796458904
2024-10-02,3.1471525948100068,3.15643783928375,-0.00294168456548798
2024-10-03,3.135701906176044,3.15643783928375,-0.006569409620438234
2024-10-04,3.1542711482423678,3.15643783928375,-0.0006864355174103124
2024-10-07,3.1302930561944557,3.15643783928375,-0.008283002682298013
2024-10-08,3.1295998494877186,3.15643783928375,-0.008502619459827969
2024-10-09,3.1441610789612624,3.15643783928375,-0.003889435163175397
2024-10-10,3.1441251576770735,3.15643783928375,-0.0039008154868243796
2024-10-11,3.169715601166102,3.169715601166102,0.0
2024-10-14,3.1839274707803624,3.1839274707803624,0.0
2024-10-15,3.1872700615199565,3.1872700615199565,0.0
2024-10-16,3.194151986548515,3.194151986548515,0.0
2024-10-17,3.1879269846080587,3.194151986548515,-0.0019488746830681964
2024-10-18,3.2040948790624437,3.2040948790624437,0.0
2024-10-21,3.1837206949903707,3.2040948790624437,-0.006358795491734864
2024-10-22,3.1927159878391116,3.2040948790624437,-0.0035513590117723765
2024-10-23,3.1694735581609934,3.2040948790624437,-0.010805335736993195
2024-10-24,3.1667679125689676,3.2040948790624437,-0.011649769405205138
2024-10-25,3.152654386603615,3.2040948790624437,-0.01605460961689151
2024-10-28,3.1602082404755016,3.2040948790624437,-0.013697047136064783
2024-10-29,3.1460052296828507,3.2040948790624437,-0.018129815617879196
2024-10-30,3.146249038100305,3.2040948790624437,-0.01805372285950062
2024-10-31,3.1163868944405815,3.2040948790624437,-0.027373716426127383
2024-11-01,3.100322674040185,3.2040948790624437,-0.03238736958146005
2024-11-04,3.1073592281581828,3.2040948790624437,-0.030191256674823235
2024-11-05,3.1235035612849744,3.2040948790624437,-0.025152600287870152
2024-11-06,3.1500153016210133,3.2040948790624437,-0.016878269677599176
2024-11-07,3.153089533320034,3.2040948790624437,-0.015918800056674523
2024-11-08,3.155977813179422,3.2040948790624437,-0.015017366120288329
2024-11-11,3.1376430931242294,3.2040948790624437,-0.020739643626801373
2024-11-12,3.1201492284635,3.2040948790624437,-0.026199489642924383
2024-11-13,3.1207885442579957,3.2040948790624437,-0.025999958786746186
2024-11-14,3.120026388030028,3.2040948790624437,-0.02623782821843756
2024-11-15,3.109723791835486,3.2040948790624437,-0.02945327488384862
2024-11-18,3.130131047550534,3.2040948790624437,-0.023084157711819146
2024-11-19,3.1290886565353584,3.2040948790624437,-0.023409488594492885
2024-11-20,3.1360432986210567,3.2040948790624437,-0.02123894048396586
2024-11-21,3.162927781935326,3.2040948790624437,-0.012848276558890048
2024-11-22,3.1776260894913197,3.2040948790624437,-0.0082609256498887
2024-11-25,3.1840036560180964,3.2040948790624437,-0.006270483179395182
2024-11-26,3.1829066725632305,3.2040948790624437,-0.006612852396372604
2024-11-27,3.1853163549864765,3.2040948790624437,-0.005860789016791559
2024-11-29,3.200145954665158,3.2040948790624437,-0.0012324617548283
2024-12-02,3.1929737643765814,3.2040948790624437,-0.0034709067944693538
2024-12-03,3.1855820577684093,3.2040948790624437,-0.0057778630136731445
2024-12-04,3.167199121116379,3.2040948790624437,-0.01151518894997924
2024-12-05,3.1716017001193744,3.2040948790624437,-0.01014114131120151
2024-12-06,3.168605496440867,3.2040948790624437,-0.011076258338505058
2024-12-09,3.166413170632891,3.2040948790624437,-0.011760484583583551
2024-12-10,3.1687995142102423,3.2040948790624437,-0.01101570527228871
2024-12-11,3.1597283991456155,3.2040948790624437,-0.013846805912879316
2024-12-12,3.152351492877023,3.2040948790624437,-0.0161491429369162
2024-12-13,3.134287811156465,3.2040948790624437,-0.02178682921100169
2024-12-16,3.1227702422701955,3.2040948790624437,-0.025381469607430842
2024-12-17,3.133015404105103,3.2040948790624437,-0.022183948241301574
2024-12-18,3.0738135178403727,3.2040948790624437,-0.04066089368121112
2024-12-19,3.0666022352826032,3.2040948790624437,-0.04291153944232528
2024-12-20,3.096533880332599,3.2040948790624437,-0.03356985444866681
2024-12-23,3.098615896542509,3.2040948790624437,-0.03292005589759543
2024-12-24,3.120912380539537,3.2040948790624437,-0.02596130940643275
2024-12-26,3.1238567863054985,3.2040948790624437,-0.02504235853977704
2024-12-27,3.1033204011100044,3.2040948790624437,-0.03145177710278265
2024-12-30,3.082848012160174,3.2040948790624437,-0.037841222397804894
2024-12-31,3.0911586400131092,3.2040948790624437,-0.03524747028789015
2025-01-02,3.08170784935643,3.2040948790624437,-0.03819706791636139
2025-01-03,3.0886223116865916,3.2040948790624437,-0.03603905993247015
2025-01-06,3.081639357608494,3.2040948790624437,-0.038218444233393524
2025-01-07,3.0851271093594406,3.2040948790624437,-0.0371299147476602
2025-01-08,3.0775680834781993,3.2040948790624437,-0.03948909141581589
2025-01-10,3.052431499438309,3.2040948790624437,-0.047334234892729955
2025-01-13,3.0719941525485184,3.2040948790624437,-0.04122871871777392
2025-01-14,3.0818846090138994,3.2040948790624437,-0.038141901117580056
2025-01-15,3.118787191621716,3.2040948790624437,-0.026624582186433175
2025-01-16,3.1191007099044823,3.2040948790624437,-0.026526732935833578
2025-01-17,3.1364849110489468,3.2040948790624437,-0.021101112971186553
2025-01-21,3.141200168843163,3.2040948790624437,-0.019629478087641546
2025-01-22,3.1266934273002858,3.2040948790624437,-0.024157041125076342
2025-01-23,3.133880937349809,3.2040948790624437,-0.02191381477853748
2025-01-24,3.131421302902444,3.2040948790624437,-0.022681468215842864
2025-01-27,3.1743159812445936,3.2040948790624437,-0.009294012487721277
2025-01-28,3.1737496740684157,3.2040948790624437,-0.009470757308818335
2025-01-29,3.1779725286214306,3.2040948790624437,-0.008152801782404392
2025-01-30,3.2026557714079873,3.2040948790624437,-0.0004491463919687449
2025-01-31,3.179161719744637,3.2040948790624437,-0.007781654494920125
2025-02-03,3.1670833669367235,3.2040948790624437,-0.011551315901278864
2025-02-04,3.1954268344976753,3.2040948790624437,-0.0027053020874665277
2025-02-05,3.2149672545386068,3.2149672545386068,0.0
2025-02-06,3.2191906669294954,3.2191906669294954,0.0
2025-02-07,3.206117452475867,3.2191906669294954,-0.0040610252098232874
2025-02-10,3.223018283757435,3.223018283757435,0.0
2025-02-11,3.260454238734808,3.260454238734808,0.0
2025-02-12,3.254324403079494,3.260454238734808,-0.001880055724288441
2025-02-13,3.2915277105360197,3.2915277105360197,0.0
2025-02-14,3.287011684371819,3.2915277105360197,-0.001372015234672092
2025-02-18,3.303454654573136,3.303454654573136,0.0
2025-02-19,3.3192405043261424,3.3192405043261424,0.0
2025-02-20,3.313330430313539,3.3192405043261424,-0.001780550100211276
2025-02-21,3.31612155492188,3.3192405043261424,-0.0009396575512372188
2025-02-24,3.317190372223123,3.3192405043261424,-0.000617650965739678
2025-02-25,3.3159581579690474,3.3192405043261424,-0.000988884762287323
2025-02-26,3.2977464770530682,3.3192405043261424,-0.006475585979702236
2025-02-27,3.2817861561539967,3.3192405043261424,-0.011284011545210242
2025-02-28,3.3169602082404808,3.3192405043261424,-0.000686993329555232
2025-03-03,3.3030959049412703,3.3192405043261424,-0.00486394383408795
2025-03-04,3.2590494393752367,3.3192405043261424,-0.018133987239687947
2025-03-05,3.2534464713762365,3.3192405043261424,-0.019822014362669102
2025-03-06,3.2464027125756734,3.3192405043261424,-0.021944113918691836
2025-03-07,3.2599945231143472,3.3192405043261424,-0.017849258327191628
2025-03-10,3.2261220605831946,3.3192405043261424,-0.028054141789840642
2025-03-11,3.1912394235021515,3.3192405043261424,-0.0385633643169756
2025-03-12,3.170050555942595,3.3192405043261424,-0.04494701368855324
2025-03-13,3.1541018576473077,3.3192405043261424,-0.04975193766875306
2025-03-14,3.191741377741739,3.3192405043261424,-0.038412138686011704
2025-03-17,3.2147225440944696,3.3192405043261424,-0.031488516754193924
2025-03-18,3.213610091361765,3.3192405043261424,-0.031823669549315196
2025-03-19,3.2362063598232598,3.3192405043261424,-0.025016007244627134
2025-03-20,3.2367756541647688,3.3192405043261424,-0.024844493809319572
2025-03-21,3.237654565022027,3.3192405043261424,-0.02457970104841156
2025-03-24,3.2561418423677977,3.3192405043261424,-0.01900996986392063
2025-03-25,3.265763974524669,3.3192405043261424,-0.016111074124268612
2025-03-26,3.2684925741233877,3.3192405043261424,-0.015289018718773835
2025-03-27,3.2776865365390475,3.3192405043261424,-0.012519119278321462
2025-03-28,3.2573058665603174,3.3192405043261424,-0.018659279942234458
2025-03-31,3.2985993251765393,3.3192405043261424,-0.006218645236071419
2025-04-01,3.272250491142639,3.3192405043261424,-0.014156857004564352
2025-04-02,3.2816057521829047,3.3192405043261424,-0.011338362524254048
2025-04-03,3.195133151575413,3.3192405043261424,-0.037390286298619756
2025-04-04,3.0448372543972217,3.3192405043261424,-0.08267049331655127
2025-04-07,2.9979478626604936,3.3192405043261424,-0.09679703572154262
2025-04-08,2.9634529139841583,3.3192405043261424,-0.10718945791311812
2025-04-09,3.1340309111574713,3.3192405043261424,-0.05579878677886629
2025-04-10,3.063822768794847,3.3192405043261424,-0.07695065639214632
2025-04-11,3.1346826098470384,3.3192405043261424,-0.055602447077444335
2025-04-14,3.1585673567639927,3.3192405043261424,-0.04840660004984147
2025-04-15,3.151295231762744,3.3192405043261424,-0.050597500345186355
2025-04-16,3.1401929331256397,3.3192405043261424,-0.053942331375849514
2025-04-17,3.1716481387181465,3.3192405043261424,-0.04446570395113908
2025-04-21,3.1463261490295795,3.3192405043261424,-0.052094554483531515
2025-04-22,3.197104155858917,3.3192405043261424,-0.036796474466986875
2025-04-23,3.203612521265744,3.3192405043261424,-0.03483567488095372
2025-04-24,3.234997649105815,3.3192405043261424,-0.025380160042795624
2025-04-25,3.231940149065253,3.3192405043261424,-0.026301304514423206
2025-04-28,3.243067270330245,3.3192405043261424,-0.02294899507782474
2025-04-29,3.253085399658352,3.3192405043261424,-0.019930795789448435
2025-04-30,3.241319485956949,3.3192405043261424,-0.023475556612313746
2025-05-01,3.2277870136989115,3.3192405043261424,-0.027552535138093987
2025-05-02,3.2322379706354605,3.3192405043261424,-0.026211578696176692
2025-05-05,3.2133012476954503,3.3192405043261424,-0.03191671603567617
2025-05-06,3.220843242680077,3.3192405043261424,-0.029644511001182098
2025-05-07,3.2246533568669267,3.3192405043261424,-0.02849662365108381
2025-05-08,3.2187459060840684,3.3192405043261424,-0.030276383441059488
2025-05-09,3.220560663325324,3.3192405043261424,-0.0297296447401759
2025-05-12,3.2563575169739596,3.3192405043261424,-0.01894499276874455
2025-05-13,3.250622471270387,3.3192405043261424,-0.020672811435725066
2025-05-14,3.234661820293176,3.3192405043261424,-0.02548133644510858
2025-05-15,3.275188047757894,3.3192405043261424,-0.013271848337242329
2025-05-16,3.2791320282786534,3.3192405043261424,-0.012083630576095197
2025-05-19,3.270982155701363,3.3192405043261424,-0.014538973166265515
2025-05-20,3.2676860766138396,3.3192405043261424,-0.01553199523960652
2025-05-21,3.23489933061072,3.3192405043261424,-0.025409780823503432
2025-05-22,3.2233685209653617,3.3192405043261424,-0.028883710968164427
2025-05-23,3.2226628313530337,3.3192405043261424,-0.0290963167168013
2025-05-27,3.253349178890872,3.3192405043261424,-0.019851326033588336
2025-05-28,3.2347028209672337,3.3192405043261424,-0.02546898401870133
2025-05-29,3.250118097669493,3.3192405043261424,-0.020824765956717648
2025-05-30,3.2551004301599624,3.3192405043261424,-0.019323720014437877
2025-06-02,3.270076984549849,3.3192405043261424,-0.014811677464231881
2025-06-03,3.269364944700919,3.3192405043261424,-0.015026196372398354
2025-06-04,3.266595457572832,3.3192405043261424,-0.01586057011677674
2025-06-05,3.251591527291767,3.3192405043261424,-0.02038086030409813
2025-06-06,3.273555909840917,3.3192405043261424,-0.01376356863134274
2025-06-09,3.2785694637459284,3.3192405043261424,-0.012253116496742327
2025-06-10,3.3037807605310467,3.3192405043261424,-0.004657614829340062
2025-06-11,3.30078030519124,3.3192405043261424,-0.005561573230635843
2025-06-12,3.3197676300378753,3.3197676300378753,0.0
2025-06-13,3.3118437777994463,3.3197676300378753,-0.0023868695407270597
2025-06-16,3.311772492888076,3.3197676300378753,-0.002408342402479553
2025-06-17,3.2991358185000674,3.3197676300378753,-0.006214836047899087
2025-06-18,3.296518614304735,3.3197676300378753,-0.007003205743311369
2025-06-20,3.3061710526237587,3.3197676300378753,-0.004095641300641744
2025-06-23,3.317758437771633,3.3197676300378753,-0.0006052207534234151
2025-06-24,3.31337844483513,3.3197676300378753,-0.0019245880780734716
2025-06-25,3.319056681737772,3.3197676300378753,-0.0002141560432334931
2025-06-26,3.3341397972821087,3.3341397972821087,0.0
2025-06-27,3.327746753692047,3.3341397972821087,-0.0019174491709295733
2025-06-30,3.34873517293853,3.34873517293853,0.0
2025-07-01,3.379222755948341,3.379222755948341,0.0
2025-07-02,3.39403623542009,3.39403623542009,0.0
2025-07-03,3.4098840469154736,3.4098840469154736,0.0
2025-07-07,3.3817768328041775,3.4098840469154736,-0.008242865072412496
2025-07-08,3.3719557525112553,3.4098840469154736,-0.011123045206926502
2025-07-09,3.3789374265373335,3.4098840469154736,-0.009075563846851016
2025-07-10,3.4011712795355376,3.4098840469154736,-0.0025551506327077373
2025-07-11,3.393758968231727,3.4098840469154736,-0.004728922878868354
2025-07-14,3.381551581727528,3.4098840469154736,-0.008308923352855602
2025-07-15,3.364006972397177,3.4098840469154736,-0.013454145034578662
2025-07-16,3.392108327684129,3.4098840469154736,-0.005212998150897303
2025-07-17,3.4007468175204543,3.4098840469154736,-0.002679630529749176
2025-07-18,3.389159401895928,3.4098840469154736,-0.006077815179168019
2025-07-21,3.4065661047518945,3.4098840469154736,-0.0009730366540118939
2025-07-22,3.426450240598183,3.426450240598183,0.0
2025-07-23,3.435135189859554,3.435135189859554,0.0
2025-07-24,3.4349704645429586,3.435135189859554,-4.795308117181818e-05
2025-07-25,3.4344831707741155,3.435135189859554,-0.0001898088574107378
2025-07-28,3.420702362400701,3.435135189859554,-0.004201531136666357
2025-07-29,3.439127550925475,3.439127550925475,0.0
2025-07-30,3.418367041502081,3.439127550925475,-0.006036562795644947
2025-07-31,3.3992143382920066,3.439127550925475,-0.011605621496279707
2025-08-01,3.39157733166131,3.439127550925475,-0.013826244755408798
2025-08-04,3.412082602846618,3.439127550925475,-0.007863897944575923
2025-08-05,3.4057723356419927,3.439127550925475,-0.009698743297411709
2025-08-06,3.426879109342822,3.439127550925475,-0.0035614967462771394
2025-08-07,3.442316084958409,3.442316084958409,0.0
2025-08-08,3.4720830965759673,3.4720830965759673,0.0
2025-08-11,3.4628821561825873,3.4720830965759673,-0.002649977013065597
2025-08-12,3.4729349622112093,3.4729349622112093,0.0
2025-08-13,3.491455314200649,3.491455314200649,0.0
2025-08-14,3.4841397779489767,3.491455314200649,-0.0020952684749874838
2025-08-15,3.480124443668765,3.491455314200649,-0.0032453144927269734
2025-08-18,3.4733984528509816,3.491455314200649,-0.005171729185885699
2025-08-19,3.482217038476508,3.491455314200649,-0.0026459670517810325
2025-08-20,3.490778526510429,3.491455314200649,-0.00019384114339569112
2025-08-21,3.484847769258897,3.491455314200649,-0.001892490193094377
2025-08-22,3.5178801494520457,3.5178801494520457,0.0
2025-08-25,3.502607650936861,3.5178801494520457,-0.004341392505245957
2025-08-26,3.513178216249226,3.5178801494520457,-0.0013365814078549942
2025-08-27,3.524211598073687,3.524211598073687,0.0
2025-08-28,3.5345261100658942,3.5345261100658942,0.0
2025-08-29,3.5447966396642716,3.5447966396642716,0.0
2025-09-02,3.545770457502949,3.545770457502949,0.0
2025-09-03,3.561768529492278,3.561768529492278,0.0
2025-09-04,3.5748437619349147,3.5748437619349147,0.0
2025-09-05,3.5569481952799906,3.5748437619349147,-0.005005971686224956
2025-09-08,3.561758963670267,3.5748437619349147,-0.0036602433941240425
2025-09-09,3.563306758366229,3.5748437619349147,-0.0032272749068175837
2025-09-10,3.562633620441848,3.5748437619349147,-0.003415573464519134
2025-09-11,3.5865752176441386,3.5865752176441386,0.0
2025-09-12,3.5901588934504933,3.5901588934504933,0.0
2025-09-15,3.6033569116094393,3.6033569116094393,0.0
2025-09-16,3.6149305333998716,3.6149305333998716,0.0
2025-09-17,3.6248236060611387,3.6248236060611387,0.0
2025-09-18,3.6034578552644527,3.6248236060611387,-0.00589428703812233
2025-09-19,3.626923973369012,3.626923973369012,0.0
2025-09-22,3.6416421508548,3.6416421508548,0.0
2025-09-23,3.6591832322154785,3.6591832322154785,0.0
2025-09-24,3.6499756624654807,3.6591832322154785,-0.0025162909768863977
2025-09-25,3.6616210673728955,3.6616210673728955,0.0
2025-09-26,3.6771754202845184,3.6771754202845184,0.0
2025-09-29,3.6831440962279958,3.6831440962279958,0.0
2025-09-30,3.693116709353554,3.693116709353554,0.0
2025-10-01,3.6928468843843008,3.693116709353554,-7.306158740389162e-05
2025-10-02,3.6836967449465607,3.693116709353554,-0.0025506814835110094
2025-10-03,3.7103896454867376,3.7103896454867376,0.0
2025-10-06,3.714537458340019,3.714537458340019,0.0
2025-10-07,3.722156973186796,3.722156973186796,0.0
2025-10-08,3.7266271388728067,3.7266271388728067,0.0
2025-10-09,3.7119979192705994,3.7266271388728067,-0.003925592514906713
2025-10-10,3.6834211788137416,3.7266271388728067,-0.011593851074710304
2025-10-13,3.721806087704848,3.7266271388728067,-0.0012936768258003737
2025-10-14,3.722389009948839,3.7266271388728067,-0.0011372559598891929
2025-10-15,3.7350028670389537,3.7350028670389537,0.0
2025-10-16,3.7335971467377678,3.7350028670389537,-0.00037636391489582436
2025-10-17,3.7496358391170954,3.7496358391170954,0.0
2025-10-20,3.8025507134834093,3.8025507134834093,0.0
2025-10-21,3.781842421934653,3.8025507134834093,-0.005445894902946847
2025-10-22,3.775508238517291,3.8025507134834093,-0.007111667142328623
2025-10-23,3.77799641259337,3.8025507134834093,-0.006457323712468201
2025-10-24,3.7867989887135307,3.8025507134834093,-0.004142410175891886
2025-10-27,3.8018274406921977,3.8025507134834093,-0.0001902072702533608
2025-10-28,3.7916858041511716,3.8025507134834093,-0.0028572687521857343
2025-10-29,3.779581277301241,3.8025507134834093,-0.006040533818713163
2025-10-30,3.793388931672142,3.8025507134834093,-0.0024093779417013027
2025-10-31,3.7893647067412113,3.8025507134834093,-0.003467674131325056
2025-11-03,3.7694864820325873,3.8025507134834093,-0.008695276918616776
2025-11-04,3.7661540887826805,3.8025507134834093,-0.009571634264250712
2025-11-05,3.7668812613266347,3.8025507134834093,-0.009380401431674493
2025-11-06,3.7771139375525737,3.8025507134834093,-0.006689398208586595
2025-11-07,3.798775777459698,3.8025507134834093,-0.0009927378510234937
2025-11-10,3.833804378295332,3.833804378295332,0.0
2025-11-11,3.8749306749310235,3.8749306749310235,0.0
2025-11-12,3.8820940760406693,3.8820940760406693,0.0
2025-11-13,3.8505719595912464,3.8820940760406693,-0.008119874436832836
2025-11-14,3.837517789790842,3.8820940760406693,-0.011482536326190807
2025-11-17,3.8141277379188785,3.8820940760406693,-0.01750764839555597
2025-11-18,3.8219830344506596,3.8820940760406693,-0.015484179520790148
2025-11-19,3.830316334169471,3.8820940760406693,-0.013337580402998915
2025-11-20,3.8135759297405243,3.8820940760406693,-0.017649790282781175
2025-11-21,3.8416765958353083,3.8820940760406693,-0.01041125727859294
2025-11-24,3.8650341624306233,3.8820940760406693,-0.004394513186925477
2025-11-25,3.879186355963721,3.8820940760406693,-0.0007490081435413988
2025-11-26,3.9019947747036494,3.9019947747036494,0.0
2025-11-28,3.9243021078232387,3.9243021078232387,0.0
2025-12-01,3.9140794053887125,3.9243021078232387,-0.0026049733567012965
2025-12-02,3.9019911690239772,3.9243021078232387,-0.005685326508064663
2025-12-03,3.9188385901360157,3.9243021078232387,-0.001392226576116901
2025-12-04,3.905121785616187,3.9243021078232387,-0.0048875753395272534
2025-12-05,3.8909996044057804,3.9243021078232387,-0.008486223155722027
2025-12-08,3.8840178373492007,3.9243021078232387,-0.01026533364842882
2025-12-09,3.8671073809903107,3.9243021078232387,-0.014574496371955735
2025-12-10,3.914480568234812,3.9243021078232387,-0.00250274808579271
2025-12-11,3.9309332041955107,3.9309332041955107,0.0
2025-12-12,3.9366086027662526,3.9366086027662526,0.0
2025-12-15,3.9363687020301934,3.9366086027662526,-6.0940967280972526e-05
2025-12-16,3.9036452199404432,3.9366086027662526,-0.008373548440311287
2025-12-17,3.9123166689346354,3.9366086027662526,-0.006170777001947128
2025-12-18,3.904556808730428,3.9366086027662526,-0.008141981403307894
2025-12-19,3.9109300396413045,3.9366086027662526,-0.00652301656479229
2025-12-22,3.937851120343839,3.937851120343839,0.0
2025-12-23,3.9535155348252347,3.9535155348252347,0.0
2025-12-24,3.969420906786277,3.969420906786277,0.0
2025-12-26,3.9683729775905108,3.969420906786277,-0.00026400052309261785
2025-12-29,3.949044375436949,3.969420906786277,-0.005133376335699686
2025-12-30,3.94559913648253,3.969420906786277,-0.006001321316925775
2025-12-31,3.9271118696204455,3.969420906786277,-0.010658742965125843
2026-01-02,3.9379758929604587,3.969420906786277,-0.007921813928086793
2026-01-05,3.9580295057796953,3.969420906786277,-0.002869789139042092
2026-01-06,3.9427362967940223,3.969420906786277,-0.006722544829305909
2026-01-07,3.918174839250558,3.969420906786277,-0.012910212532036313
2026-01-08,3.9475752189826783,3.969420906786277,-0.00550349492195464
2026-01-09,3.9690919168579897,3.969420906786277,-8.288108921001414e-05
2026-01-12,3.9828511871835315,3.9828511871835315,0.0
2026-01-13,3.987309937533652,3.987309937533652,0.0
2026-01-14,4.013157065121592,4.013157065121592,0.0
2026-01-15,4.001701240831243,4.013157065121592,-0.0028545666427841226
2026-01-16,3.9965701258281006,4.013157065121592,-0.00413313982591137
2026-01-20,3.9763947496501864,4.013157065121592,-0.009160447716065659
2026-01-21,4.007270525540033,4.013157065121592,-0.0014668101661704876
2026-01-22,4.025609277063776,4.025609277063776,0.0
2026-01-23,4.039542520710733,4.039542520710733,0.0
2026-01-26,4.0729325730265975,4.0729325730265975,0.0
2026-01-27,4.109988407838582,4.109988407838582,0.0
2026-01-28,4.132734215012782,4.132734215012782,0.0
2026-01-29,4.159280038625382,4.159280038625382,0.0
2026-01-30,4.115893876377522,4.159280038625382,-0.010431171223132741
2026-02-02,4.12162412255632,4.159280038625382,-0.009053469763845608
2026-02-03,4.197243414645586,4.197243414645586,0.0
2026-02-04,4.230994826212176,4.230994826212176,0.0
2026-02-05,4.213097087875541,4.230994826212176,-0.00423014895356373
2026-02-06,4.283815501733216,4.283815501733216,0.0
2026-02-09,4.290701252840879,4.290701252840879,0.0
2026-02-10,4.274679147175733,4.290701252840879,-0.0037341461735510327
2026-02-11,4.300864812016822,4.300864812016822,0.0
2026-02-12,4.2349818893060664,4.300864812016822,-0.015318529084354176
2026-02-13,4.229488951511868,4.300864812016822,-0.016595699614999685
2026-02-17,4.237096075394084,4.300864812016822,-0.014826956765663646
2026-02-18,4.272874820611869,4.300864812016822,-0.00650799144552213
2026-02-19,4.265931537300974,4.300864812016822,-0.008122383809470763
2026-02-20,4.275684966342906,4.300864812016822,-0.005854600591853459
2026-02-23,4.2921402991542354,4.300864812016822,-0.0020285484998759846
2026-02-24,4.300452314435885,4.300864812016822,-9.59103805782904e-05
2026-02-25,4.313869634313612,4.313869634313612,0.0
2026-02-26,4.314753229884172,4.314753229884172,0.0
2026-02-27,4.3273991579896665,4.3273991579896665,0.0
2026-03-02,4.322930437779586,4.3273991579896665,-0.0010326572721699521
2026-03-03,4.277661361578534,4.3273991579896665,-0.0114936927690854
2026-03-04,4.261319549577437,4.3273991579896665,-0.015270051594437884
2026-03-05,4.218614058584702,4.3273991579896665,-0.025138679246658985
2026-03-06,4.208383583526948,4.3273991579896665,-0.02750279558634664
2026-03-09,4.229529126217521,4.3273991579896665,-0.02261636336260963
2026-03-10,4.223643283487986,4.3273991579896665,-0.02397649736334496
2026-03-11,4.221161613662957,4.3273991579896665,-0.0245499757355554
2026-03-12,4.187625342708657,4.3273991579896665,-0.03229972789150862
2026-03-13,4.174248664294299,4.3273991579896665,-0.035390886789956964
2026-03-16,4.204330021226707,4.3273991579896665,-0.02843951580841278
2026-03-17,4.2027887093605845,4.3273991579896665,-0.02879569091726009
2026-03-18,4.151816017145981,4.3273991579896665,-0.04057475042936747
2026-03-19,4.130398341473983,4.3273991579896665,-0.04552406868961035
2026-03-20,4.087500765922291,4.3273991579896665,-0.05543708433377387
2026-03-23,4.105080360769278,4.3273991579896665,-0.05137469161122384
2026-03-24,4.116129914438801,4.3273991579896665,-0.048821297929219104
2026-03-25,4.1543535319372324,4.3273991579896665,-0.039988367084866736
2026-03-26,4.11668204334944,4.3273991579896665,-0.04869370884152887
2026-03-27,4.126198449639784,4.3273991579896665,-0.046494603572311194
2026-03-30,4.13802661726727,4.3273991579896665,-0.04376128335024474
2026-03-31,4.2032892393576295,4.3273991579896665,-0.02868002559987864
2026-04-01,4.193933146476103,4.3273991579896665,-0.03084208473515686
2026-04-02,4.188563860591361,4.3273991579896665,-0.03208284984341555
2026-04-06,4.205945730839423,4.3273991579896665,-0.028066148445309167
2026-04-07,4.191048049864603,4.3273991579896665,-0.031508789262788085
2026-04-08,4.230459067171222,4.3273991579896665,-0.02240146732003312
2026-04-09,4.2457012607741955,4.3273991579896665,-0.018879214565781923
2026-04-10,4.222564195432335,4.3273991579896665,-0.02422585916618635
2026-04-13,4.2231891177307785,4.3273991579896665,-0.02408144856859002
2026-04-14,4.228622206453764,4.3273991579896665,-0.022825939537731536
2026-04-15,4.223622996755353,4.3273991579896665,-0.023981185336858075
2026-04-16,4.222529758076404,4.3273991579896665,-0.024233817146181735
2026-04-17,4.238904618439079,4.3273991579896665,-0.02044982131754588
2026-04-20,4.24490224160744,4.3273991579896665,-0.019063856457501277
2026-04-21,4.189967469941526,4.3273991579896665,-0.0317584958148362
2026-04-22,4.220439364049146,4.3273991579896665,-0.024716877282522143
2026-04-23,4.236297152856863,4.3273991579896665,-0.021052369288514176
2026-04-24,4.223210326387989,4.3273991579896665,-0.024076547551504103
2026-04-27,4.2006628408391125,4.3273991579896665,-0.02928694870140672
2026-04-28,4.229048728355479,4.3273991579896665,-0.022727376431777403
2026-04-29,4.231357410325092,4.3273991579896665,-0.02219387307668456
2026-04-30,4.257078982503855,4.3273991579896665,-0.01624998594270635
2026-05-01,4.262976407156099,4.3273991579896665,-0.014887175525424718
2026-05-04,4.225418402855155,4.3273991579896665,-0.023566292687889612
2026-05-05,4.263368343993494,4.3273991579896665,-0.014796604532760183
2026-05-06,4.288313522323198,4.3273991579896665,-0.009032130903456207
2026-05-07,4.252012264523015,4.3273991579896665,-0.01742083193954158
2026-05-08,4.255079535525538,4.3273991579896665,-0.016712029517916078
2026-05-11,4.270480269544686,4.3273991579896665,-0.01315314034294504
2026-05-12,4.29606050103745,4.3273991579896665,-0.007241915018251913
2026-05-13,4.313754238790903,4.3273991579896665,-0.0031531455039387705
2026-05-14,4.319322120987443,4.3273991579896665,-0.001866487630869689
2026-05-15,4.307023701471652,4.3273991579896665,-0.0047084763328094975
2026-05-18,4.325006243284571,4.3273991579896665,-0.0005529683344965162
2026-05-19,4.3162499687412215,4.3273991579896665,-0.002576418038040302
2026-05-20,4.327833784685835,4.327833784685835,0.0
2026-05-21,4.336842625084645,4.336842625084645,0.0
2026-05-22,4.357553227382103,4.357553227382103,0.0
2026-05-26,4.332505651474539,4.357553227382103,-0.005748082605203658
2026-05-27,4.3212468820192385,4.357553227382103,-0.008331819135271035
2026-05-28,4.3183696648995245,4.357553227382103,-0.008992101860364116
2026-05-29,4.30100943127303,4.357553227382103,-0.012976042553826107
2026-06-01,4.288788585235481,4.357553227382103,-0.015780562751251535
2026-06-02,4.312612481657817,4.357553227382103,-0.01031329816968973
2026-06-03,4.306662858878701,4.357553227382103,-0.011678656770872176
2026-06-04,4.330930789252359,4.357553227382103,-0.006109492355125577
2026-06-05,4.312309891586646,4.357553227382103,-0.010382738531145245
2026-06-08,4.305370500714304,4.357553227382103,-0.011975235629915398
2026-06-09,4.294641546968921,4.357553227382103,-0.01443738656314179
2026-06-10,4.282590527461368,4.357553227382103,-0.01720293385051097
2026-06-11,4.30893807457001,4.357553227382103,-0.011156525296490583
2026-06-12,4.322899688391207,4.357553227382103,-0.007952522248756293
2026-06-15,4.311861258182866,4.357553227382103,-0.010485693877958085
2026-06-16,4.336310527223185,4.357553227382103,-0.00487491467124993
2026-06-17,4.307049491360227,4.357553227382103,-0.01158992980384468
2026-06-18,4.27545788153331,4.357553227382103,-0.01883978039164735
2026-06-22,4.284998888364919,4.357553227382103,-0.016650247336341104
2026-06-23,4.29535816873615,4.357553227382103,-0.01427293148254165
2026-06-24,4.278279059798025,4.357553227382103,-0.018192357831898185
2026-06-25,4.26395821087018,4.357553227382103,-0.02147880051671849
2026-06-26,4.305263957182676,4.357553227382103,-0.01199968594091973
2026-06-29,4.310472490203457,4.357553227382103,-0.010804397496007243
2026-06-30,4.303387092914386,4.357553227382103,-0.012430401108435333
2026-07-01,4.3210962442657745,4.357553227382103,-0.008366388478570694
2026-07-02,4.399506327553953,4.399506327553953,0.0
2026-07-06,4.40668702754701,4.40668702754701,0.0
2026-07-07,4.435736499152236,4.435736499152236,0.0
2026-07-08,4.404681253566809,4.435736499152236,-0.007001147518875897
2026-07-09,4.4003344625342065,4.435736499152236,-0.007981095501230958
2026-07-10,4.407853820752476,4.435736499152236,-0.006285918562811227
2026-07-13,4.415280575605015,4.435736499152236,-0.004611618285065083
2026-07-14,4.421198401845739,4.435736499152236,-0.003277493446528116
2026-07-15,4.432133354770625,4.435736499152236,-0.00081229901332061
2026-07-16,4.4504115768703985,4.4504115768703985,0.0
2026-07-17,4.439885849115361,4.4504115768703985,-0.0023651133323805704
2026-07-20,4.416435894454596,4.4504115768703985,-0.007634278724327581
2026-07-21,4.458088653780239,4.458088653780239,0.0
2026-07-22,4.486838663262076,4.486838663262076,0.0
